# This file uses centimeters as units for non-parametric coordinates.

mtllib AABattery.mtl
adobe_mdllib AABattery.mdl
g default
v 1.806428 0.702975 -1.600104
v -2.000305 0.702975 1.640453
v -1.980264 0.962472 1.512663
v -1.963613 0.977118 1.492239
v -1.953925 0.999461 1.474458
v -2.029568 0.923717 1.454744
v -2.015700 0.936176 1.431051
v -2.010257 0.955181 1.408284
v -2.068697 0.863353 1.408780
v -2.057037 0.872405 1.382493
v -2.054962 0.886213 1.355767
v -2.093818 0.787291 1.379269
v -2.083577 0.792050 1.351316
v -2.083665 0.799309 1.322050
v -2.102475 0.702975 1.369100
v -2.092722 0.702975 1.340573
v -2.093555 0.702975 1.310432
v -2.093818 0.618659 1.379269
v -2.083577 0.613900 1.351316
v -2.083665 0.606641 1.322050
v -2.068697 0.542597 1.408780
v -2.057037 0.533545 1.382493
v -2.054962 0.519737 1.355768
v -2.029568 0.482233 1.454744
v -2.015700 0.469774 1.431051
v -2.010257 0.450769 1.408284
v -1.980264 0.443477 1.512663
v -1.963613 0.428831 1.492239
v -1.953924 0.406489 1.474458
v -1.925609 0.430123 1.576866
v -1.905874 0.414723 1.560066
v -1.891480 0.391231 1.547813
v -1.870955 0.443477 1.641070
v -1.848135 0.428831 1.627893
v -1.829035 0.406489 1.621167
v -1.821651 0.482233 1.698988
v -1.796048 0.469774 1.689081
v -1.772703 0.450769 1.687342
v -1.782523 0.542597 1.744953
v -1.754711 0.533545 1.737639
v -1.727998 0.519737 1.739858
v -1.757401 0.618659 1.774464
v -1.728171 0.613900 1.768816
v -1.699295 0.606641 1.773576
v -1.748744 0.702975 1.784632
v -1.719026 0.702975 1.779559
v -1.689405 0.702975 1.785194
v -1.757401 0.787291 1.774464
v -1.728171 0.792050 1.768816
v -1.699295 0.799309 1.773576
v -1.782523 0.863353 1.744953
v -1.754711 0.872405 1.737639
v -1.727998 0.886213 1.739858
v -1.821651 0.923717 1.698988
v -1.796048 0.936175 1.689081
v -1.772703 0.955181 1.687342
v -1.870955 0.962472 1.641070
v -1.848135 0.977118 1.627893
v -1.829035 0.999461 1.621167
v -1.925609 0.975826 1.576866
v -1.905874 0.991226 1.560066
v -1.891480 1.014719 1.547813
v -2.044072 0.941864 1.575776
v -2.025036 0.954571 1.554147
v -2.089461 0.906186 1.522456
v -2.072840 0.916996 1.497993
v -2.125482 0.850616 1.480142
v -2.110776 0.858470 1.453429
v -2.148609 0.780595 1.452976
v -2.135133 0.784724 1.424815
v -2.156578 0.702975 1.443614
v -2.143526 0.702975 1.414956
v -2.148609 0.625355 1.452976
v -2.135133 0.621226 1.424815
v -2.125482 0.555333 1.480142
v -2.110776 0.547480 1.453429
v -2.089461 0.499764 1.522456
v -2.072839 0.488954 1.497993
v -2.044072 0.464086 1.575776
v -2.025036 0.451378 1.554148
v -1.993759 0.451792 1.634879
v -1.972046 0.438431 1.616396
v -1.943445 0.464086 1.693985
v -1.919056 0.451378 1.678645
v -1.898056 0.499764 1.747303
v -1.871252 0.488954 1.734800
v -1.862035 0.555333 1.789618
v -1.833316 0.547480 1.779366
v -1.838909 0.625355 1.816784
v -1.808959 0.621226 1.807977
v -1.830939 0.702975 1.826146
v -1.800566 0.702975 1.817837
v -1.838909 0.780595 1.816784
v -1.808959 0.784724 1.807977
v -1.862035 0.850616 1.789618
v -1.833316 0.858470 1.779366
v -1.898056 0.906186 1.747303
v -1.871252 0.916995 1.734800
v -1.943445 0.941864 1.693985
v -1.919056 0.954571 1.678645
v -1.993759 0.954158 1.634879
v -1.972046 0.967519 1.616396
v -1.985665 1.222522 1.406296
v -2.084378 1.144928 1.290336
v -2.162718 1.024072 1.198309
v -2.213015 0.871786 1.139224
v -2.230346 0.702975 1.118865
v -2.213015 0.534164 1.139224
v -2.162718 0.381877 1.198309
v -2.084378 0.261022 1.290336
v -1.985665 0.183428 1.406296
v -1.876240 0.156691 1.534839
v -1.766815 0.183428 1.663383
v -1.668101 0.261022 1.779343
v -1.589762 0.381877 1.871369
v -1.539465 0.534164 1.930454
v -1.522133 0.702975 1.950814
v -1.539465 0.871786 1.930454
v -1.589762 1.024072 1.871369
v -1.668101 1.144927 1.779343
v -1.766815 1.222521 1.663383
v -1.876240 1.249259 1.534839
v -1.971732 1.216652 1.396940
v -2.069330 1.139935 1.282290
v -2.146784 1.020445 1.191303
v -2.196513 0.869879 1.132885
v -2.213648 0.702975 1.112756
v -2.196513 0.536071 1.132886
v -2.146784 0.385505 1.191303
v -2.069330 0.266015 1.282290
v -1.971731 0.189298 1.396940
v -1.863543 0.162863 1.524031
v -1.755354 0.189298 1.651122
v -1.657756 0.266015 1.765772
v -1.580301 0.385505 1.856760
v -1.530573 0.536071 1.915176
v -1.513437 0.702975 1.935305
v -1.530573 0.869879 1.915176
v -1.580302 1.020444 1.856760
v -1.657756 1.139934 1.765772
v -1.755354 1.216651 1.651122
v -1.863543 1.243086 1.524031
v 1.564703 1.364907 -1.676781
v 1.577856 1.355570 -1.683993
v 1.588274 1.341597 -1.686900
v 1.438936 1.266048 -1.824520
v 1.453863 1.258106 -1.829650
v 1.466936 1.246219 -1.829436
v 1.339127 1.112071 -1.941768
v 1.355462 1.106301 -1.945243
v 1.370642 1.097665 -1.942556
v 1.275046 0.918049 -2.017045
v 1.292284 0.915016 -2.019459
v 1.308817 0.910476 -2.015182
v 1.252965 0.702975 -2.042984
v 1.270515 0.702975 -2.045032
v 1.287514 0.702975 -2.040207
v 1.275046 0.487900 -2.017045
v 1.292284 0.490934 -2.019459
v 1.308817 0.495474 -2.015182
v 1.339127 0.293879 -1.941768
v 1.355462 0.299649 -1.945243
v 1.370642 0.308285 -1.942556
v 1.438936 0.139902 -1.824520
v 1.453863 0.147845 -1.829650
v 1.466936 0.159731 -1.829436
v 1.564703 0.041043 -1.676781
v 1.577856 0.050380 -1.683993
v 1.588274 0.064353 -1.686900
v 1.704116 0.006979 -1.513009
v 1.715303 0.016796 -1.522533
v 1.722778 0.031488 -1.528895
v 1.843529 0.041043 -1.349239
v 1.852750 0.050380 -1.361071
v 1.857282 0.064353 -1.370891
v 1.969296 0.139902 -1.201499
v 1.976742 0.147845 -1.215416
v 1.978620 0.159731 -1.228355
v 2.069105 0.293879 -1.084252
v 2.075144 0.299649 -1.099821
v 2.074914 0.308285 -1.115235
v 2.133186 0.487900 -1.008973
v 2.138321 0.490934 -1.025607
v 2.136739 0.495474 -1.042610
v 2.155267 0.702975 -0.983034
v 2.160090 0.702975 -1.000033
v 2.158042 0.702975 -1.017584
v 2.133186 0.918049 -1.008973
v 2.138321 0.915016 -1.025607
v 2.136739 0.910476 -1.042610
v 2.069105 1.112071 -1.084252
v 2.075144 1.106301 -1.099821
v 2.074914 1.097665 -1.115235
v 1.969296 1.266047 -1.201499
v 1.976742 1.258105 -1.215416
v 1.978620 1.246219 -1.228355
v 1.843529 1.364906 -1.349239
v 1.852750 1.355570 -1.361071
v 1.857282 1.341596 -1.370891
v 1.704116 1.398971 -1.513009
v 1.715303 1.389154 -1.522533
v 1.722778 1.374461 -1.528895
v -1.989420 1.365091 1.348658
v -1.998818 1.356133 1.360482
v -2.003820 1.342611 1.370508
v -2.115222 1.266204 1.200877
v -2.122917 1.258584 1.214700
v -2.125350 1.247082 1.227744
v -2.215058 1.112185 1.083597
v -2.221404 1.106649 1.099006
v -2.221798 1.098292 1.114446
v -2.279158 0.918109 1.008299
v -2.284636 0.915199 1.024727
v -2.283721 0.910805 1.041704
v -2.301245 0.702975 0.982353
v -2.306424 0.702975 0.999131
v -2.305058 0.702975 1.016639
v -2.279157 0.487840 1.008299
v -2.284635 0.490751 1.024727
v -2.283721 0.495144 1.041704
v -2.215058 0.293765 1.083597
v -2.221403 0.299301 1.099006
v -2.221798 0.307658 1.114446
v -2.115222 0.139746 1.200877
v -2.122917 0.147366 1.214700
v -2.125350 0.158868 1.227744
v -1.989420 0.040859 1.348658
v -1.998818 0.049817 1.360482
v -2.003820 0.063339 1.370508
v -1.849968 0.006786 1.512475
v -1.861252 0.016205 1.522081
v -1.869102 0.030421 1.528764
v -1.710516 0.040859 1.676291
v -1.723687 0.049817 1.683681
v -1.734384 0.063339 1.687018
v -1.584714 0.139746 1.824072
v -1.599587 0.147366 1.829463
v -1.612854 0.158868 1.829782
v -1.484877 0.293765 1.941352
v -1.501101 0.299301 1.945156
v -1.516407 0.307658 1.943080
v -1.420778 0.487840 2.016651
v -1.437869 0.490751 2.019436
v -1.454484 0.495145 2.015822
v -1.398691 0.702975 2.042598
v -1.416081 0.702975 2.045032
v -1.433146 0.702975 2.040887
v -1.420778 0.918109 2.016651
v -1.437869 0.915199 2.019436
v -1.454484 0.910805 2.015822
v -1.484877 1.112185 1.941352
v -1.501101 1.106648 1.945156
v -1.516407 1.098292 1.943080
v -1.584714 1.266204 1.824072
v -1.599587 1.258584 1.829463
v -1.612854 1.247082 1.829782
v -1.710516 1.365090 1.676291
v -1.723687 1.356132 1.683681
v -1.734384 1.342611 1.687018
v -1.849967 1.399164 1.512474
v -1.861252 1.389745 1.522081
v -1.869102 1.375528 1.528764
v 1.635419 1.153440 -1.646745
v 1.549831 1.086163 -1.747286
v 1.481908 0.981377 -1.827077
v 1.438298 0.849340 -1.878306
v 1.423271 0.702975 -1.895958
v 1.438298 0.556610 -1.878306
v 1.481908 0.424572 -1.827077
v 1.549831 0.319787 -1.747286
v 1.635419 0.252510 -1.646746
v 1.730294 0.229328 -1.535293
v 1.825169 0.252510 -1.423843
v 1.910757 0.319787 -1.323300
v 1.978680 0.424573 -1.243511
v 2.022289 0.556610 -1.192283
v 2.037316 0.702975 -1.174631
v 2.022289 0.849340 -1.192283
v 1.978680 0.981377 -1.243511
v 1.910757 1.086163 -1.323300
v 1.825169 1.153439 -1.423843
v 1.730294 1.176621 -1.535293
v 1.716436 1.121085 -1.701908
v 1.706149 1.134883 -1.699037
v 1.693161 1.144103 -1.691916
v 1.636996 1.058641 -1.795228
v 1.624087 1.070378 -1.795437
v 1.609347 1.078221 -1.790372
v 1.573951 0.961381 -1.869287
v 1.558962 0.969909 -1.871940
v 1.542832 0.975607 -1.868510
v 1.533474 0.838827 -1.916835
v 1.517149 0.843310 -1.921059
v 1.500126 0.846306 -1.918676
v 1.519527 0.702975 -1.933221
v 1.502741 0.702975 -1.937985
v 1.485411 0.702975 -1.935963
v 1.533474 0.567123 -1.916835
v 1.517149 0.562639 -1.921059
v 1.500126 0.559644 -1.918676
v 1.573951 0.444568 -1.869287
v 1.558962 0.436041 -1.871940
v 1.542832 0.430343 -1.868510
v 1.636996 0.347309 -1.795228
v 1.624087 0.335572 -1.795437
v 1.609347 0.327729 -1.790372
v 1.716436 0.284865 -1.701908
v 1.706149 0.271067 -1.699037
v 1.693161 0.261847 -1.691916
v 1.804497 0.263348 -1.598461
v 1.797116 0.248840 -1.592178
v 1.786070 0.239146 -1.582775
v 1.892558 0.284865 -1.495015
v 1.888083 0.271066 -1.485318
v 1.878978 0.261847 -1.473632
v 1.971999 0.347309 -1.401695
v 1.970145 0.335572 -1.388918
v 1.962792 0.327729 -1.375176
v 2.035043 0.444569 -1.327634
v 2.035270 0.436041 -1.312415
v 2.029308 0.430343 -1.297038
v 2.075520 0.567123 -1.280085
v 2.077083 0.562639 -1.263296
v 2.072013 0.559644 -1.246873
v 2.089468 0.702975 -1.263702
v 2.091491 0.702975 -1.246370
v 2.086728 0.702975 -1.229586
v 2.075520 0.838827 -1.280085
v 2.077083 0.843310 -1.263296
v 2.072013 0.846306 -1.246873
v 2.035043 0.961381 -1.327634
v 2.035270 0.969909 -1.312415
v 2.029308 0.975607 -1.297038
v 1.971999 1.058641 -1.401695
v 1.970145 1.070378 -1.388918
v 1.962792 1.078220 -1.375176
v 1.892558 1.121085 -1.495015
v 1.888083 1.134883 -1.485318
v 1.878978 1.144103 -1.473632
v 1.804497 1.142602 -1.598461
v 1.797116 1.157110 -1.592178
v 1.786070 1.166804 -1.582775
v -0.213237 1.369021 -0.165030
v -0.339786 1.269547 -0.313688
v -0.440215 1.114614 -0.431664
v -0.504695 0.919386 -0.507408
v -0.526913 0.702975 -0.533509
v -0.504695 0.486563 -0.507408
v -0.440215 0.291336 -0.431664
v -0.339786 0.136403 -0.313688
v -0.213237 0.036929 -0.165030
v -0.072957 0.002653 -0.000241
v 0.067323 0.036929 0.164549
v 0.193871 0.136403 0.313207
v 0.294300 0.291336 0.431183
v 0.358780 0.486564 0.506928
v 0.380998 0.702975 0.533028
v 0.358780 0.919386 0.506928
v 0.294300 1.114614 0.431182
v 0.193871 1.269547 0.313207
v 0.067322 1.369020 0.164549
v -0.072957 1.403297 -0.000241
v 1.591932 1.333515 -1.686566
v 1.472129 1.239345 -1.827299
v 1.525187 1.301228 -1.761009
v 1.583515 1.349039 -1.686024
v 1.460763 1.252550 -1.830222
v 1.513389 1.314318 -1.759724
v 1.557719 1.367349 -1.671878
v 1.499314 1.323064 -1.753595
v 1.431488 1.268126 -1.820164
v 1.571501 1.360920 -1.680867
v 1.446491 1.262656 -1.827716
v 1.377054 1.092670 -1.938985
v 1.415023 1.177751 -1.890420
v 1.363346 1.102264 -1.944659
v 1.400815 1.188140 -1.891966
v 1.385129 1.195081 -1.887730
v 1.331310 1.113581 -1.937843
v 1.347284 1.109607 -1.944258
v 1.316011 0.907850 -2.010693
v 1.334984 1.007800 -1.984443
v 1.300801 0.912894 -2.018132
v 1.319025 1.014470 -1.988047
v 1.302168 1.018926 -1.985185
v 1.266993 0.918843 -2.013399
v 1.283588 0.916754 -2.019082
v 1.294977 0.702975 -2.035401
v 1.292906 0.808011 -2.033874
v 1.279250 0.702975 -2.043448
v 1.276025 0.810309 -2.038559
v 1.258554 0.811844 -2.036419
v 1.244830 0.702975 -2.039433
v 1.261640 0.702975 -2.044864
v 1.316011 0.498100 -2.010693
v 1.292906 0.597939 -2.033874
v 1.300801 0.493056 -2.018132
v 1.276025 0.595641 -2.038559
v 1.258554 0.594105 -2.036419
v 1.266993 0.487106 -2.013399
v 1.283588 0.489196 -2.019082
v 1.377054 0.313279 -1.938985
v 1.334985 0.398150 -1.984443
v 1.363346 0.303686 -1.944659
v 1.319025 0.391480 -1.988047
v 1.302168 0.387024 -1.985185
v 1.331310 0.292369 -1.937842
v 1.347284 0.296343 -1.944258
v 1.472129 0.166605 -1.827299
v 1.415023 0.228199 -1.890420
v 1.460763 0.153400 -1.830222
v 1.400815 0.217810 -1.891966
v 1.385129 0.210869 -1.887730
v 1.431488 0.137824 -1.820164
v 1.446492 0.143294 -1.827716
v 1.591932 0.072435 -1.686566
v 1.525187 0.104722 -1.761009
v 1.583515 0.056911 -1.686024
v 1.513389 0.091632 -1.759724
v 1.499314 0.082886 -1.753595
v 1.557719 0.038600 -1.671878
v 1.571501 0.045030 -1.680867
v 1.724734 0.039986 -1.530561
v 1.654693 0.039806 -1.608877
v 1.719586 0.023663 -1.526178
v 1.645728 0.025296 -1.604263
v 1.633546 0.015601 -1.595909
v 1.697647 0.004410 -1.507502
v 1.710074 0.011171 -1.518082
v 1.857536 0.072435 -1.374555
v 1.790863 0.039806 -1.448916
v 1.855657 0.056911 -1.366334
v 1.784878 0.025296 -1.440802
v 1.774687 0.015601 -1.430110
v 1.837575 0.038600 -1.343127
v 1.848648 0.045030 -1.355296
v 1.977338 0.166605 -1.233822
v 1.920369 0.104722 -1.296784
v 1.978409 0.153400 -1.222134
v 1.917217 0.091632 -1.285342
v 1.908919 0.082886 -1.272425
v 1.963805 0.137824 -1.194842
v 1.973657 0.143294 -1.208447
v 2.072414 0.313280 -1.122136
v 2.030533 0.228199 -1.167372
v 2.075825 0.303686 -1.107699
v 2.029791 0.217810 -1.153098
v 2.023104 0.210869 -1.138290
v 2.063983 0.292369 -1.077161
v 2.072865 0.296343 -1.091905
v 2.133456 0.498100 -1.050429
v 2.110571 0.398150 -1.073349
v 2.138371 0.493056 -1.034226
v 2.111581 0.391480 -1.057019
v 2.106064 0.387024 -1.040835
v 2.128300 0.487107 -1.001607
v 2.136560 0.489196 -1.017082
v 2.154490 0.702975 -1.025720
v 2.152650 0.597939 -1.023919
v 2.159922 0.702975 -1.008909
v 2.154581 0.595641 -1.006506
v 2.149679 0.594105 -0.989601
v 2.150463 0.702975 -0.975572
v 2.158508 0.702975 -0.991300
v 2.133456 0.907850 -1.050429
v 2.152650 0.808010 -1.023919
v 2.138371 0.912894 -1.034226
v 2.154581 0.810309 -1.006506
v 2.149679 0.811844 -0.989601
v 2.128300 0.918843 -1.001607
v 2.136560 0.916754 -1.017082
v 2.072414 1.092670 -1.122136
v 2.110571 1.007800 -1.073349
v 2.075825 1.102264 -1.107699
v 2.111581 1.014470 -1.057019
v 2.106064 1.018926 -1.040835
v 2.063983 1.113581 -1.077161
v 2.072865 1.109607 -1.091905
v 1.977338 1.239344 -1.233822
v 2.030532 1.177751 -1.167372
v 1.978409 1.252549 -1.222134
v 2.029791 1.188139 -1.153098
v 2.023104 1.195080 -1.138290
v 1.963805 1.268125 -1.194842
v 1.973657 1.262656 -1.208447
v 1.857535 1.333515 -1.374555
v 1.920369 1.301228 -1.296784
v 1.855657 1.349038 -1.366334
v 1.917217 1.314318 -1.285342
v 1.908919 1.323064 -1.272426
v 1.837575 1.367349 -1.343127
v 1.848648 1.360919 -1.355296
v 1.724734 1.365964 -1.530561
v 1.790863 1.366143 -1.448916
v 1.719586 1.382286 -1.526178
v 1.784878 1.380654 -1.440802
v 1.774687 1.390349 -1.430110
v 1.697647 1.401539 -1.507502
v 1.710074 1.394779 -1.518082
v 1.654693 1.366143 -1.608877
v 1.645728 1.380654 -1.604263
v 1.633546 1.390349 -1.595909
v -2.004419 1.334716 1.374388
v -1.871364 1.367226 1.530689
v -1.937295 1.367197 1.448656
v -2.001923 1.349831 1.365813
v -1.865685 1.383120 1.525854
v -1.930887 1.381238 1.440280
v -1.983463 1.367426 1.342590
v -1.920558 1.390540 1.429552
v -1.843519 1.401620 1.506985
v -1.994594 1.361273 1.354692
v -1.855946 1.395150 1.517565
v -2.067007 1.302179 1.296282
v -2.124449 1.240366 1.233385
v -2.063341 1.314845 1.284685
v -2.124825 1.253224 1.221437
v -2.054828 1.323237 1.271823
v -2.119670 1.262956 1.207763
v -2.109709 1.268191 1.194288
v -2.177346 1.178506 1.166665
v -2.219705 1.093412 1.121486
v -2.176012 1.188558 1.152328
v -2.222361 1.102754 1.106860
v -2.169044 1.195218 1.137651
v -2.218932 1.109825 1.091159
v -2.209897 1.113628 1.076594
v -2.257512 1.008284 1.072492
v -2.280864 0.908240 1.049642
v -2.257873 1.014738 1.056165
v -2.284983 0.913151 1.033297
v -2.252028 1.019014 1.040169
v -2.282661 0.916869 1.016295
v -2.274223 0.918868 1.001031
v -2.299657 0.808177 1.022983
v -2.301938 0.702975 1.024886
v -2.300909 0.810401 1.005610
v -2.306561 0.702975 1.007949
v -2.295655 0.811875 0.988920
v -2.304621 0.702975 0.990499
v -2.296388 0.702975 0.974993
v -2.299657 0.597772 1.022983
v -2.280864 0.497710 1.049642
v -2.300909 0.595548 1.005610
v -2.284983 0.492799 1.033298
v -2.295654 0.594075 0.988920
v -2.282661 0.489081 1.016295
v -2.274223 0.487082 1.001031
v -2.257512 0.397665 1.072492
v -2.219705 0.312538 1.121486
v -2.257873 0.391211 1.056165
v -2.222361 0.303196 1.106861
v -2.252027 0.386935 1.040169
v -2.218932 0.296125 1.091159
v -2.209897 0.292321 1.076595
v -2.177346 0.227444 1.166665
v -2.124449 0.165584 1.233387
v -2.176012 0.217392 1.152328
v -2.124825 0.152726 1.221437
v -2.169044 0.210732 1.137651
v -2.119670 0.142994 1.207763
v -2.109708 0.137759 1.194288
v -2.067007 0.103771 1.296282
v -2.004418 0.071234 1.374388
v -2.063340 0.091105 1.284685
v -2.001923 0.056119 1.365813
v -2.054828 0.082713 1.271823
v -1.994594 0.044677 1.354692
v -1.983463 0.038524 1.342592
v -1.937295 0.038753 1.448656
v -1.871364 0.038724 1.530689
v -1.930887 0.024712 1.440280
v -1.865685 0.022830 1.525854
v -1.920557 0.015409 1.429552
v -1.855946 0.010800 1.517565
v -1.843519 0.004329 1.506985
v -1.800909 0.038753 1.608871
v -1.738309 0.071234 1.686990
v -1.791617 0.024712 1.603882
v -1.729446 0.056119 1.685895
v -1.779378 0.015409 1.595398
v -1.717298 0.044677 1.680436
v -1.703575 0.038524 1.671381
v -1.671197 0.103771 1.761245
v -1.618279 0.165584 1.827992
v -1.659164 0.091105 1.759477
v -1.606544 0.152726 1.830271
v -1.645108 0.082713 1.753127
v -1.592222 0.142994 1.827365
v -1.577329 0.137759 1.819682
v -1.560859 0.227444 1.890862
v -1.523022 0.312538 1.939891
v -1.546493 0.217392 1.891834
v -1.509008 0.303196 1.944849
v -1.530891 0.210732 1.887300
v -1.492961 0.296125 1.943969
v -1.477141 0.292321 1.937376
v -1.480693 0.397665 1.985034
v -1.461864 0.497710 2.011735
v -1.464632 0.391212 1.987998
v -1.446386 0.492799 2.018410
v -1.447908 0.386936 1.984781
v -1.429231 0.489081 2.018832
v -1.412815 0.487082 2.012939
v -1.438547 0.597772 2.034544
v -1.440790 0.702975 2.036491
v -1.421596 0.595548 2.038553
v -1.424808 0.702975 2.043759
v -1.404281 0.594075 2.036031
v -1.407272 0.702975 2.044630
v -1.390650 0.702975 2.038977
v -1.438547 0.808177 2.034544
v -1.461864 0.908240 2.011735
v -1.421596 0.810401 2.038553
v -1.446386 0.913151 2.018410
v -1.404281 0.811875 2.036031
v -1.429231 0.916869 2.018832
v -1.412815 0.918868 2.012939
v -1.480693 1.008284 1.985034
v -1.523022 1.093412 1.939891
v -1.464632 1.014738 1.987998
v -1.509008 1.102754 1.944849
v -1.447908 1.019014 1.984781
v -1.492961 1.109825 1.943969
v -1.477141 1.113628 1.937376
v -1.560859 1.178505 1.890862
v -1.618279 1.240365 1.827992
v -1.546493 1.188558 1.891834
v -1.606544 1.253224 1.830271
v -1.530891 1.195217 1.887300
v -1.592222 1.262956 1.827365
v -1.577329 1.268191 1.819682
v -1.671198 1.302178 1.761245
v -1.738309 1.334715 1.686990
v -1.659164 1.314845 1.759477
v -1.729446 1.349831 1.685895
v -1.645108 1.323236 1.753127
v -1.717298 1.361272 1.680436
v -1.703575 1.367426 1.671381
v -1.800909 1.367197 1.608871
v -1.791617 1.381238 1.603882
v -1.779378 1.390540 1.595398
v 1.639754 1.150406 -1.649141
v 1.682268 1.170754 -1.591709
v 1.733991 1.173432 -1.538441
v 1.632018 1.158057 -1.645820
v 1.727865 1.181477 -1.533227
v 1.590919 1.124965 -1.699020
v 1.545552 1.090091 -1.747393
v 1.554743 1.083583 -1.749007
v 1.513213 1.037868 -1.790301
v 1.476933 0.984231 -1.828000
v 1.487277 0.979503 -1.828260
v 1.456756 0.917989 -1.856623
v 1.432877 0.850840 -1.879754
v 1.443961 0.848354 -1.879143
v 1.427075 0.777064 -1.891490
v 1.417696 0.702975 -1.897588
v 1.429036 0.702975 -1.896675
v 1.427075 0.628886 -1.891490
v 1.432877 0.555110 -1.879754
v 1.443961 0.557596 -1.879143
v 1.456756 0.487960 -1.856623
v 1.476933 0.421718 -1.828000
v 1.487277 0.426447 -1.828260
v 1.513213 0.368082 -1.790301
v 1.545552 0.315859 -1.747393
v 1.554743 0.322367 -1.749007
v 1.590919 0.280985 -1.699019
v 1.632018 0.247893 -1.645820
v 1.639754 0.255543 -1.649141
v 1.682268 0.235196 -1.591709
v 1.727865 0.224473 -1.533227
v 1.733991 0.232518 -1.538441
v 1.778319 0.235196 -1.478877
v 1.823713 0.247893 -1.420632
v 1.828227 0.255543 -1.427740
v 1.869668 0.280985 -1.371569
v 1.910178 0.315859 -1.319060
v 1.913239 0.322367 -1.327875
v 1.947374 0.368082 -1.280285
v 1.978798 0.421719 -1.238453
v 1.980704 0.426447 -1.248623
v 2.003831 0.487960 -1.213965
v 2.022854 0.555110 -1.186699
v 2.024020 0.557596 -1.197739
v 2.033513 0.628886 -1.179098
v 2.038035 0.702975 -1.168866
v 2.038946 0.702975 -1.180205
v 2.033513 0.777064 -1.179098
v 2.022854 0.850840 -1.186699
v 2.024020 0.848354 -1.197739
v 2.003831 0.917989 -1.213965
v 1.978798 0.984231 -1.238453
v 1.980704 0.979503 -1.248623
v 1.947374 1.037868 -1.280285
v 1.910178 1.090091 -1.319060
v 1.913239 1.083583 -1.327875
v 1.869668 1.124964 -1.371569
v 1.823713 1.158057 -1.420632
v 1.828227 1.150406 -1.427740
v 1.778319 1.170754 -1.478877
v 1.686264 1.146515 -1.687074
v 1.779681 1.169341 -1.577335
v 1.739040 1.161059 -1.638021
v 1.699873 1.140166 -1.695949
v 1.791953 1.162665 -1.587782
v 1.751069 1.151485 -1.646269
v 1.720048 1.113105 -1.701577
v 1.759921 1.137156 -1.650824
v 1.806428 1.134211 -1.600104
v 1.711737 1.128434 -1.701043
v 1.801345 1.150329 -1.595778
v 1.649584 1.116218 -1.743106
v 1.601991 1.080273 -1.786070
v 1.663483 1.107581 -1.749159
v 1.616807 1.074872 -1.793528
v 1.675133 1.094656 -1.750427
v 1.630900 1.064892 -1.796003
v 1.642124 1.051853 -1.793115
v 1.573488 1.030927 -1.832497
v 1.535112 0.977098 -1.864633
v 1.588977 1.024072 -1.836681
v 1.550885 0.973174 -1.870968
v 1.603008 1.013814 -1.835153
v 1.566747 0.965923 -1.871364
v 1.580282 0.956449 -1.865762
v 1.518201 0.913533 -1.897444
v 1.492174 0.847090 -1.915074
v 1.534846 0.909132 -1.900270
v 1.508561 0.845027 -1.920687
v 1.550606 0.902546 -1.896711
v 1.525559 0.841215 -1.919748
v 1.540578 0.836234 -1.912403
v 1.489135 0.775528 -1.931588
v 1.477378 0.702975 -1.932455
v 1.506388 0.774012 -1.933700
v 1.493977 0.702975 -1.937819
v 1.523057 0.771742 -1.929073
v 1.511366 0.702975 -1.936421
v 1.526897 0.702975 -1.928475
v 1.489135 0.630422 -1.931588
v 1.492173 0.558860 -1.915074
v 1.506388 0.631938 -1.933700
v 1.508561 0.560923 -1.920687
v 1.523057 0.634207 -1.929073
v 1.525559 0.564735 -1.919748
v 1.540578 0.569715 -1.912403
v 1.518201 0.492417 -1.897444
v 1.535113 0.428852 -1.864633
v 1.534846 0.496818 -1.900270
v 1.550886 0.432776 -1.870968
v 1.550606 0.503404 -1.896711
v 1.566747 0.440027 -1.871364
v 1.580282 0.449500 -1.865762
v 1.573488 0.375023 -1.832497
v 1.601992 0.325677 -1.786070
v 1.588978 0.381877 -1.836681
v 1.616807 0.331078 -1.793528
v 1.603008 0.392135 -1.835153
v 1.630900 0.341058 -1.796003
v 1.642124 0.354097 -1.793115
v 1.649584 0.289732 -1.743106
v 1.686264 0.259435 -1.687074
v 1.663483 0.298368 -1.749159
v 1.699873 0.265784 -1.695949
v 1.675133 0.311294 -1.750427
v 1.711737 0.277516 -1.701043
v 1.720048 0.292845 -1.701577
v 1.739040 0.244891 -1.638021
v 1.779681 0.236609 -1.577335
v 1.751069 0.254465 -1.646269
v 1.791953 0.243285 -1.587782
v 1.759921 0.268794 -1.650824
v 1.801345 0.255621 -1.595778
v 1.806428 0.271738 -1.600104
v 1.833099 0.244891 -1.527527
v 1.873097 0.259435 -1.467598
v 1.843163 0.254465 -1.538086
v 1.884032 0.265784 -1.479615
v 1.849073 0.268794 -1.546096
v 1.890954 0.277516 -1.490513
v 1.892808 0.292845 -1.498633
v 1.922555 0.289732 -1.422443
v 1.957370 0.325677 -1.368600
v 1.930749 0.298368 -1.435197
v 1.967098 0.331078 -1.382036
v 1.933861 0.311294 -1.446494
v 1.971791 0.341058 -1.395553
v 1.970733 0.354097 -1.407094
v 1.998651 0.375023 -1.333052
v 2.024249 0.428852 -1.290038
v 2.005254 0.381877 -1.347674
v 2.033020 0.432776 -1.304597
v 2.005986 0.392135 -1.361769
v 2.035943 0.440027 -1.320192
v 2.032574 0.449501 -1.334448
v 2.053938 0.492417 -1.268106
v 2.067188 0.558860 -1.239596
v 2.059386 0.496818 -1.284086
v 2.075344 0.560923 -1.254877
v 2.058388 0.503404 -1.300212
v 2.077132 0.564735 -1.271808
v 2.072279 0.569715 -1.287807
v 2.083004 0.630422 -1.233961
v 2.081983 0.702975 -1.222216
v 2.087844 0.631938 -1.250655
v 2.089928 0.702975 -1.237746
v 2.085938 0.634207 -1.267849
v 2.091324 0.702975 -1.255134
v 2.085960 0.702975 -1.271735
v 2.083004 0.775528 -1.233961
v 2.067188 0.847090 -1.239596
v 2.087844 0.774012 -1.250655
v 2.075344 0.845027 -1.254877
v 2.085938 0.771742 -1.267849
v 2.077132 0.841215 -1.271808
v 2.072279 0.836234 -1.287807
v 2.053938 0.913533 -1.268106
v 2.024249 0.977098 -1.290038
v 2.059386 0.909132 -1.284086
v 2.033020 0.973174 -1.304597
v 2.058388 0.902546 -1.300212
v 2.035943 0.965923 -1.320192
v 2.032574 0.956449 -1.334448
v 1.998651 1.030926 -1.333052
v 1.957370 1.080273 -1.368600
v 2.005254 1.024072 -1.347674
v 1.967098 1.074872 -1.382036
v 2.005986 1.013814 -1.361769
v 1.971791 1.064892 -1.395553
v 1.970733 1.051852 -1.407094
v 1.922555 1.116218 -1.422443
v 1.873097 1.146515 -1.467598
v 1.930749 1.107581 -1.435197
v 1.884032 1.140166 -1.479615
v 1.933861 1.094655 -1.446494
v 1.890954 1.128434 -1.490513
v 1.892808 1.113105 -1.498633
v 1.833099 1.161058 -1.527527
v 1.843163 1.151484 -1.538086
v 1.849073 1.137156 -1.546096
v 0.685010 1.269547 -1.186066
v 0.811558 1.369021 -1.037408
v 0.584581 1.114614 -1.304042
v 0.520101 0.919386 -1.379787
v 0.497883 0.702975 -1.405887
v 0.520101 0.486563 -1.379787
v 0.584581 0.291336 -1.304042
v 0.685010 0.136403 -1.186066
v 0.811559 0.036929 -1.037408
v 0.951838 0.002653 -0.872619
v 1.092118 0.036929 -0.707829
v 1.218667 0.136403 -0.559170
v 1.319096 0.291336 -0.441195
v 1.383575 0.486564 -0.365450
v 1.405794 0.702975 -0.339350
v 1.383575 0.919386 -0.365450
v 1.319096 1.114614 -0.441195
v 1.218667 1.269547 -0.559170
v 1.092118 1.369020 -0.707829
v 0.951838 1.403297 -0.872619
v -1.952123 1.012663 1.467291
v -2.010963 0.966412 1.398170
v -1.983213 0.980719 1.440053
v -1.957807 0.987492 1.482870
v -2.011865 0.945000 1.419367
v -1.990694 0.959789 1.460426
v -2.005899 0.946069 1.482551
v -1.971188 0.968700 1.502280
v -2.021675 0.929014 1.442971
v -2.057660 0.894373 1.343315
v -2.034358 0.923394 1.379972
v -2.054766 0.878816 1.368970
v -2.037985 0.906784 1.404873
v -2.050663 0.895895 1.429965
v -2.061742 0.867202 1.395903
v -2.087640 0.803599 1.308096
v -2.071516 0.844493 1.336321
v -2.082310 0.795420 1.336614
v -2.072343 0.833828 1.364511
v -2.083186 0.826837 1.391760
v -2.087467 0.789314 1.365685
v -2.097971 0.702975 1.295960
v -2.091052 0.751738 1.313372
v -2.091801 0.702975 1.325465
v -2.090407 0.748064 1.343292
v -2.100284 0.745655 1.371674
v -2.096331 0.702975 1.355271
v -2.087640 0.602351 1.308096
v -2.091052 0.654211 1.313372
v -2.082310 0.610530 1.336614
v -2.090406 0.657886 1.343292
v -2.100284 0.660295 1.371674
v -2.087467 0.616636 1.365685
v -2.057659 0.511577 1.343315
v -2.071517 0.561457 1.336321
v -2.054766 0.527133 1.368970
v -2.072343 0.572121 1.364511
v -2.083186 0.579112 1.391760
v -2.061742 0.538748 1.395903
v -2.010963 0.439538 1.398170
v -2.034358 0.482556 1.379972
v -2.011865 0.460950 1.419367
v -2.037985 0.499166 1.404873
v -2.050663 0.510054 1.429965
v -2.021675 0.476936 1.442971
v -1.952123 0.393286 1.467290
v -1.983213 0.425230 1.440053
v -1.957807 0.418457 1.482870
v -1.990694 0.446161 1.460426
v -2.005899 0.459881 1.482551
v -1.971188 0.437249 1.502280
v -1.886897 0.377349 1.543912
v -1.923089 0.395093 1.510681
v -1.897883 0.403815 1.553263
v -1.935101 0.418294 1.525733
v -1.953276 0.433503 1.544367
v -1.915222 0.423575 1.568023
v -1.821672 0.393286 1.620533
v -1.859871 0.395093 1.584944
v -1.837959 0.418457 1.623657
v -1.876647 0.418294 1.594399
v -1.897944 0.433503 1.609366
v -1.859256 0.437249 1.633767
v -1.762832 0.439538 1.689654
v -1.799747 0.425230 1.655573
v -1.783901 0.460950 1.687160
v -1.821053 0.446161 1.659706
v -1.845321 0.459881 1.671183
v -1.808768 0.476936 1.693076
v -1.716135 0.511577 1.744509
v -1.748602 0.482556 1.715654
v -1.741000 0.527133 1.737556
v -1.773763 0.499166 1.715259
v -1.800557 0.510054 1.723768
v -1.768701 0.538748 1.740144
v -1.686154 0.602351 1.779728
v -1.711444 0.561457 1.759305
v -1.713456 0.610530 1.769912
v -1.739404 0.572121 1.755620
v -1.768034 0.579112 1.761973
v -1.742976 0.616636 1.770363
v -1.675824 0.702975 1.791863
v -1.691908 0.654211 1.782254
v -1.703965 0.702975 1.781062
v -1.721340 0.657886 1.776839
v -1.750936 0.660295 1.782059
v -1.734112 0.702975 1.780777
v -1.686154 0.803599 1.779728
v -1.691908 0.751738 1.782254
v -1.713456 0.795420 1.769912
v -1.721341 0.748064 1.776839
v -1.750936 0.745655 1.782059
v -1.742976 0.789314 1.770363
v -1.716135 0.894373 1.744509
v -1.711444 0.844493 1.759305
v -1.741000 0.878816 1.737556
v -1.739404 0.833828 1.755620
v -1.768034 0.826837 1.761973
v -1.768700 0.867202 1.740144
v -1.762831 0.966411 1.689654
v -1.748602 0.923394 1.715654
v -1.783901 0.945000 1.687160
v -1.773763 0.906784 1.715259
v -1.800557 0.895895 1.723768
v -1.808768 0.929014 1.693076
v -1.821672 1.012663 1.620533
v -1.799747 0.980719 1.655573
v -1.837959 0.987492 1.623657
v -1.821053 0.959789 1.659706
v -1.845321 0.946069 1.671183
v -1.859255 0.968700 1.633767
v -1.886897 1.028600 1.543912
v -1.859871 1.010857 1.584944
v -1.897883 1.002134 1.553263
v -1.876647 0.987656 1.594399
v -1.897944 0.972446 1.609366
v -1.915222 0.982375 1.568023
v -1.923089 1.010857 1.510681
v -1.935101 0.987656 1.525733
v -1.953276 0.972446 1.544367
v -2.049890 0.938668 1.524951
v -2.093291 0.890022 1.473967
v -2.124824 0.823066 1.436925
v -2.141402 0.744355 1.417452
v -2.141402 0.661594 1.417452
v -2.124824 0.582884 1.436925
v -2.093292 0.515928 1.473967
v -2.049890 0.467283 1.524951
v -1.998869 0.441708 1.584886
v -1.945223 0.441708 1.647906
v -1.894202 0.467283 1.707841
v -1.850801 0.515928 1.758826
v -1.819268 0.582884 1.795867
v -1.802690 0.661594 1.815341
v -1.802690 0.744355 1.815341
v -1.819268 0.823066 1.795867
v -1.850801 0.890022 1.758826
v -1.894202 0.938667 1.707841
v -1.945223 0.964242 1.647906
v -1.998869 0.964242 1.584886
v -2.047997 0.929415 1.584427
v -2.067671 0.926763 1.548054
v -2.091020 0.895597 1.533888
v -2.035829 0.950041 1.565269
v -2.082771 0.913141 1.510124
v -2.108880 0.880574 1.499645
v -2.125164 0.842923 1.493778
v -2.120025 0.855670 1.466362
v -2.138820 0.817001 1.464473
v -2.147086 0.776550 1.468026
v -2.143943 0.783252 1.438265
v -2.154561 0.742265 1.445983
v -2.154639 0.702975 1.459153
v -2.152185 0.702975 1.428584
v -2.154561 0.663684 1.445983
v -2.147086 0.629400 1.468026
v -2.143943 0.622698 1.438265
v -2.138820 0.588949 1.464473
v -2.125164 0.563027 1.493778
v -2.120025 0.550280 1.466362
v -2.108880 0.525376 1.499645
v -2.091020 0.510353 1.533888
v -2.082771 0.492808 1.510124
v -2.067671 0.479187 1.548054
v -2.047997 0.476534 1.584428
v -2.035829 0.455909 1.565269
v -2.019227 0.454904 1.604961
v -2.000305 0.464881 1.640453
v -1.983793 0.443195 1.626396
v -1.968290 0.454904 1.664798
v -1.952613 0.476534 1.696477
v -1.931757 0.455909 1.687523
v -1.919846 0.479186 1.721706
v -1.909589 0.510353 1.747017
v -1.884814 0.492808 1.742667
v -1.878637 0.525376 1.770115
v -1.875445 0.563027 1.787127
v -1.847560 0.550280 1.786430
v -1.848697 0.588949 1.805286
v -1.853524 0.629400 1.812878
v -1.823642 0.622698 1.814528
v -1.832956 0.663684 1.823776
v -1.845970 0.702975 1.821751
v -1.815401 0.702975 1.824209
v -1.832956 0.742265 1.823776
v -1.853524 0.776550 1.812878
v -1.823642 0.783252 1.814528
v -1.848697 0.817001 1.805286
v -1.875445 0.842923 1.787127
v -1.847561 0.855670 1.786430
v -1.878637 0.880574 1.770115
v -1.909589 0.895597 1.747017
v -1.884815 0.913141 1.742667
v -1.919846 0.926763 1.721706
v -1.952613 0.929415 1.696477
v -1.931757 0.950041 1.687523
v -1.968290 0.951046 1.664798
v -2.000305 0.941068 1.640453
v -1.983793 0.962755 1.626396
v -2.019227 0.951046 1.604961
v -1.987121 1.224697 1.406608
v -1.931630 1.242491 1.469772
v -1.877238 1.251545 1.535689
v -1.983741 1.221021 1.405299
v -1.874632 1.247681 1.533471
v -2.036989 1.189680 1.346007
v -2.082170 1.143652 1.289673
v -2.086248 1.146778 1.290162
v -2.126612 1.089226 1.240724
v -2.160283 1.023145 1.197912
v -2.164915 1.025417 1.197750
v -2.191727 0.950963 1.164232
v -2.210435 0.871298 1.138999
v -2.215423 0.872493 1.138418
v -2.225960 0.788426 1.124018
v -2.227716 0.702975 1.118698
v -2.232827 0.702975 1.117973
v -2.225960 0.617524 1.124018
v -2.210435 0.534652 1.138999
v -2.215423 0.533457 1.138418
v -2.191727 0.454986 1.164232
v -2.160283 0.382805 1.197912
v -2.164915 0.380533 1.197750
v -2.126612 0.316724 1.240724
v -2.082170 0.262298 1.289673
v -2.086248 0.259172 1.290162
v -2.036989 0.216270 1.346007
v -1.983741 0.184928 1.405299
v -1.987121 0.181253 1.406608
v -1.931630 0.163458 1.469772
v -1.874632 0.158269 1.533471
v -1.877238 0.154404 1.535689
v -1.820850 0.163458 1.599907
v -1.765523 0.184928 1.661644
v -1.767355 0.181253 1.664770
v -1.715492 0.216270 1.723673
v -1.667095 0.262298 1.777268
v -1.668228 0.259172 1.781216
v -1.625868 0.316724 1.828955
v -1.588981 0.382805 1.869030
v -1.589560 0.380533 1.873628
v -1.560753 0.454986 1.905447
v -1.538829 0.534652 1.927943
v -1.539053 0.533457 1.932961
v -1.526520 0.617524 1.945662
v -1.521548 0.702975 1.948244
v -1.521649 0.702975 1.953405
v -1.526520 0.788426 1.945662
v -1.538829 0.871298 1.927943
v -1.539053 0.872493 1.932961
v -1.560753 0.950963 1.905447
v -1.588981 1.023145 1.869030
v -1.589560 1.025417 1.873628
v -1.625868 1.089226 1.828955
v -1.667095 1.143651 1.777268
v -1.668228 1.146778 1.781216
v -1.715492 1.189680 1.723673
v -1.765523 1.221021 1.661644
v -1.767355 1.224697 1.664770
v -1.820850 1.242491 1.599907
v -1.973636 1.218213 1.397896
v -1.918307 1.236396 1.459698
v -1.865119 1.244728 1.525373
v -1.970350 1.214410 1.396721
v -1.862634 1.240729 1.523257
v -2.022475 1.184181 1.337330
v -2.067522 1.138027 1.282571
v -2.071532 1.141262 1.282897
v -2.111086 1.084862 1.233238
v -2.144639 1.019059 1.191981
v -2.149222 1.021409 1.191634
v -2.175465 0.948162 1.157611
v -2.194151 0.869150 1.133819
v -2.199102 0.870386 1.133039
v -2.209312 0.787461 1.117851
v -2.211211 0.702975 1.113777
v -2.216289 0.702975 1.112849
v -2.209311 0.618489 1.117851
v -2.194150 0.536800 1.133819
v -2.199101 0.535564 1.133039
v -2.175465 0.457788 1.157611
v -2.144639 0.386891 1.191981
v -2.149222 0.384540 1.191634
v -2.111086 0.321088 1.233238
v -2.067522 0.267923 1.282571
v -2.071531 0.264687 1.282897
v -2.022475 0.221769 1.337330
v -1.970350 0.191540 1.396721
v -1.973636 0.187737 1.397896
v -1.918307 0.169554 1.459698
v -1.862634 0.165220 1.523257
v -1.865119 0.161222 1.525373
v -1.808778 0.169554 1.588363
v -1.754917 0.191540 1.649794
v -1.756602 0.187737 1.652850
v -1.704610 0.221769 1.710732
v -1.657745 0.267923 1.763943
v -1.658707 0.264688 1.767849
v -1.616000 0.321088 1.814823
v -1.580628 0.386891 1.854532
v -1.581017 0.384540 1.859113
v -1.551621 0.457788 1.890451
v -1.531117 0.536800 1.912695
v -1.531137 0.535564 1.917707
v -1.517774 0.618489 1.930210
v -1.514056 0.702975 1.932736
v -1.513950 0.702975 1.937897
v -1.517774 0.787461 1.930210
v -1.531117 0.869150 1.912695
v -1.531137 0.870386 1.917707
v -1.551620 0.948161 1.890451
v -1.580629 1.019059 1.854532
v -1.581017 1.021409 1.859113
v -1.616000 1.084862 1.814823
v -1.657745 1.138027 1.763943
v -1.658707 1.141262 1.767848
v -1.704610 1.184181 1.710732
v -1.754917 1.214409 1.649794
v -1.756602 1.218212 1.652850
v -1.808778 1.236396 1.588363
v -0.279033 1.326918 -0.242321
v -1.364582 1.269547 0.558690
v -1.238033 1.369021 0.707348
v -0.393928 1.198139 -0.377290
v -1.465011 1.114614 0.440714
v -0.477403 1.020890 -0.475350
v -1.529491 0.919386 0.364969
v -0.521289 0.812521 -0.526903
v -1.551709 0.702975 0.338869
v -0.521289 0.593429 -0.526903
v -1.529491 0.486563 0.364969
v -0.477403 0.385060 -0.475350
v -1.465011 0.291336 0.440714
v -0.393928 0.207811 -0.377289
v -1.364582 0.136403 0.558690
v -0.279033 0.079031 -0.242321
v -1.238033 0.036929 0.707348
v -0.143966 0.011328 -0.083656
v -1.097753 0.002653 0.872137
v -0.001949 0.011328 0.083174
v -0.957474 0.036929 1.036927
v 0.133118 0.079031 0.241839
v -0.830925 0.136403 1.185585
v 0.248013 0.207811 0.376808
v -0.730496 0.291336 1.303561
v 0.331489 0.385060 0.474868
v -0.666016 0.486564 1.379306
v 0.375375 0.593429 0.526422
v -0.643798 0.702975 1.405406
v 0.375375 0.812521 0.526422
v -0.666016 0.919386 1.379306
v 0.331489 1.020890 0.474868
v -0.730496 1.114614 1.303561
v 0.248013 1.198139 0.376808
v -0.830925 1.269547 1.185585
v 0.133118 1.326918 0.241839
v -0.957474 1.369020 1.036927
v -0.001949 1.394621 0.083174
v -1.097753 1.403296 0.872137
v -0.143966 1.394621 -0.083656
v -1.982715 0.993087 1.431353
v -1.985913 0.969507 1.449853
v -1.997437 0.951903 1.471443
v -2.036137 0.933209 1.368598
v -2.034993 0.914496 1.392198
v -2.043276 0.900525 1.417596
v -2.074951 0.850795 1.323002
v -2.070652 0.838780 1.350309
v -2.076579 0.829810 1.378474
v -2.095357 0.753910 1.299032
v -2.089399 0.749770 1.328287
v -2.094088 0.746679 1.357906
v -2.095356 0.652040 1.299032
v -2.089399 0.656180 1.328287
v -2.094088 0.659271 1.357906
v -2.074951 0.555155 1.323002
v -2.070652 0.567170 1.350309
v -2.076579 0.576140 1.378474
v -2.036137 0.472740 1.368598
v -2.034993 0.491453 1.392198
v -2.043276 0.505424 1.417596
v -1.982715 0.412863 1.431353
v -1.985913 0.436442 1.449853
v -1.997437 0.454046 1.471443
v -1.919914 0.381383 1.505127
v -1.928216 0.407521 1.517630
v -1.943551 0.427036 1.534745
v -1.853881 0.381383 1.582697
v -1.867549 0.407521 1.588897
v -1.886892 0.427036 1.601303
v -1.791079 0.412863 1.656471
v -1.809852 0.436442 1.656675
v -1.833006 0.454046 1.664603
v -1.737657 0.472740 1.719226
v -1.760773 0.491453 1.714329
v -1.787167 0.505424 1.718451
v -1.698844 0.555155 1.764822
v -1.725114 0.567170 1.756218
v -1.753864 0.576140 1.757573
v -1.678438 0.652040 1.788792
v -1.706367 0.656180 1.778240
v -1.736355 0.659271 1.778141
v -1.678439 0.753910 1.788792
v -1.706367 0.749770 1.778240
v -1.736355 0.746679 1.778141
v -1.698844 0.850794 1.764822
v -1.725114 0.838780 1.756218
v -1.753864 0.829810 1.757573
v -1.737657 0.933209 1.719226
v -1.760773 0.914496 1.714329
v -1.787167 0.900525 1.718451
v -1.791079 0.993087 1.656471
v -1.809852 0.969507 1.656675
v -1.833006 0.951903 1.664603
v -1.853881 1.024567 1.582697
v -1.867550 0.998428 1.588897
v -1.886892 0.978914 1.601303
v -1.919914 1.024567 1.505127
v -1.928216 0.998428 1.517630
v -1.943551 0.978914 1.534745
v -2.070366 0.915102 1.558151
v -2.060235 0.934423 1.536598
v -2.109428 0.871320 1.512264
v -2.102855 0.886653 1.486532
v -2.137807 0.811059 1.478926
v -2.133820 0.820904 1.450157
v -2.152728 0.740218 1.461398
v -2.150099 0.743610 1.431033
v -2.152728 0.665732 1.461399
v -2.150099 0.662339 1.431033
v -2.137807 0.594891 1.478926
v -2.133820 0.585046 1.450157
v -2.109428 0.534630 1.512264
v -2.102855 0.519296 1.486532
v -2.070366 0.490848 1.558151
v -2.060235 0.471527 1.536598
v -2.024446 0.467830 1.612093
v -2.010133 0.446412 1.595454
v -1.976163 0.467830 1.668811
v -1.957452 0.446412 1.657339
v -1.930244 0.490848 1.722754
v -1.907350 0.471527 1.716194
v -1.891182 0.534630 1.768641
v -1.864731 0.519296 1.766260
v -1.862802 0.594891 1.801980
v -1.833766 0.585046 1.802635
v -1.847882 0.665732 1.819506
v -1.817487 0.662339 1.821759
v -1.847882 0.740218 1.819506
v -1.817487 0.743610 1.821759
v -1.862802 0.811059 1.801980
v -1.833766 0.820904 1.802635
v -1.891182 0.871320 1.768641
v -1.864731 0.886653 1.766260
v -1.930244 0.915102 1.722754
v -1.907350 0.934423 1.716194
v -1.976163 0.938119 1.668811
v -1.957452 0.959537 1.657339
v -2.010133 0.959537 1.595454
v -2.024446 0.938119 1.612093
v -1.932860 1.244750 1.470349
v -1.929862 1.240934 1.468591
v -2.034916 1.188275 1.345182
v -2.038659 1.191718 1.346064
v -2.124281 1.088111 1.240204
v -2.128657 1.090843 1.240342
v -2.189208 0.950248 1.163934
v -2.194045 0.952002 1.163530
v -2.223342 0.788179 1.123835
v -2.228422 0.788784 1.123147
v -2.223342 0.617770 1.123835
v -2.228422 0.617166 1.123147
v -2.189208 0.455702 1.163934
v -2.194045 0.453948 1.163530
v -2.124281 0.317839 1.240204
v -2.128658 0.315107 1.240342
v -2.034916 0.217675 1.345182
v -2.038659 0.214232 1.346064
v -1.929862 0.165016 1.468591
v -1.932860 0.161199 1.470349
v -1.819402 0.165016 1.598351
v -1.821616 0.161199 1.601029
v -1.714348 0.217675 1.721759
v -1.715816 0.214232 1.725313
v -1.624983 0.317839 1.826737
v -1.625818 0.315107 1.831036
v -1.560056 0.455703 1.903008
v -1.560430 0.453948 1.907848
v -1.525922 0.617770 1.943106
v -1.526054 0.617166 1.948231
v -1.525922 0.788179 1.943106
v -1.526054 0.788784 1.948231
v -1.560056 0.950247 1.903008
v -1.560430 0.952002 1.907848
v -1.624983 1.088111 1.826737
v -1.625818 1.090843 1.831036
v -1.714347 1.188274 1.721759
v -1.715816 1.191717 1.725313
v -1.819402 1.240934 1.598351
v -1.821616 1.244750 1.601029
v -1.920050 1.238017 1.460845
v -1.917159 1.234068 1.459205
v -2.020872 1.182081 1.337371
v -2.024535 1.185643 1.338105
v -2.109096 1.083195 1.233733
v -2.113415 1.086023 1.233696
v -2.173194 0.947092 1.158436
v -2.177990 0.948907 1.157839
v -2.206893 0.787091 1.118850
v -2.211939 0.787717 1.117959
v -2.206893 0.618858 1.118850
v -2.211939 0.618232 1.117959
v -2.173194 0.458858 1.158436
v -2.177990 0.457043 1.157839
v -2.109096 0.322755 1.233733
v -2.113415 0.319927 1.233696
v -2.020872 0.223869 1.337371
v -2.024535 0.220307 1.338105
v -1.917159 0.171882 1.459205
v -1.920050 0.167933 1.460845
v -1.808108 0.171882 1.587309
v -1.810189 0.167933 1.589901
v -1.704395 0.223869 1.709142
v -1.705704 0.220307 1.712641
v -1.616171 0.322755 1.812780
v -1.616824 0.319927 1.817050
v -1.552073 0.458858 1.888078
v -1.552249 0.457043 1.892906
v -1.518374 0.618858 1.927665
v -1.518300 0.618232 1.932787
v -1.518374 0.787091 1.927665
v -1.518300 0.787717 1.932787
v -1.552073 0.947091 1.888078
v -1.552249 0.948907 1.892906
v -1.616171 1.083195 1.812780
v -1.616824 1.086023 1.817050
v -1.704395 1.182080 1.709142
v -1.705704 1.185643 1.712641
v -1.808108 1.234067 1.587309
v -1.810189 1.238017 1.589901
v -1.303829 1.326919 0.630057
v -1.418723 1.198139 0.495088
v -1.502199 1.020890 0.397028
v -1.546085 0.812521 0.345474
v -1.546085 0.593429 0.345474
v -1.502199 0.385060 0.397028
v -1.418723 0.207811 0.495088
v -1.303829 0.079031 0.630057
v -1.168762 0.011328 0.788722
v -1.026744 0.011328 0.955552
v -0.891678 0.079031 1.114218
v -0.776783 0.207811 1.249187
v -0.693307 0.385060 1.347246
v -0.649421 0.593429 1.398800
v -0.649421 0.812521 1.398800
v -0.693307 1.020890 1.347246
v -0.776783 1.198139 1.249187
v -0.891678 1.326918 1.114218
v -1.026744 1.394621 0.955552
v -1.168762 1.394622 0.788722
v 1.529643 1.293658 -1.759737
v 1.519693 1.308200 -1.760996
v 1.492088 1.325353 -1.748974
v 1.506505 1.319329 -1.757218
v 1.420873 1.171743 -1.887509
v 1.408245 1.183284 -1.891915
v 1.377481 1.196897 -1.883605
v 1.393008 1.192117 -1.890545
v 1.341847 1.003943 -1.980343
v 1.327274 1.011352 -1.987033
v 1.294215 1.020092 -1.981419
v 1.310547 1.017023 -1.987413
v 1.300301 0.806681 -2.029148
v 1.284704 0.809234 -2.037041
v 1.250439 0.812246 -2.032844
v 1.267195 0.811189 -2.038339
v 1.300301 0.599268 -2.029148
v 1.284704 0.596715 -2.037041
v 1.250439 0.593704 -2.032844
v 1.267195 0.594761 -2.038339
v 1.341847 0.402007 -1.980343
v 1.327274 0.394598 -1.987033
v 1.294215 0.385857 -1.981419
v 1.310547 0.388927 -1.987412
v 1.420873 0.234207 -1.887509
v 1.408245 0.222666 -1.891915
v 1.377481 0.209053 -1.883605
v 1.393008 0.213833 -1.890545
v 1.529643 0.112292 -1.759735
v 1.519693 0.097750 -1.760996
v 1.492088 0.080597 -1.748974
v 1.506505 0.086620 -1.757218
v 1.657510 0.048198 -1.609528
v 1.650708 0.032078 -1.607092
v 1.626816 0.013064 -1.590707
v 1.639929 0.019741 -1.600482
v 1.791957 0.048198 -1.451593
v 1.788464 0.032078 -1.445266
v 1.768477 0.013064 -1.424296
v 1.780219 0.019741 -1.435681
v 1.919824 0.112292 -1.301386
v 1.919479 0.097750 -1.291360
v 1.903205 0.080597 -1.266029
v 1.913643 0.086620 -1.278946
v 2.028594 0.234207 -1.173612
v 2.030927 0.222666 -1.160442
v 2.017811 0.209053 -1.131399
v 2.027141 0.213833 -1.145619
v 2.107620 0.402007 -1.080778
v 2.111898 0.394598 -1.065323
v 2.101078 0.385858 -1.033584
v 2.109601 0.388927 -1.048751
v 2.149166 0.599268 -1.031973
v 2.154468 0.596715 -1.015317
v 2.144854 0.593704 -0.982160
v 2.152953 0.594761 -0.997825
v 2.149166 0.806681 -1.031973
v 2.154468 0.809234 -1.015317
v 2.144854 0.812246 -0.982160
v 2.152953 0.811189 -0.997825
v 2.107620 1.003942 -1.080778
v 2.111898 1.011352 -1.065323
v 2.101078 1.020092 -1.033584
v 2.109601 1.017023 -1.048751
v 2.028594 1.171743 -1.173612
v 2.030927 1.183284 -1.160442
v 2.017811 1.196897 -1.131399
v 2.027141 1.192116 -1.145619
v 1.919824 1.293657 -1.301386
v 1.919479 1.308199 -1.291360
v 1.903205 1.325353 -1.266029
v 1.913643 1.319329 -1.278946
v 1.791957 1.357751 -1.451593
v 1.788464 1.373871 -1.445266
v 1.768477 1.392886 -1.424296
v 1.780219 1.386209 -1.435681
v 1.657510 1.357751 -1.609530
v 1.650708 1.373871 -1.607092
v 1.639929 1.386209 -1.600482
v 1.626816 1.392886 -1.590707
v -1.938715 1.358998 1.451571
v -1.934648 1.374695 1.444842
v -1.914358 1.392966 1.423770
v -1.926129 1.386576 1.435119
v -2.066826 1.294782 1.301077
v -2.065823 1.308942 1.290748
v -2.059625 1.319660 1.278301
v -2.049101 1.325425 1.265484
v -2.175802 1.172636 1.173060
v -2.177408 1.183873 1.159668
v -2.173183 1.192379 1.144902
v -2.163721 1.196954 1.130839
v -2.254978 1.004516 1.080050
v -2.258478 1.011731 1.064433
v -2.255687 1.017192 1.047982
v -2.246997 1.020129 1.033013
v -2.296604 0.806879 1.031152
v -2.301100 0.809365 1.014365
v -2.299063 0.811247 0.997028
v -2.290778 0.812259 0.981583
v -2.296604 0.599071 1.031152
v -2.301100 0.596585 1.014365
v -2.299063 0.594703 0.997028
v -2.290778 0.593691 0.981583
v -2.254979 0.401434 1.080050
v -2.258478 0.394219 1.064433
v -2.255687 0.388758 1.047982
v -2.246997 0.385821 1.033013
v -2.175802 0.233314 1.173060
v -2.177407 0.222077 1.159668
v -2.173183 0.213571 1.144902
v -2.163721 0.208996 1.130839
v -2.066825 0.111168 1.301077
v -2.065823 0.097008 1.290748
v -2.059625 0.086290 1.278301
v -2.049101 0.080525 1.265484
v -1.938715 0.046952 1.451571
v -1.934648 0.031255 1.444842
v -1.926129 0.019374 1.435119
v -1.914358 0.012984 1.423770
v -1.804012 0.046952 1.609807
v -1.796722 0.031255 1.606866
v -1.785763 0.019374 1.600009
v -1.772680 0.012984 1.590200
v -1.675902 0.111168 1.760300
v -1.665546 0.097008 1.760960
v -1.652268 0.086290 1.756829
v -1.637936 0.080525 1.748487
v -1.566925 0.233314 1.888317
v -1.553962 0.222077 1.892040
v -1.538710 0.213571 1.890226
v -1.523317 0.208996 1.883132
v -1.487749 0.401434 1.981328
v -1.472891 0.394219 1.987275
v -1.456205 0.388758 1.987146
v -1.440041 0.385821 1.980958
v -1.446123 0.599071 2.030226
v -1.430270 0.596585 2.037344
v -1.412830 0.594703 2.038100
v -1.396260 0.593691 2.032387
v -1.446123 0.806879 2.030226
v -1.430269 0.809365 2.037344
v -1.412830 0.811247 2.038100
v -1.396260 0.812259 2.032387
v -1.487749 1.004515 1.981328
v -1.472891 1.011730 1.987275
v -1.456205 1.017192 1.987146
v -1.440041 1.020129 1.980958
v -1.566925 1.172635 1.888317
v -1.553962 1.183873 1.892040
v -1.538710 1.192379 1.890226
v -1.523317 1.196954 1.883132
v -1.675902 1.294781 1.760300
v -1.665546 1.308942 1.760960
v -1.652268 1.319660 1.756829
v -1.637937 1.325424 1.748487
v -1.804013 1.358998 1.609807
v -1.796722 1.374694 1.606866
v -1.785764 1.386575 1.600009
v -1.772680 1.392966 1.590200
v 1.686289 1.167604 -1.594477
v 1.679348 1.175549 -1.590221
v 1.587062 1.129291 -1.698630
v 1.595555 1.122123 -1.701064
v 1.508559 1.041301 -1.790850
v 1.518372 1.035613 -1.791731
v 1.451524 0.920194 -1.857849
v 1.462295 0.916542 -1.857607
v 1.421538 0.777823 -1.893075
v 1.432813 0.776565 -1.892238
v 1.421538 0.628126 -1.893075
v 1.432813 0.629385 -1.892238
v 1.451524 0.485756 -1.857849
v 1.462295 0.489408 -1.857607
v 1.508559 0.364649 -1.790850
v 1.518372 0.370337 -1.791731
v 1.587062 0.276659 -1.698630
v 1.595555 0.283827 -1.701064
v 1.679348 0.230400 -1.590221
v 1.686289 0.238345 -1.594477
v 1.776383 0.230400 -1.476233
v 1.781693 0.238345 -1.482405
v 1.868669 0.276659 -1.367823
v 1.872427 0.283827 -1.375819
v 1.947172 0.364649 -1.275605
v 1.949610 0.370337 -1.285149
v 2.004207 0.485756 -1.208604
v 2.005687 0.489408 -1.219276
v 2.034193 0.628126 -1.173380
v 2.035168 0.629385 -1.184644
v 2.034193 0.777823 -1.173380
v 2.035168 0.776565 -1.184644
v 2.004207 0.920193 -1.208604
v 2.005687 0.916541 -1.219276
v 1.947172 1.041301 -1.275605
v 1.949610 1.035613 -1.285149
v 1.868669 1.129290 -1.367823
v 1.872427 1.122123 -1.375819
v 1.776383 1.175549 -1.476233
v 1.781693 1.167604 -1.482405
v 1.732394 1.163564 -1.632885
v 1.745343 1.156970 -1.642536
v 1.762703 1.128869 -1.651470
v 1.755986 1.144787 -1.649062
v 1.642449 1.118478 -1.738545
v 1.656685 1.112530 -1.746683
v 1.669708 1.101540 -1.750414
v 1.679533 1.087180 -1.749170
v 1.565937 1.032720 -1.828424
v 1.581268 1.028000 -1.835276
v 1.596315 1.019278 -1.836630
v 1.608785 1.007882 -1.832280
v 1.510348 0.914684 -1.893726
v 1.526475 0.911654 -1.899643
v 1.542992 0.906054 -1.899269
v 1.557383 0.898737 -1.892663
v 1.481123 0.775925 -1.928057
v 1.497668 0.774881 -1.933483
v 1.514958 0.772951 -1.932202
v 1.530360 0.770430 -1.924408
v 1.481123 0.630025 -1.928057
v 1.497668 0.631069 -1.933483
v 1.514958 0.632999 -1.932202
v 1.530360 0.635520 -1.924408
v 1.510348 0.491265 -1.893726
v 1.526475 0.494296 -1.899643
v 1.542992 0.499896 -1.899269
v 1.557383 0.507213 -1.892663
v 1.565937 0.373230 -1.828424
v 1.581268 0.377950 -1.835276
v 1.596315 0.386672 -1.836630
v 1.608785 0.398068 -1.832280
v 1.642449 0.287472 -1.738545
v 1.656685 0.293420 -1.746683
v 1.669708 0.304410 -1.750414
v 1.679534 0.318770 -1.749170
v 1.732394 0.242386 -1.632885
v 1.745343 0.248979 -1.642536
v 1.755986 0.261162 -1.649062
v 1.762703 0.277080 -1.651470
v 1.826968 0.242386 -1.521787
v 1.838563 0.248979 -1.533028
v 1.846705 0.261162 -1.542493
v 1.850153 0.277080 -1.548741
v 1.916913 0.287472 -1.416127
v 1.927220 0.293420 -1.428882
v 1.932983 0.304410 -1.441141
v 1.933323 0.318770 -1.451039
v 1.993425 0.373230 -1.326248
v 2.002637 0.377950 -1.340289
v 2.006376 0.386672 -1.354926
v 2.004072 0.398068 -1.367931
v 2.049014 0.491265 -1.260945
v 2.057430 0.494296 -1.275921
v 2.059699 0.499896 -1.292286
v 2.055474 0.507213 -1.307547
v 2.078239 0.630025 -1.226615
v 2.086237 0.631069 -1.242082
v 2.087732 0.632999 -1.259354
v 2.082497 0.635520 -1.275802
v 2.078239 0.775925 -1.226615
v 2.086237 0.774881 -1.242082
v 2.087732 0.772951 -1.259354
v 2.082497 0.770430 -1.275802
v 2.049014 0.914684 -1.260945
v 2.057430 0.911654 -1.275921
v 2.059699 0.906054 -1.292286
v 2.055474 0.898737 -1.307547
v 1.993425 1.032720 -1.326248
v 2.002637 1.028000 -1.340289
v 2.006376 1.019277 -1.354926
v 2.004072 1.007882 -1.367931
v 1.916913 1.118478 -1.416127
v 1.927220 1.112530 -1.428882
v 1.932983 1.101539 -1.441141
v 1.933323 1.087180 -1.451039
v 1.826968 1.163563 -1.521787
v 1.838563 1.156970 -1.533028
v 1.846705 1.144787 -1.542493
v 1.850153 1.128869 -1.548741
v 0.745763 1.326918 -1.114699
v 0.630868 1.198139 -1.249667
v 0.547392 1.020890 -1.347728
v 0.503506 0.812521 -1.399280
v 0.503506 0.593429 -1.399280
v 0.547392 0.385060 -1.347728
v 0.630868 0.207811 -1.249667
v 0.745763 0.079031 -1.114699
v 0.880830 0.011328 -0.956034
v 1.022847 0.011328 -0.789203
v 1.157914 0.079032 -0.630538
v 1.272809 0.207811 -0.495570
v 1.356284 0.385060 -0.397509
v 1.400170 0.593429 -0.345955
v 1.400170 0.812521 -0.345955
v 1.356284 1.020890 -0.397509
v 1.272809 1.198139 -0.495570
v 1.157914 1.326918 -0.630538
v 1.022847 1.394621 -0.789203
v 0.880830 1.394621 -0.956034
vt 0.525805 0.322291
vt 0.526534 0.321222
vt 0.530722 0.324585
vt 0.529837 0.325525
vt 0.537477 0.305153
vt 0.544040 0.310428
vt 0.534334 0.328561
vt 0.549704 0.316663
vt 0.533313 0.329350
vt 0.524371 0.324394
vt 0.525084 0.323349
vt 0.528961 0.326455
vt 0.528095 0.327373
vt 0.532304 0.330130
vt 0.531308 0.330898
vt 0.451948 0.481531
vt 0.456123 0.481531
vt 0.456123 0.487946
vt 0.451948 0.487946
vt 0.460298 0.481531
vt 0.460298 0.487946
vt 0.451948 0.480095
vt 0.456123 0.480095
vt 0.451948 0.478804
vt 0.456123 0.478804
vt 0.460298 0.478804
vt 0.460298 0.480095
vt 0.537270 0.333059
vt 0.536134 0.333680
vt 0.554316 0.323713
vt 0.539473 0.337958
vt 0.557773 0.331397
vt 0.538256 0.338393
vt 0.535011 0.334294
vt 0.533898 0.334902
vt 0.537054 0.338823
vt 0.535868 0.339247
vt 0.464474 0.481531
vt 0.464474 0.487946
vt 0.468649 0.481531
vt 0.468649 0.487946
vt 0.464474 0.480095
vt 0.464474 0.478804
vt 0.468649 0.478804
vt 0.468649 0.480095
vt 0.540874 0.343144
vt 0.539602 0.343383
vt 0.559977 0.339529
vt 0.541456 0.348484
vt 0.560888 0.347905
vt 0.540165 0.348522
vt 0.538343 0.343620
vt 0.537098 0.343855
vt 0.538889 0.348559
vt 0.537630 0.348596
vt 0.472825 0.481531
vt 0.472825 0.487946
vt 0.477000 0.481531
vt 0.477000 0.487946
vt 0.472825 0.480095
vt 0.472825 0.478804
vt 0.477000 0.478804
vt 0.477000 0.480095
vt 0.541186 0.353850
vt 0.539903 0.353685
vt 0.560470 0.356321
vt 0.540088 0.359109
vt 0.558747 0.364568
vt 0.538849 0.358746
vt 0.538632 0.353521
vt 0.537375 0.353358
vt 0.537624 0.358387
vt 0.536416 0.358032
vt 0.481175 0.481531
vt 0.481175 0.487946
vt 0.485351 0.481531
vt 0.485351 0.487946
vt 0.481175 0.480095
vt 0.481175 0.478804
vt 0.485351 0.478804
vt 0.485351 0.480095
vt 0.538174 0.364128
vt 0.537004 0.363575
vt 0.555748 0.372442
vt 0.535504 0.368791
vt 0.551560 0.379752
vt 0.534438 0.368062
vt 0.535847 0.363026
vt 0.534702 0.362483
vt 0.533384 0.367342
vt 0.532345 0.366631
vt 0.318335 0.487946
vt 0.318335 0.481531
vt 0.322510 0.481531
vt 0.322510 0.487946
vt 0.326686 0.481531
vt 0.326686 0.487946
vt 0.318335 0.480095
vt 0.322510 0.480095
vt 0.318335 0.478804
vt 0.322510 0.478804
vt 0.326686 0.478804
vt 0.326686 0.480095
vt 0.532132 0.372973
vt 0.531191 0.372085
vt 0.546274 0.386312
vt 0.528152 0.376582
vt 0.540032 0.391970
vt 0.527364 0.375559
vt 0.530260 0.371205
vt 0.529339 0.370335
vt 0.526584 0.374549
vt 0.525815 0.373551
vt 0.330861 0.481531
vt 0.330861 0.487946
vt 0.335037 0.481531
vt 0.335037 0.487946
vt 0.330861 0.480095
vt 0.330861 0.478804
vt 0.335037 0.478804
vt 0.335037 0.480095
vt 0.523653 0.379517
vt 0.523033 0.378381
vt 0.532978 0.396575
vt 0.518753 0.381719
vt 0.525294 0.400026
vt 0.518319 0.380503
vt 0.522419 0.377257
vt 0.521812 0.376144
vt 0.517890 0.379301
vt 0.517467 0.378115
vt 0.339212 0.481531
vt 0.339212 0.487946
vt 0.343387 0.481531
vt 0.343387 0.487946
vt 0.339212 0.480095
vt 0.339212 0.478804
vt 0.343387 0.478804
vt 0.343387 0.480095
vt 0.513567 0.383120
vt 0.513328 0.381848
vt 0.517163 0.402225
vt 0.508226 0.383700
vt 0.508789 0.403132
vt 0.508190 0.382409
vt 0.513092 0.380589
vt 0.512859 0.379344
vt 0.508153 0.381134
vt 0.508118 0.379875
vt 0.347563 0.481531
vt 0.347563 0.487946
vt 0.351738 0.481531
vt 0.351738 0.487946
vt 0.347563 0.480095
vt 0.347563 0.478804
vt 0.351738 0.478804
vt 0.351738 0.480095
vt 0.502862 0.383430
vt 0.503028 0.382147
vt 0.500376 0.402711
vt 0.497604 0.382331
vt 0.492133 0.400986
vt 0.497968 0.381092
vt 0.503193 0.380876
vt 0.503356 0.379620
vt 0.498328 0.379868
vt 0.498683 0.378660
vt 0.355914 0.481531
vt 0.355914 0.487946
vt 0.360089 0.481531
vt 0.360089 0.487946
vt 0.355914 0.480095
vt 0.355914 0.478804
vt 0.360089 0.478804
vt 0.360089 0.480095
vt 0.492586 0.380417
vt 0.493140 0.379247
vt 0.484263 0.397986
vt 0.487925 0.377747
vt 0.476956 0.393798
vt 0.488654 0.376681
vt 0.493689 0.378090
vt 0.494233 0.376946
vt 0.489374 0.375628
vt 0.490086 0.374589
vt 0.364264 0.481531
vt 0.364264 0.487946
vt 0.368440 0.481531
vt 0.368440 0.487946
vt 0.364264 0.480095
vt 0.364264 0.478804
vt 0.368440 0.478804
vt 0.368440 0.480095
vt 0.483744 0.374376
vt 0.484633 0.373435
vt 0.470399 0.388513
vt 0.480136 0.370397
vt 0.464744 0.382273
vt 0.481159 0.369609
vt 0.485513 0.372504
vt 0.486383 0.371584
vt 0.482170 0.368829
vt 0.483168 0.368061
vt 0.372615 0.481531
vt 0.372615 0.487946
vt 0.376791 0.481531
vt 0.376791 0.487946
vt 0.372615 0.480095
vt 0.372615 0.478804
vt 0.376791 0.478804
vt 0.376791 0.480095
vt 0.477202 0.365899
vt 0.478338 0.365279
vt 0.460142 0.375221
vt 0.475001 0.361000
vt 0.456692 0.367539
vt 0.476217 0.360567
vt 0.479463 0.364666
vt 0.480576 0.364059
vt 0.477420 0.360138
vt 0.478606 0.359715
vt 0.380966 0.481531
vt 0.380966 0.487946
vt 0.385141 0.481531
vt 0.385141 0.487946
vt 0.380966 0.480095
vt 0.380966 0.478804
vt 0.385141 0.478804
vt 0.385141 0.480095
vt 0.473601 0.355816
vt 0.474873 0.355578
vt 0.454494 0.359411
vt 0.473021 0.350478
vt 0.453587 0.351040
vt 0.474312 0.350441
vt 0.476132 0.355342
vt 0.477377 0.355108
vt 0.475587 0.350405
vt 0.476847 0.350369
vt 0.389317 0.481531
vt 0.389317 0.487946
vt 0.393492 0.481531
vt 0.393492 0.487946
vt 0.389317 0.480095
vt 0.389317 0.478804
vt 0.393492 0.478804
vt 0.393492 0.480095
vt 0.473291 0.345115
vt 0.474574 0.345281
vt 0.454008 0.342630
vt 0.474389 0.339858
vt 0.455732 0.334389
vt 0.475628 0.340222
vt 0.475845 0.345445
vt 0.477102 0.345608
vt 0.476853 0.340582
vt 0.478061 0.340937
vt 0.397668 0.481531
vt 0.397668 0.487946
vt 0.401843 0.481531
vt 0.401843 0.487946
vt 0.397668 0.480095
vt 0.397668 0.478804
vt 0.401843 0.478804
vt 0.401843 0.480095
vt 0.476303 0.334842
vt 0.477472 0.335396
vt 0.458731 0.326522
vt 0.478971 0.330182
vt 0.462917 0.319217
vt 0.480038 0.330911
vt 0.478630 0.335945
vt 0.479775 0.336488
vt 0.481091 0.331631
vt 0.482131 0.332343
vt 0.406018 0.481531
vt 0.406018 0.487946
vt 0.410194 0.481531
vt 0.410194 0.487946
vt 0.406018 0.480095
vt 0.406018 0.478804
vt 0.410194 0.478804
vt 0.410194 0.480095
vt 0.482342 0.326003
vt 0.483283 0.326891
vt 0.468199 0.312662
vt 0.486319 0.322396
vt 0.474436 0.307009
vt 0.487108 0.323418
vt 0.484214 0.327771
vt 0.485135 0.328641
vt 0.487888 0.324429
vt 0.488657 0.325426
vt 0.414369 0.481531
vt 0.414369 0.487946
vt 0.418544 0.481531
vt 0.418544 0.487946
vt 0.414369 0.480095
vt 0.414369 0.478804
vt 0.418544 0.478804
vt 0.418544 0.480095
vt 0.490816 0.319462
vt 0.491436 0.320598
vt 0.481484 0.302406
vt 0.495713 0.317261
vt 0.489162 0.298956
vt 0.496147 0.318477
vt 0.492050 0.321722
vt 0.492658 0.322834
vt 0.496577 0.319679
vt 0.497000 0.320865
vt 0.422720 0.481531
vt 0.422720 0.487946
vt 0.426895 0.481531
vt 0.426895 0.487946
vt 0.422720 0.480095
vt 0.422720 0.478804
vt 0.426895 0.478804
vt 0.426895 0.480095
vt 0.500896 0.315860
vt 0.501135 0.317131
vt 0.497287 0.296756
vt 0.506234 0.315280
vt 0.505655 0.295846
vt 0.506272 0.316570
vt 0.501372 0.318390
vt 0.501606 0.319635
vt 0.506309 0.317846
vt 0.506345 0.319104
vt 0.431071 0.481531
vt 0.431071 0.487946
vt 0.435246 0.481531
vt 0.435246 0.487946
vt 0.431071 0.480095
vt 0.431071 0.478804
vt 0.435246 0.478804
vt 0.435246 0.480095
vt 0.511596 0.315549
vt 0.511431 0.316832
vt 0.514062 0.296263
vt 0.516852 0.316647
vt 0.522302 0.297981
vt 0.516490 0.317886
vt 0.511268 0.318102
vt 0.511106 0.319359
vt 0.516132 0.319111
vt 0.515778 0.320319
vt 0.439422 0.481531
vt 0.439422 0.487946
vt 0.443597 0.481531
vt 0.443597 0.487946
vt 0.439422 0.480095
vt 0.439422 0.478804
vt 0.443597 0.478804
vt 0.443597 0.480095
vt 0.521318 0.319729
vt 0.521871 0.318557
vt 0.530168 0.300976
vt 0.520770 0.320888
vt 0.520227 0.322035
vt 0.447772 0.480095
vt 0.447772 0.478804
vt 0.447772 0.481531
vt 0.447772 0.487946
vt 0.535620 0.036176
vt 0.538483 0.038494
vt 0.522389 0.055570
vt 0.536494 0.034901
vt 0.539541 0.037375
vt 0.542167 0.040293
vt 0.540953 0.041228
vt 0.451948 0.490946
vt 0.451948 0.489569
vt 0.456123 0.489569
vt 0.456123 0.490946
vt 0.460298 0.489569
vt 0.460298 0.490946
vt 0.542975 0.044307
vt 0.544336 0.043563
vt 0.545930 0.047147
vt 0.544484 0.047665
vt 0.464474 0.489569
vt 0.464474 0.490946
vt 0.468649 0.489569
vt 0.468649 0.490946
vt 0.545454 0.051217
vt 0.546978 0.050930
vt 0.547384 0.054833
vt 0.545849 0.054878
vt 0.472825 0.489569
vt 0.472825 0.490946
vt 0.477000 0.489569
vt 0.477000 0.490946
vt 0.545672 0.058557
vt 0.547210 0.058755
vt 0.546388 0.062592
vt 0.544914 0.062161
vt 0.481175 0.489569
vt 0.481175 0.490946
vt 0.485351 0.489569
vt 0.485351 0.490946
vt 0.543608 0.065604
vt 0.545010 0.066269
vt 0.543042 0.069664
vt 0.541774 0.068798
vt 0.318335 0.490946
vt 0.318335 0.489569
vt 0.322510 0.489569
vt 0.322510 0.490946
vt 0.326686 0.489569
vt 0.326686 0.490946
vt 0.539467 0.071670
vt 0.540595 0.072735
vt 0.537674 0.075356
vt 0.536736 0.074141
vt 0.330861 0.489569
vt 0.330861 0.490946
vt 0.335037 0.489569
vt 0.335037 0.490946
vt 0.533654 0.076159
vt 0.534397 0.077520
vt 0.530809 0.079111
vt 0.530293 0.077665
vt 0.339212 0.489569
vt 0.339212 0.490946
vt 0.343387 0.489569
vt 0.343387 0.490946
vt 0.526738 0.078633
vt 0.527024 0.080157
vt 0.523120 0.080561
vt 0.523076 0.079026
vt 0.347563 0.489569
vt 0.347563 0.490946
vt 0.351738 0.489569
vt 0.351738 0.490946
vt 0.519397 0.078848
vt 0.519197 0.080386
vt 0.515360 0.079564
vt 0.515792 0.078090
vt 0.355914 0.489569
vt 0.355914 0.490946
vt 0.360089 0.489569
vt 0.360089 0.490946
vt 0.512348 0.076784
vt 0.511683 0.078186
vt 0.508288 0.076218
vt 0.509154 0.074950
vt 0.364264 0.489569
vt 0.364264 0.490946
vt 0.368440 0.489569
vt 0.368440 0.490946
vt 0.506282 0.072644
vt 0.505217 0.073771
vt 0.502596 0.070851
vt 0.503812 0.069913
vt 0.372615 0.489569
vt 0.372615 0.490946
vt 0.376791 0.489569
vt 0.376791 0.490946
vt 0.501794 0.066832
vt 0.500432 0.067575
vt 0.498842 0.063988
vt 0.500288 0.063472
vt 0.380966 0.489569
vt 0.380966 0.490946
vt 0.385141 0.489569
vt 0.385141 0.490946
vt 0.499321 0.059918
vt 0.497796 0.060204
vt 0.497392 0.056301
vt 0.498927 0.056257
vt 0.389317 0.489569
vt 0.389317 0.490946
vt 0.393492 0.489569
vt 0.393492 0.490946
vt 0.499105 0.052579
vt 0.497567 0.052380
vt 0.498389 0.048543
vt 0.499863 0.048976
vt 0.397668 0.489569
vt 0.397668 0.490946
vt 0.401843 0.489569
vt 0.401843 0.490946
vt 0.501169 0.045532
vt 0.499768 0.044868
vt 0.501735 0.041473
vt 0.503003 0.042339
vt 0.406018 0.489569
vt 0.406018 0.490946
vt 0.410194 0.489569
vt 0.410194 0.490946
vt 0.505309 0.039468
vt 0.504182 0.038403
vt 0.507102 0.035783
vt 0.508040 0.036998
vt 0.414369 0.489569
vt 0.414369 0.490946
vt 0.418544 0.489569
vt 0.418544 0.490946
vt 0.511121 0.034980
vt 0.510377 0.033619
vt 0.513965 0.032028
vt 0.514482 0.033474
vt 0.422720 0.489569
vt 0.422720 0.490946
vt 0.426895 0.489569
vt 0.426895 0.490946
vt 0.518036 0.032506
vt 0.517749 0.030982
vt 0.521652 0.030576
vt 0.521698 0.032111
vt 0.431071 0.489569
vt 0.431071 0.490946
vt 0.435246 0.489569
vt 0.435246 0.490946
vt 0.525378 0.032286
vt 0.525575 0.030748
vt 0.529415 0.031566
vt 0.528983 0.033040
vt 0.439422 0.489569
vt 0.439422 0.490946
vt 0.443597 0.489569
vt 0.443597 0.490946
vt 0.447772 0.489569
vt 0.447772 0.490946
vt 0.532428 0.034342
vt 0.533095 0.032938
vt 0.574788 0.090345
vt 0.574541 0.090265
vt 0.576538 0.081904
vt 0.576794 0.081945
vt 0.577220 0.073334
vt 0.577479 0.073334
vt 0.574295 0.090185
vt 0.576282 0.081864
vt 0.573097 0.089796
vt 0.575042 0.081667
vt 0.575697 0.073335
vt 0.576962 0.073335
vt 0.571020 0.098091
vt 0.569896 0.097519
vt 0.571250 0.098209
vt 0.566765 0.105547
vt 0.566556 0.105395
vt 0.565533 0.104652
vt 0.571481 0.098326
vt 0.566975 0.105699
vt 0.560990 0.111898
vt 0.560102 0.111010
vt 0.561173 0.112081
vt 0.554644 0.117677
vt 0.554492 0.117468
vt 0.553748 0.116445
vt 0.561356 0.112264
vt 0.554797 0.117886
vt 0.547191 0.121932
vt 0.546620 0.120814
vt 0.547309 0.122163
vt 0.539371 0.125467
vt 0.539291 0.125221
vt 0.538899 0.124019
vt 0.547427 0.122394
vt 0.539451 0.125713
vt 0.530968 0.127211
vt 0.530770 0.125971
vt 0.531008 0.127467
vt 0.522438 0.128156
vt 0.522438 0.127897
vt 0.522438 0.126632
vt 0.531049 0.127723
vt 0.522438 0.128414
vt 0.513907 0.127218
vt 0.514103 0.125977
vt 0.513867 0.127474
vt 0.505503 0.125479
vt 0.505583 0.125233
vt 0.505974 0.124030
vt 0.513826 0.127730
vt 0.505423 0.125726
vt 0.497679 0.121951
vt 0.498249 0.120832
vt 0.497561 0.122182
vt 0.490224 0.117701
vt 0.490376 0.117491
vt 0.491119 0.116468
vt 0.497444 0.122413
vt 0.490072 0.117910
vt 0.483872 0.111927
vt 0.484760 0.111039
vt 0.483689 0.112111
vt 0.478096 0.105581
vt 0.478306 0.105429
vt 0.479329 0.104685
vt 0.483506 0.112294
vt 0.477887 0.105733
vt 0.473839 0.098127
vt 0.474958 0.097557
vt 0.473608 0.098245
vt 0.470307 0.090306
vt 0.470553 0.090226
vt 0.471756 0.089836
vt 0.473377 0.098363
vt 0.470061 0.090386
vt 0.468561 0.081902
vt 0.469801 0.081706
vt 0.468305 0.081943
vt 0.467620 0.073372
vt 0.467878 0.073372
vt 0.469143 0.073373
vt 0.468050 0.081984
vt 0.467361 0.073372
vt 0.468556 0.064841
vt 0.469796 0.065037
vt 0.468300 0.064800
vt 0.470296 0.056437
vt 0.470542 0.056517
vt 0.471745 0.056908
vt 0.468044 0.064760
vt 0.470050 0.056357
vt 0.473823 0.048612
vt 0.474942 0.049182
vt 0.473592 0.048495
vt 0.478075 0.041158
vt 0.478285 0.041310
vt 0.479308 0.042053
vt 0.473361 0.048377
vt 0.477866 0.041006
vt 0.483847 0.034806
vt 0.484735 0.035693
vt 0.483663 0.034622
vt 0.490195 0.029030
vt 0.490347 0.029239
vt 0.491091 0.030262
vt 0.483480 0.034439
vt 0.490043 0.028820
vt 0.497646 0.024772
vt 0.498217 0.025891
vt 0.497529 0.024541
vt 0.505469 0.021241
vt 0.505549 0.021487
vt 0.505941 0.022689
vt 0.497411 0.024311
vt 0.505389 0.020995
vt 0.513871 0.019495
vt 0.514068 0.020735
vt 0.513831 0.019239
vt 0.522403 0.018553
vt 0.522403 0.018812
vt 0.522403 0.020076
vt 0.513790 0.018983
vt 0.522402 0.018294
vt 0.530933 0.019489
vt 0.530737 0.020729
vt 0.530973 0.019233
vt 0.539338 0.021229
vt 0.539258 0.021476
vt 0.538868 0.022679
vt 0.531014 0.018977
vt 0.539418 0.020983
vt 0.547161 0.024756
vt 0.546591 0.025875
vt 0.547279 0.024525
vt 0.554617 0.029009
vt 0.554465 0.029218
vt 0.553722 0.030242
vt 0.547396 0.024294
vt 0.554769 0.028799
vt 0.560967 0.034781
vt 0.560079 0.035669
vt 0.561150 0.034597
vt 0.566745 0.041128
vt 0.566535 0.041281
vt 0.565513 0.042025
vt 0.561334 0.034414
vt 0.566954 0.040976
vt 0.571000 0.048580
vt 0.569881 0.049151
vt 0.571231 0.048463
vt 0.574533 0.056402
vt 0.574287 0.056482
vt 0.573084 0.056874
vt 0.571461 0.048345
vt 0.574779 0.056322
vt 0.576276 0.064804
vt 0.575036 0.065001
vt 0.576532 0.064764
vt 0.576788 0.064723
vt 0.572850 0.089716
vt 0.574785 0.081627
vt 0.575438 0.073335
vt 0.537615 0.304951
vt 0.530273 0.300755
vt 0.522370 0.297746
vt 0.544208 0.310250
vt 0.549897 0.316513
vt 0.569665 0.097401
vt 0.565323 0.104499
vt 0.554530 0.323596
vt 0.558003 0.331314
vt 0.559918 0.110827
vt 0.553595 0.116236
vt 0.560217 0.339483
vt 0.561133 0.347898
vt 0.546502 0.120583
vt 0.538819 0.123772
vt 0.560712 0.356352
vt 0.558981 0.364637
vt 0.530730 0.125714
vt 0.522437 0.126373
vt 0.555968 0.372546
vt 0.551761 0.379890
vt 0.514143 0.125720
vt 0.506054 0.123784
vt 0.546452 0.386480
vt 0.540181 0.392163
vt 0.498366 0.120600
vt 0.491272 0.116258
vt 0.533095 0.396789
vt 0.525376 0.400256
vt 0.484944 0.110855
vt 0.479539 0.104533
vt 0.517208 0.402465
vt 0.508796 0.403377
vt 0.475189 0.097439
vt 0.472003 0.089756
vt 0.500345 0.402954
vt 0.492064 0.401221
vt 0.470058 0.081665
vt 0.469403 0.073373
vt 0.484158 0.398207
vt 0.476818 0.394000
vt 0.470052 0.065077
vt 0.471992 0.056988
vt 0.470231 0.388691
vt 0.464551 0.382422
vt 0.475173 0.049300
vt 0.479518 0.042205
vt 0.459927 0.375338
vt 0.456462 0.367621
vt 0.484918 0.035877
vt 0.491243 0.030472
vt 0.454254 0.359456
vt 0.453343 0.351047
vt 0.498335 0.026122
vt 0.506021 0.022936
vt 0.453766 0.342599
vt 0.455498 0.334320
vt 0.514109 0.020991
vt 0.522404 0.020336
vt 0.458510 0.326417
vt 0.462715 0.319080
vt 0.530696 0.020986
vt 0.538788 0.022925
vt 0.468021 0.312494
vt 0.474286 0.306815
vt 0.546473 0.026107
vt 0.553570 0.030452
vt 0.481367 0.302192
vt 0.489080 0.298726
vt 0.559896 0.035853
vt 0.565303 0.042177
vt 0.497241 0.296516
vt 0.505647 0.295602
vt 0.569649 0.049269
vt 0.572838 0.056954
vt 0.514093 0.296021
vt 0.574780 0.065042
vt 0.358423 0.237174
vt 0.369215 0.237174
vt 0.369215 0.370511
vt 0.358423 0.370511
vt 0.380007 0.237174
vt 0.380007 0.370511
vt 0.390799 0.237174
vt 0.390799 0.370511
vt 0.401590 0.237174
vt 0.401590 0.370511
vt 0.412379 0.237174
vt 0.412379 0.370511
vt 0.423166 0.237174
vt 0.423166 0.370511
vt 0.433939 0.237174
vt 0.433939 0.370511
vt 0.444688 0.237174
vt 0.444688 0.370511
vt 0.013423 0.237174
vt 0.024160 0.237174
vt 0.024160 0.370511
vt 0.013423 0.370511
vt 0.034939 0.237174
vt 0.034939 0.370511
vt 0.045723 0.237174
vt 0.045723 0.370511
vt 0.056516 0.237174
vt 0.056516 0.370511
vt 0.067307 0.237174
vt 0.067307 0.370511
vt 0.078102 0.237174
vt 0.078102 0.370511
vt 0.088895 0.237174
vt 0.088895 0.370511
vt 0.099690 0.237174
vt 0.099690 0.370511
vt 0.110483 0.237174
vt 0.110483 0.370511
vt 0.121278 0.237174
vt 0.121278 0.370511
vt 0.132072 0.237174
vt 0.132072 0.370511
vt 0.142867 0.237174
vt 0.142867 0.370511
vt 0.153662 0.237174
vt 0.153662 0.370511
vt 0.164457 0.237174
vt 0.164457 0.370511
vt 0.175252 0.237174
vt 0.175252 0.370511
vt 0.186048 0.237174
vt 0.186048 0.370511
vt 0.196825 0.237174
vt 0.196825 0.370511
vt 0.207574 0.237174
vt 0.207574 0.370511
vt 0.218324 0.237174
vt 0.218324 0.370511
vt 0.229074 0.237174
vt 0.229074 0.370511
vt 0.239824 0.237174
vt 0.239824 0.370511
vt 0.250574 0.237174
vt 0.250574 0.370511
vt 0.261323 0.237174
vt 0.261323 0.370511
vt 0.272080 0.237174
vt 0.272080 0.370511
vt 0.282874 0.237174
vt 0.282874 0.370511
vt 0.293667 0.237174
vt 0.293667 0.370511
vt 0.304460 0.237174
vt 0.304460 0.370511
vt 0.315254 0.237174
vt 0.315254 0.370511
vt 0.326046 0.237174
vt 0.326046 0.370511
vt 0.336839 0.237174
vt 0.336839 0.370511
vt 0.347631 0.237174
vt 0.347631 0.370511
vt 0.584285 0.198136
vt 0.583455 0.198414
vt 0.579435 0.188965
vt 0.580211 0.188561
vt 0.566207 0.204193
vt 0.563304 0.197371
vt 0.573994 0.180257
vt 0.559375 0.191083
vt 0.574697 0.179736
vt 0.585946 0.197580
vt 0.585115 0.197858
vt 0.580988 0.188156
vt 0.581764 0.187752
vt 0.575401 0.179215
vt 0.576105 0.178694
vt 0.358423 0.006903
vt 0.369215 0.006903
vt 0.369215 0.103870
vt 0.358423 0.103870
vt 0.358423 0.006024
vt 0.369215 0.006024
vt 0.380007 0.006024
vt 0.380007 0.006903
vt 0.380007 0.103870
vt 0.358423 0.005148
vt 0.369215 0.005148
vt 0.358423 0.004276
vt 0.369215 0.004276
vt 0.380007 0.004276
vt 0.380007 0.005148
vt 0.567250 0.172513
vt 0.567864 0.171889
vt 0.554506 0.185492
vt 0.559385 0.165913
vt 0.548827 0.180726
vt 0.559893 0.165200
vt 0.568477 0.171264
vt 0.569091 0.170639
vt 0.560401 0.164487
vt 0.560909 0.163774
vt 0.390799 0.006903
vt 0.390799 0.103870
vt 0.390799 0.006024
vt 0.401590 0.006024
vt 0.401590 0.006903
vt 0.401590 0.103870
vt 0.390799 0.005148
vt 0.390799 0.004276
vt 0.401590 0.004276
vt 0.401590 0.005148
vt 0.550578 0.160632
vt 0.550969 0.159848
vt 0.542469 0.176913
vt 0.541058 0.156785
vt 0.535594 0.174136
vt 0.541321 0.155950
vt 0.551359 0.159065
vt 0.551750 0.158281
vt 0.541584 0.155115
vt 0.541847 0.154279
vt 0.412379 0.006903
vt 0.412379 0.103870
vt 0.412379 0.006024
vt 0.423166 0.006024
vt 0.423166 0.006903
vt 0.423166 0.103870
vt 0.412379 0.005148
vt 0.412379 0.004276
vt 0.423166 0.004276
vt 0.423166 0.005148
vt 0.531051 0.154483
vt 0.531180 0.153618
vt 0.528369 0.172474
vt 0.520807 0.153767
vt 0.520973 0.171957
vt 0.520799 0.152891
vt 0.531309 0.152752
vt 0.531438 0.151886
vt 0.520791 0.152016
vt 0.520783 0.151140
vt 0.433939 0.006903
vt 0.433939 0.103870
vt 0.433939 0.006024
vt 0.444688 0.006024
vt 0.444688 0.006903
vt 0.444688 0.103870
vt 0.433939 0.005148
vt 0.433939 0.004276
vt 0.444688 0.004276
vt 0.444688 0.005148
vt 0.510579 0.154670
vt 0.510434 0.153807
vt 0.513588 0.172609
vt 0.500615 0.157154
vt 0.506394 0.174403
vt 0.500337 0.156324
vt 0.510289 0.152944
vt 0.510144 0.152080
vt 0.500059 0.155494
vt 0.499781 0.154664
vt 0.013423 0.006903
vt 0.024160 0.006903
vt 0.024160 0.103870
vt 0.013423 0.103870
vt 0.013423 0.006024
vt 0.024160 0.006024
vt 0.034939 0.006024
vt 0.034939 0.006903
vt 0.034939 0.103870
vt 0.013423 0.005148
vt 0.024160 0.005148
vt 0.013423 0.004276
vt 0.024160 0.004276
vt 0.034939 0.004276
vt 0.034939 0.005148
vt 0.491166 0.161175
vt 0.490762 0.160398
vt 0.499572 0.177306
vt 0.482458 0.166616
vt 0.493284 0.181234
vt 0.481937 0.165913
vt 0.490357 0.159622
vt 0.489953 0.158845
vt 0.481416 0.165209
vt 0.480895 0.164505
vt 0.045723 0.006903
vt 0.045723 0.103870
vt 0.045723 0.006024
vt 0.056516 0.006024
vt 0.056515 0.006903
vt 0.056515 0.103870
vt 0.045723 0.005148
vt 0.045723 0.004276
vt 0.056516 0.004276
vt 0.056516 0.005148
vt 0.474714 0.173360
vt 0.474090 0.172746
vt 0.487693 0.186103
vt 0.468114 0.181226
vt 0.482928 0.191783
vt 0.467401 0.180718
vt 0.473465 0.172133
vt 0.472840 0.171519
vt 0.466688 0.180210
vt 0.465975 0.179701
vt 0.067308 0.006903
vt 0.067307 0.103870
vt 0.067307 0.006024
vt 0.078102 0.006024
vt 0.078102 0.006903
vt 0.078102 0.103870
vt 0.067307 0.005148
vt 0.067307 0.004276
vt 0.078102 0.004276
vt 0.078102 0.005148
vt 0.462833 0.190032
vt 0.462049 0.189642
vt 0.479115 0.198141
vt 0.458986 0.199553
vt 0.476338 0.205015
vt 0.458151 0.199290
vt 0.461266 0.189252
vt 0.460482 0.188861
vt 0.457316 0.199027
vt 0.456481 0.198764
vt 0.088895 0.006903
vt 0.088895 0.103870
vt 0.088895 0.006024
vt 0.099690 0.006024
vt 0.099690 0.006903
vt 0.099690 0.103870
vt 0.088895 0.005148
vt 0.088895 0.004276
vt 0.099690 0.004276
vt 0.099690 0.005148
vt 0.456686 0.209560
vt 0.455820 0.209431
vt 0.474677 0.212240
vt 0.455970 0.219804
vt 0.474160 0.219636
vt 0.455094 0.219812
vt 0.454954 0.209302
vt 0.454088 0.209173
vt 0.454219 0.219820
vt 0.453343 0.219828
vt 0.110483 0.006903
vt 0.110483 0.103870
vt 0.110483 0.006024
vt 0.121278 0.006024
vt 0.121278 0.006903
vt 0.121278 0.103870
vt 0.110483 0.005148
vt 0.110483 0.004276
vt 0.121278 0.004276
vt 0.121278 0.005148
vt 0.456874 0.230032
vt 0.456011 0.230177
vt 0.474813 0.227020
vt 0.459359 0.239994
vt 0.476606 0.234214
vt 0.458529 0.240273
vt 0.455148 0.230322
vt 0.454284 0.230466
vt 0.457699 0.240551
vt 0.456868 0.240829
vt 0.132072 0.006903
vt 0.132072 0.103870
vt 0.132072 0.006024
vt 0.142867 0.006024
vt 0.142867 0.006903
vt 0.142867 0.103870
vt 0.132072 0.005148
vt 0.132072 0.004276
vt 0.142867 0.004276
vt 0.142867 0.005148
vt 0.463380 0.249442
vt 0.462603 0.249846
vt 0.479510 0.241035
vt 0.468821 0.258149
vt 0.483439 0.247322
vt 0.468117 0.258670
vt 0.461827 0.250251
vt 0.461050 0.250656
vt 0.467414 0.259191
vt 0.466710 0.259712
vt 0.153662 0.006903
vt 0.153662 0.103870
vt 0.153662 0.006024
vt 0.164457 0.006024
vt 0.164457 0.006903
vt 0.164457 0.103870
vt 0.153662 0.005148
vt 0.153662 0.004276
vt 0.164457 0.004276
vt 0.164457 0.005148
vt 0.475563 0.265891
vt 0.474950 0.266516
vt 0.488308 0.252912
vt 0.483427 0.272491
vt 0.493986 0.257679
vt 0.482919 0.273204
vt 0.474336 0.267140
vt 0.473723 0.267765
vt 0.482411 0.273917
vt 0.481903 0.274630
vt 0.175252 0.006903
vt 0.175252 0.103870
vt 0.175252 0.006024
vt 0.186048 0.006024
vt 0.186048 0.006903
vt 0.186048 0.103870
vt 0.175252 0.005148
vt 0.175252 0.004276
vt 0.186048 0.004276
vt 0.186048 0.005148
vt 0.492232 0.277773
vt 0.491842 0.278556
vt 0.500344 0.261492
vt 0.501752 0.281620
vt 0.507217 0.264270
vt 0.501489 0.282455
vt 0.491452 0.279340
vt 0.491061 0.280123
vt 0.501226 0.283290
vt 0.500962 0.284126
vt 0.196825 0.006903
vt 0.196825 0.103870
vt 0.196825 0.006024
vt 0.207574 0.006024
vt 0.207574 0.006903
vt 0.207574 0.103870
vt 0.196825 0.005148
vt 0.196825 0.004276
vt 0.207574 0.004276
vt 0.207574 0.005148
vt 0.511758 0.283922
vt 0.511629 0.284788
vt 0.514442 0.265932
vt 0.522001 0.284640
vt 0.521837 0.266450
vt 0.522009 0.285515
vt 0.511500 0.285654
vt 0.511371 0.286520
vt 0.522017 0.286391
vt 0.522025 0.287266
vt 0.218324 0.006903
vt 0.218324 0.103870
vt 0.218324 0.006024
vt 0.229074 0.006024
vt 0.229074 0.006903
vt 0.229074 0.103870
vt 0.218324 0.005148
vt 0.218324 0.004276
vt 0.229074 0.004276
vt 0.229074 0.005148
vt 0.532230 0.283737
vt 0.532375 0.284600
vt 0.529222 0.265797
vt 0.542194 0.281254
vt 0.536416 0.264005
vt 0.542472 0.282084
vt 0.532519 0.285464
vt 0.532664 0.286327
vt 0.542750 0.282914
vt 0.543028 0.283744
vt 0.239824 0.006903
vt 0.239824 0.103870
vt 0.239824 0.006024
vt 0.250574 0.006024
vt 0.250574 0.006903
vt 0.250574 0.103870
vt 0.239824 0.005148
vt 0.239824 0.004276
vt 0.250574 0.004276
vt 0.250574 0.005148
vt 0.551642 0.277234
vt 0.552047 0.278010
vt 0.543238 0.261102
vt 0.560351 0.271793
vt 0.549525 0.257174
vt 0.560872 0.272496
vt 0.552451 0.278787
vt 0.552856 0.279563
vt 0.561393 0.273200
vt 0.561914 0.273904
vt 0.261323 0.006903
vt 0.261323 0.103870
vt 0.261323 0.006024
vt 0.272080 0.006024
vt 0.272080 0.006903
vt 0.272080 0.103870
vt 0.261323 0.005148
vt 0.261323 0.004276
vt 0.272080 0.004276
vt 0.272080 0.005148
vt 0.568095 0.265050
vt 0.568720 0.265663
vt 0.555117 0.252305
vt 0.574696 0.257184
vt 0.559883 0.246626
vt 0.575409 0.257692
vt 0.569344 0.266277
vt 0.569969 0.266890
vt 0.576122 0.258200
vt 0.576835 0.258709
vt 0.282874 0.006903
vt 0.282874 0.103870
vt 0.282874 0.006024
vt 0.293667 0.006024
vt 0.293667 0.006903
vt 0.293667 0.103870
vt 0.282874 0.005148
vt 0.282874 0.004276
vt 0.293667 0.004276
vt 0.293667 0.005148
vt 0.579977 0.248378
vt 0.580761 0.248768
vt 0.563696 0.240268
vt 0.583825 0.238857
vt 0.566473 0.233394
vt 0.584660 0.239120
vt 0.581545 0.249158
vt 0.582328 0.249549
vt 0.585495 0.239383
vt 0.586330 0.239646
vt 0.304460 0.006903
vt 0.304460 0.103870
vt 0.304460 0.006024
vt 0.315254 0.006024
vt 0.315254 0.006903
vt 0.315254 0.103870
vt 0.304460 0.005148
vt 0.304460 0.004276
vt 0.315254 0.004276
vt 0.315254 0.005148
vt 0.586126 0.228850
vt 0.586992 0.228979
vt 0.568135 0.226168
vt 0.586843 0.218606
vt 0.568653 0.218772
vt 0.587718 0.218598
vt 0.587858 0.229108
vt 0.588724 0.229237
vt 0.588593 0.218590
vt 0.589469 0.218582
vt 0.326046 0.006903
vt 0.326046 0.103870
vt 0.326046 0.006024
vt 0.336839 0.006024
vt 0.336839 0.006903
vt 0.336839 0.103870
vt 0.326046 0.005148
vt 0.326046 0.004276
vt 0.336839 0.004276
vt 0.336839 0.005148
vt 0.585939 0.208378
vt 0.568000 0.211387
vt 0.586802 0.208233
vt 0.587666 0.208088
vt 0.588529 0.207943
vt 0.347631 0.005148
vt 0.347631 0.004276
vt 0.347631 0.006024
vt 0.347631 0.006903
vt 0.347631 0.103870
vt 0.586467 0.094138
vt 0.585640 0.093869
vt 0.588065 0.083726
vt 0.588924 0.083862
vt 0.588887 0.073331
vt 0.589756 0.073330
vt 0.588122 0.094675
vt 0.587294 0.094406
vt 0.589783 0.083998
vt 0.590642 0.084134
vt 0.590626 0.073330
vt 0.591496 0.073330
vt 0.358423 0.467486
vt 0.347631 0.467486
vt 0.358423 0.468359
vt 0.347631 0.468359
vt 0.336839 0.468359
vt 0.336839 0.467486
vt 0.358423 0.469229
vt 0.347631 0.469229
vt 0.358423 0.470095
vt 0.347631 0.470095
vt 0.336839 0.470095
vt 0.336839 0.469229
vt 0.581648 0.103505
vt 0.582422 0.103899
vt 0.576908 0.112914
vt 0.576205 0.112403
vt 0.583198 0.104294
vt 0.583973 0.104689
vt 0.578316 0.113936
vt 0.577612 0.113425
vt 0.369215 0.469229
vt 0.369215 0.470095
vt 0.369215 0.468359
vt 0.380007 0.468359
vt 0.380007 0.469229
vt 0.380007 0.470095
vt 0.369215 0.467486
vt 0.380007 0.467486
vt 0.569430 0.120330
vt 0.570045 0.120944
vt 0.562019 0.127814
vt 0.561507 0.127111
vt 0.570660 0.121559
vt 0.571275 0.122174
vt 0.563042 0.129221
vt 0.562530 0.128517
vt 0.390799 0.469229
vt 0.390799 0.470095
vt 0.390799 0.468359
vt 0.401590 0.468359
vt 0.401590 0.469229
vt 0.401590 0.470095
vt 0.390799 0.467486
vt 0.401590 0.467486
vt 0.552614 0.132559
vt 0.553009 0.133333
vt 0.543252 0.137387
vt 0.542983 0.136560
vt 0.553404 0.134108
vt 0.553800 0.134883
vt 0.543790 0.139042
vt 0.543521 0.138214
vt 0.412379 0.469229
vt 0.412379 0.470095
vt 0.412379 0.468359
vt 0.423166 0.468359
vt 0.423166 0.469229
vt 0.423166 0.470095
vt 0.412379 0.467486
vt 0.423166 0.467486
vt 0.532841 0.138993
vt 0.532977 0.139852
vt 0.522444 0.140692
vt 0.522444 0.139822
vt 0.533113 0.140711
vt 0.533250 0.141570
vt 0.522445 0.142432
vt 0.522444 0.141561
vt 0.433939 0.469229
vt 0.433939 0.470095
vt 0.433939 0.468359
vt 0.444688 0.468359
vt 0.444688 0.469229
vt 0.444688 0.470095
vt 0.433939 0.467486
vt 0.444688 0.467486
vt 0.512046 0.139001
vt 0.511910 0.139860
vt 0.501633 0.137403
vt 0.501902 0.136577
vt 0.511774 0.140719
vt 0.511638 0.141579
vt 0.501096 0.139058
vt 0.501365 0.138231
vt 0.013423 0.470095
vt 0.013423 0.469229
vt 0.024160 0.469229
vt 0.024160 0.470095
vt 0.013423 0.468359
vt 0.024160 0.468359
vt 0.034939 0.468359
vt 0.034939 0.469229
vt 0.034939 0.470095
vt 0.013423 0.467486
vt 0.024160 0.467486
vt 0.034939 0.467486
vt 0.492266 0.132582
vt 0.491872 0.133357
vt 0.482858 0.127845
vt 0.483368 0.127141
vt 0.491477 0.134132
vt 0.491082 0.134908
vt 0.481835 0.129252
vt 0.482346 0.128548
vt 0.045723 0.469229
vt 0.045723 0.470095
vt 0.045723 0.468359
vt 0.056516 0.468359
vt 0.056516 0.469229
vt 0.056516 0.470095
vt 0.045723 0.467486
vt 0.056516 0.467486
vt 0.475439 0.120365
vt 0.474825 0.120980
vt 0.467955 0.112951
vt 0.468658 0.112440
vt 0.474210 0.121595
vt 0.473594 0.122210
vt 0.466548 0.113974
vt 0.467252 0.113463
vt 0.067307 0.469229
vt 0.067307 0.470095
vt 0.067307 0.468359
vt 0.078102 0.468359
vt 0.078102 0.469229
vt 0.078102 0.470095
vt 0.067307 0.467486
vt 0.078102 0.467486
vt 0.463211 0.103546
vt 0.462437 0.103940
vt 0.458385 0.094182
vt 0.459211 0.093913
vt 0.461662 0.104335
vt 0.460887 0.104730
vt 0.456730 0.094720
vt 0.457558 0.094451
vt 0.088895 0.469229
vt 0.088895 0.470095
vt 0.088895 0.468359
vt 0.099690 0.468359
vt 0.099690 0.469229
vt 0.099690 0.470095
vt 0.088895 0.467486
vt 0.099690 0.467486
vt 0.456780 0.083771
vt 0.455921 0.083907
vt 0.455083 0.073374
vt 0.455952 0.073374
vt 0.455062 0.084043
vt 0.454203 0.084179
vt 0.453343 0.073374
vt 0.454213 0.073374
vt 0.110483 0.469229
vt 0.110483 0.470095
vt 0.110483 0.468359
vt 0.121278 0.468359
vt 0.121278 0.469229
vt 0.121278 0.470095
vt 0.110483 0.467486
vt 0.121278 0.467486
vt 0.456773 0.062977
vt 0.455915 0.062841
vt 0.458372 0.052565
vt 0.459199 0.052834
vt 0.455056 0.062705
vt 0.454196 0.062569
vt 0.456718 0.052028
vt 0.457545 0.052297
vt 0.132072 0.469229
vt 0.132072 0.470095
vt 0.132072 0.468359
vt 0.142867 0.468359
vt 0.142867 0.469229
vt 0.142867 0.470095
vt 0.132072 0.467486
vt 0.142867 0.467486
vt 0.463193 0.043199
vt 0.462418 0.042805
vt 0.467931 0.033791
vt 0.468634 0.034302
vt 0.461643 0.042410
vt 0.460868 0.042015
vt 0.466523 0.032769
vt 0.467227 0.033280
vt 0.153662 0.469229
vt 0.153662 0.470095
vt 0.153662 0.468359
vt 0.164457 0.468359
vt 0.164457 0.469229
vt 0.164457 0.470095
vt 0.153662 0.467486
vt 0.164457 0.467486
vt 0.475409 0.026373
vt 0.474794 0.025759
vt 0.482822 0.018890
vt 0.483334 0.019593
vt 0.474179 0.025144
vt 0.473564 0.024529
vt 0.481799 0.017482
vt 0.482311 0.018186
vt 0.175252 0.469229
vt 0.175252 0.470095
vt 0.175252 0.468359
vt 0.186048 0.468359
vt 0.186048 0.469229
vt 0.186048 0.470095
vt 0.175252 0.467486
vt 0.186048 0.467486
vt 0.492227 0.014146
vt 0.491832 0.013371
vt 0.501590 0.009319
vt 0.501859 0.010146
vt 0.491437 0.012596
vt 0.491042 0.011821
vt 0.501052 0.007664
vt 0.501321 0.008492
vt 0.196825 0.469229
vt 0.196825 0.470095
vt 0.196825 0.468359
vt 0.207574 0.468359
vt 0.207574 0.469229
vt 0.207574 0.470095
vt 0.196825 0.467486
vt 0.207574 0.467486
vt 0.512001 0.007713
vt 0.511864 0.006855
vt 0.522397 0.006016
vt 0.522397 0.006885
vt 0.511728 0.005996
vt 0.511592 0.005136
vt 0.522396 0.004276
vt 0.522397 0.005146
vt 0.218324 0.469229
vt 0.218324 0.470095
vt 0.218324 0.468359
vt 0.229074 0.468359
vt 0.229074 0.469229
vt 0.229074 0.470095
vt 0.218324 0.467486
vt 0.229074 0.467486
vt 0.532794 0.007706
vt 0.532930 0.006847
vt 0.543206 0.009305
vt 0.542938 0.010131
vt 0.533066 0.005988
vt 0.533202 0.005129
vt 0.543744 0.007650
vt 0.543475 0.008477
vt 0.239824 0.469229
vt 0.239824 0.470095
vt 0.239824 0.468359
vt 0.250574 0.468359
vt 0.250574 0.469229
vt 0.250574 0.470095
vt 0.239824 0.467486
vt 0.250574 0.467486
vt 0.552573 0.014125
vt 0.552967 0.013350
vt 0.561981 0.018863
vt 0.561471 0.019566
vt 0.553362 0.012575
vt 0.553757 0.011800
vt 0.563004 0.017455
vt 0.562492 0.018159
vt 0.261323 0.469229
vt 0.261323 0.470095
vt 0.261323 0.468359
vt 0.272080 0.468359
vt 0.272080 0.469229
vt 0.272080 0.470095
vt 0.261323 0.467486
vt 0.272080 0.467486
vt 0.569400 0.026342
vt 0.570014 0.025727
vt 0.576884 0.033756
vt 0.576181 0.034267
vt 0.570629 0.025112
vt 0.571244 0.024497
vt 0.578291 0.032733
vt 0.577587 0.033244
vt 0.282874 0.469229
vt 0.282874 0.470095
vt 0.282874 0.468359
vt 0.293667 0.468359
vt 0.293667 0.469229
vt 0.293667 0.470095
vt 0.282874 0.467486
vt 0.293667 0.467486
vt 0.581627 0.043161
vt 0.582402 0.042766
vt 0.586454 0.052524
vt 0.585627 0.052793
vt 0.583177 0.042371
vt 0.583952 0.041976
vt 0.588109 0.051986
vt 0.587281 0.052255
vt 0.304460 0.469229
vt 0.304460 0.470095
vt 0.304460 0.468359
vt 0.315254 0.468359
vt 0.315254 0.469229
vt 0.315254 0.470095
vt 0.304460 0.467486
vt 0.315254 0.467486
vt 0.588059 0.062935
vt 0.588917 0.062798
vt 0.589776 0.062662
vt 0.590636 0.062526
vt 0.326046 0.469229
vt 0.326046 0.470095
vt 0.326046 0.468359
vt 0.326046 0.467486
vt 0.250362 0.481117
vt 0.250362 0.487180
vt 0.242958 0.487180
vt 0.242958 0.481117
vt 0.250362 0.487670
vt 0.242958 0.487670
vt 0.235554 0.487670
vt 0.235554 0.487180
vt 0.235554 0.481117
vt 0.565664 0.204375
vt 0.567435 0.211482
vt 0.568080 0.218778
vt 0.562796 0.197636
vt 0.558915 0.191424
vt 0.257767 0.487180
vt 0.257767 0.487670
vt 0.257767 0.481117
vt 0.265171 0.487180
vt 0.265171 0.481117
vt 0.265171 0.487670
vt 0.554105 0.185901
vt 0.548495 0.181193
vt 0.272575 0.487180
vt 0.272575 0.487670
vt 0.272575 0.481117
vt 0.279980 0.487180
vt 0.279980 0.481117
vt 0.279980 0.487670
vt 0.542213 0.177426
vt 0.535422 0.174682
vt 0.287384 0.487180
vt 0.287384 0.487670
vt 0.287384 0.481117
vt 0.294789 0.487180
vt 0.294789 0.481117
vt 0.294789 0.487670
vt 0.528284 0.173041
vt 0.520978 0.172529
vt 0.302193 0.487180
vt 0.302193 0.487670
vt 0.302193 0.481117
vt 0.309597 0.487180
vt 0.309597 0.481117
vt 0.309597 0.487670
vt 0.513682 0.173174
vt 0.506576 0.174946
vt 0.013423 0.487670
vt 0.013423 0.487180
vt 0.020827 0.487180
vt 0.020827 0.487670
vt 0.013423 0.481117
vt 0.020827 0.481117
vt 0.028232 0.487180
vt 0.028232 0.481117
vt 0.028232 0.487670
vt 0.499836 0.177814
vt 0.493625 0.181695
vt 0.035636 0.487180
vt 0.035636 0.487670
vt 0.035636 0.481117
vt 0.043040 0.487180
vt 0.043040 0.481117
vt 0.043040 0.487670
vt 0.488102 0.186505
vt 0.483394 0.192115
vt 0.050445 0.487180
vt 0.050445 0.487670
vt 0.050445 0.481117
vt 0.057849 0.487180
vt 0.057849 0.481117
vt 0.057849 0.487670
vt 0.479628 0.198396
vt 0.476884 0.205187
vt 0.065254 0.487180
vt 0.065254 0.487670
vt 0.065254 0.481117
vt 0.072658 0.487180
vt 0.072658 0.481117
vt 0.072658 0.487670
vt 0.475243 0.212325
vt 0.474732 0.219630
vt 0.080062 0.487180
vt 0.080062 0.487670
vt 0.080062 0.481117
vt 0.087467 0.487180
vt 0.087467 0.481117
vt 0.087467 0.487670
vt 0.475378 0.226926
vt 0.477150 0.234032
vt 0.094871 0.487180
vt 0.094871 0.487670
vt 0.094871 0.481117
vt 0.102275 0.487180
vt 0.102275 0.481117
vt 0.102275 0.487670
vt 0.480018 0.240770
vt 0.483899 0.246981
vt 0.109680 0.487180
vt 0.109680 0.487670
vt 0.109680 0.481117
vt 0.117084 0.487180
vt 0.117084 0.481117
vt 0.117084 0.487670
vt 0.488709 0.252504
vt 0.494319 0.257212
vt 0.124488 0.487180
vt 0.124488 0.487670
vt 0.124488 0.481117
vt 0.131893 0.487180
vt 0.131893 0.481117
vt 0.131893 0.487670
vt 0.500599 0.260979
vt 0.507389 0.263724
vt 0.139297 0.487180
vt 0.139297 0.487670
vt 0.139297 0.481117
vt 0.146701 0.487180
vt 0.146701 0.481117
vt 0.146701 0.487670
vt 0.514527 0.265365
vt 0.521832 0.265877
vt 0.154106 0.487180
vt 0.154106 0.487670
vt 0.154106 0.481117
vt 0.161510 0.487180
vt 0.161510 0.481117
vt 0.161510 0.487670
vt 0.529128 0.265233
vt 0.536234 0.263462
vt 0.168915 0.487180
vt 0.168915 0.487670
vt 0.168915 0.481117
vt 0.176319 0.487180
vt 0.176319 0.481117
vt 0.176319 0.487670
vt 0.542973 0.260594
vt 0.549185 0.256714
vt 0.183723 0.487180
vt 0.183723 0.487670
vt 0.183723 0.481117
vt 0.191128 0.487180
vt 0.191128 0.481117
vt 0.191128 0.487670
vt 0.554708 0.251904
vt 0.559416 0.246294
vt 0.198532 0.487180
vt 0.198532 0.487670
vt 0.198532 0.481117
vt 0.205936 0.487180
vt 0.205936 0.481117
vt 0.205936 0.487670
vt 0.563183 0.240012
vt 0.565927 0.233222
vt 0.213341 0.487180
vt 0.213341 0.487670
vt 0.213341 0.481117
vt 0.220745 0.487180
vt 0.220745 0.481117
vt 0.220745 0.487670
vt 0.567569 0.226084
vt 0.228149 0.487180
vt 0.228149 0.487670
vt 0.228149 0.481117
vt 0.250362 0.480270
vt 0.242958 0.480270
vt 0.235554 0.480270
vt 0.250362 0.478804
vt 0.250362 0.479489
vt 0.242958 0.479489
vt 0.242958 0.478804
vt 0.235554 0.479489
vt 0.235554 0.478804
vt 0.582385 0.474921
vt 0.578402 0.480273
vt 0.546412 0.452262
vt 0.583113 0.475380
vt 0.579054 0.480844
vt 0.574174 0.485592
vt 0.573622 0.484927
vt 0.583842 0.475839
vt 0.579708 0.481416
vt 0.584570 0.476299
vt 0.580361 0.481988
vt 0.575277 0.486921
vt 0.574726 0.486256
vt 0.257767 0.480270
vt 0.265171 0.480270
vt 0.257767 0.479489
vt 0.257767 0.478804
vt 0.265171 0.478804
vt 0.265171 0.479489
vt 0.587081 0.469701
vt 0.587876 0.470043
vt 0.586286 0.469359
vt 0.588475 0.462913
vt 0.589313 0.463126
vt 0.590152 0.463339
vt 0.585491 0.469017
vt 0.587637 0.462699
vt 0.272575 0.480270
vt 0.279980 0.480270
vt 0.272575 0.479489
vt 0.272575 0.478804
vt 0.279980 0.478804
vt 0.279980 0.479489
vt 0.590480 0.456279
vt 0.591341 0.456358
vt 0.589619 0.456200
vt 0.589702 0.449391
vt 0.590565 0.449334
vt 0.591427 0.449276
vt 0.588758 0.456121
vt 0.588840 0.449448
vt 0.287384 0.480270
vt 0.294789 0.480270
vt 0.287384 0.479489
vt 0.287384 0.478804
vt 0.294789 0.478804
vt 0.294789 0.479489
vt 0.589557 0.442461
vt 0.590400 0.442270
vt 0.588714 0.442653
vt 0.586688 0.436151
vt 0.587491 0.435830
vt 0.588293 0.435509
vt 0.587871 0.442845
vt 0.585886 0.436473
vt 0.302193 0.480270
vt 0.309597 0.480270
vt 0.302193 0.479489
vt 0.302193 0.478804
vt 0.309597 0.478804
vt 0.309597 0.479489
vt 0.584409 0.429606
vt 0.585151 0.429163
vt 0.583666 0.430049
vt 0.579731 0.424492
vt 0.580395 0.423939
vt 0.581059 0.423385
vt 0.582924 0.430492
vt 0.579068 0.425046
vt 0.013423 0.480270
vt 0.020827 0.480270
vt 0.028232 0.480270
vt 0.013423 0.479489
vt 0.020827 0.479489
vt 0.013423 0.478804
vt 0.020827 0.478804
vt 0.028232 0.478804
vt 0.028232 0.479489
vt 0.575541 0.418972
vt 0.576111 0.418321
vt 0.574972 0.419623
vt 0.569513 0.415554
vt 0.569973 0.414822
vt 0.570434 0.414090
vt 0.574403 0.420273
vt 0.569053 0.416285
vt 0.035636 0.480270
vt 0.043040 0.480270
vt 0.035636 0.479489
vt 0.035636 0.478804
vt 0.043040 0.478804
vt 0.043040 0.479489
vt 0.563823 0.411599
vt 0.564163 0.410804
vt 0.563483 0.412393
vt 0.557034 0.410210
vt 0.557246 0.409372
vt 0.557458 0.408534
vt 0.563143 0.413188
vt 0.556823 0.411048
vt 0.050445 0.480270
vt 0.057849 0.480270
vt 0.050445 0.479489
vt 0.050445 0.478804
vt 0.057849 0.478804
vt 0.057849 0.479489
vt 0.550401 0.408207
vt 0.550479 0.407346
vt 0.550323 0.409068
vt 0.543516 0.408985
vt 0.543458 0.408122
vt 0.543401 0.407260
vt 0.550245 0.409929
vt 0.543574 0.409847
vt 0.065254 0.480270
vt 0.072658 0.480270
vt 0.065254 0.479489
vt 0.065254 0.478804
vt 0.072658 0.478804
vt 0.072658 0.479489
vt 0.536589 0.409130
vt 0.536397 0.408286
vt 0.536781 0.409972
vt 0.530281 0.411997
vt 0.529960 0.411194
vt 0.529639 0.410392
vt 0.536973 0.410815
vt 0.530603 0.412799
vt 0.080062 0.480270
vt 0.087467 0.480270
vt 0.080062 0.479489
vt 0.080062 0.478804
vt 0.087467 0.478804
vt 0.087467 0.479489
vt 0.523738 0.414275
vt 0.523295 0.413532
vt 0.524181 0.415017
vt 0.518626 0.418950
vt 0.518072 0.418287
vt 0.517518 0.417623
vt 0.524624 0.415759
vt 0.519179 0.419614
vt 0.094871 0.480270
vt 0.102275 0.480270
vt 0.094871 0.479489
vt 0.094871 0.478804
vt 0.102275 0.478804
vt 0.102275 0.479489
vt 0.513107 0.423139
vt 0.512456 0.422570
vt 0.513757 0.423708
vt 0.509689 0.429166
vt 0.508958 0.428705
vt 0.508226 0.428245
vt 0.514408 0.424277
vt 0.510421 0.429626
vt 0.109680 0.480270
vt 0.117084 0.480270
vt 0.109680 0.479489
vt 0.109680 0.478804
vt 0.117084 0.478804
vt 0.117084 0.479489
vt 0.505735 0.434854
vt 0.504940 0.434514
vt 0.506530 0.435194
vt 0.504347 0.441642
vt 0.503509 0.441430
vt 0.502671 0.441218
vt 0.507324 0.435535
vt 0.505185 0.441853
vt 0.124488 0.480270
vt 0.131893 0.480270
vt 0.124488 0.479489
vt 0.124488 0.478804
vt 0.131893 0.478804
vt 0.131893 0.479489
vt 0.502344 0.448274
vt 0.501483 0.448196
vt 0.503205 0.448352
vt 0.503122 0.455158
vt 0.502259 0.455215
vt 0.501397 0.455273
vt 0.504066 0.448430
vt 0.503984 0.455100
vt 0.139297 0.480270
vt 0.146701 0.480270
vt 0.139297 0.479489
vt 0.139297 0.478804
vt 0.146701 0.478804
vt 0.146701 0.479489
vt 0.503266 0.462084
vt 0.502423 0.462276
vt 0.504109 0.461892
vt 0.506133 0.468390
vt 0.505330 0.468711
vt 0.504528 0.469033
vt 0.504952 0.461700
vt 0.506935 0.468069
vt 0.154106 0.480270
vt 0.161510 0.480270
vt 0.154106 0.479489
vt 0.154106 0.478804
vt 0.161510 0.478804
vt 0.161510 0.479489
vt 0.508410 0.474932
vt 0.507667 0.475375
vt 0.509153 0.474489
vt 0.513085 0.480044
vt 0.512421 0.480598
vt 0.511757 0.481151
vt 0.509895 0.474046
vt 0.513749 0.479490
vt 0.168915 0.480270
vt 0.176319 0.480270
vt 0.168914 0.479489
vt 0.168915 0.478804
vt 0.176319 0.478804
vt 0.176319 0.479489
vt 0.517272 0.485562
vt 0.516703 0.486213
vt 0.517841 0.484911
vt 0.523297 0.488978
vt 0.522837 0.489710
vt 0.522377 0.490442
vt 0.518411 0.484260
vt 0.523758 0.488247
vt 0.183723 0.480270
vt 0.191128 0.480270
vt 0.183723 0.479489
vt 0.183723 0.478804
vt 0.191128 0.478804
vt 0.191128 0.479489
vt 0.528984 0.492932
vt 0.528644 0.493727
vt 0.529325 0.492137
vt 0.535770 0.494319
vt 0.535558 0.495157
vt 0.535346 0.495995
vt 0.529665 0.491342
vt 0.535982 0.493481
vt 0.198532 0.480270
vt 0.205936 0.480270
vt 0.198532 0.479489
vt 0.198532 0.478804
vt 0.205936 0.478804
vt 0.205936 0.479489
vt 0.542400 0.496321
vt 0.542322 0.497182
vt 0.542478 0.495460
vt 0.549282 0.495543
vt 0.549339 0.496406
vt 0.549396 0.497269
vt 0.542556 0.494599
vt 0.549225 0.494681
vt 0.213341 0.480270
vt 0.220745 0.480270
vt 0.213341 0.479489
vt 0.213341 0.478804
vt 0.220745 0.478804
vt 0.220745 0.479489
vt 0.556206 0.495400
vt 0.556397 0.496243
vt 0.556015 0.494556
vt 0.562512 0.492534
vt 0.562832 0.493337
vt 0.563152 0.494140
vt 0.555823 0.493714
vt 0.562192 0.491732
vt 0.228149 0.480270
vt 0.228149 0.479489
vt 0.228149 0.478804
vt 0.569054 0.490261
vt 0.569495 0.491004
vt 0.568613 0.489518
vt 0.568172 0.488775
vn -0.765544 0.450287 0.459549
vn -0.783704 0.152205 0.602197
vn -0.798748 0.142617 0.584519
vn -0.810029 0.421916 0.407234
vn -0.798748 0.142617 0.584519
vn -0.783704 0.152205 0.602197
vn -0.781911 0.132181 0.609215
vn -0.794976 0.123855 0.593863
vn -0.812623 0.129474 0.568225
vn -0.798748 0.142617 0.584519
vn -0.794976 0.123855 0.593863
vn -0.807026 0.112441 0.579712
vn -0.810029 0.421916 0.407234
vn -0.798748 0.142617 0.584519
vn -0.812623 0.129474 0.568225
vn -0.851100 0.383029 0.359051
vn -0.652338 0.715508 0.250006
vn -0.720483 0.592366 0.360564
vn -0.778996 0.555020 0.291750
vn -0.723010 0.670373 0.166904
vn -0.720483 0.592366 0.360564
vn -0.765544 0.450287 0.459549
vn -0.810029 0.421916 0.407234
vn -0.778996 0.555020 0.291750
vn -0.778996 0.555020 0.291750
vn -0.810029 0.421916 0.407234
vn -0.851100 0.383029 0.359051
vn -0.833033 0.503899 0.228345
vn -0.723010 0.670373 0.166904
vn -0.778996 0.555020 0.291750
vn -0.833033 0.503899 0.228345
vn -0.788286 0.608646 0.090309
vn -0.347097 0.932232 -0.102313
vn -0.439186 0.873376 -0.210545
vn -0.417594 0.878435 -0.232309
vn -0.324948 0.937637 -0.123472
vn -0.439186 0.873376 -0.210545
vn -0.524223 0.793001 -0.310387
vn -0.503105 0.797599 -0.332749
vn -0.417594 0.878435 -0.232309
vn -0.347097 0.932232 -0.102313
vn -0.563083 0.815922 0.131179
vn -0.643670 0.764436 0.036426
vn -0.439186 0.873376 -0.210545
vn -0.563083 0.815922 0.131179
vn -0.652338 0.715508 0.250006
vn -0.723010 0.670373 0.166904
vn -0.643670 0.764436 0.036426
vn -0.643670 0.764436 0.036426
vn -0.723010 0.670373 0.166904
vn -0.788286 0.608646 0.090309
vn -0.718109 0.694064 -0.050930
vn -0.439186 0.873376 -0.210545
vn -0.643670 0.764436 0.036426
vn -0.718109 0.694064 -0.050930
vn -0.524223 0.793001 -0.310387
vn -0.851100 0.383029 0.359051
vn -0.812623 0.129474 0.568225
vn -0.825010 0.113183 0.553669
vn -0.887721 0.334833 0.315972
vn -0.825010 0.113183 0.553669
vn -0.812623 0.129474 0.568225
vn -0.807026 0.112441 0.579712
vn -0.817783 0.098293 0.567071
vn -0.835573 0.094069 0.541266
vn -0.825010 0.113183 0.553669
vn -0.817783 0.098293 0.567071
vn -0.826957 0.081693 0.556299
vn -0.887721 0.334833 0.315972
vn -0.825010 0.113183 0.553669
vn -0.835573 0.094069 0.541266
vn -0.918994 0.278286 0.279298
vn -0.788286 0.608646 0.090309
vn -0.833033 0.503899 0.228345
vn -0.881198 0.440469 0.171689
vn -0.846456 0.532009 0.021893
vn -0.833033 0.503899 0.228345
vn -0.851100 0.383029 0.359051
vn -0.887721 0.334833 0.315972
vn -0.881198 0.440469 0.171689
vn -0.881198 0.440469 0.171689
vn -0.887721 0.334833 0.315972
vn -0.918994 0.278286 0.279298
vn -0.922354 0.366101 0.123422
vn -0.846456 0.532009 0.021893
vn -0.881198 0.440469 0.171689
vn -0.922354 0.366101 0.123422
vn -0.896172 0.442209 -0.036427
vn -0.503105 0.797599 -0.332749
vn -0.524223 0.793001 -0.310387
vn -0.600015 0.693113 -0.399471
vn -0.579355 0.697127 -0.422329
vn -0.600015 0.693113 -0.399471
vn -0.664786 0.576151 -0.475509
vn -0.644484 0.579491 -0.498829
vn -0.579355 0.697127 -0.422329
vn -0.524223 0.793001 -0.310387
vn -0.718109 0.694064 -0.050930
vn -0.784441 0.606655 -0.128929
vn -0.600015 0.693113 -0.399471
vn -0.718109 0.694064 -0.050930
vn -0.788286 0.608646 0.090309
vn -0.846456 0.532009 0.021893
vn -0.784441 0.606655 -0.128929
vn -0.784441 0.606655 -0.128929
vn -0.846456 0.532009 0.021893
vn -0.896172 0.442209 -0.036427
vn -0.841135 0.504272 -0.195453
vn -0.600015 0.693113 -0.399471
vn -0.784441 0.606655 -0.128929
vn -0.841135 0.504272 -0.195453
vn -0.664786 0.576151 -0.475509
vn -0.918994 0.278286 0.279298
vn -0.835573 0.094069 0.541266
vn -0.844090 0.072667 0.531255
vn -0.944169 0.214970 0.249667
vn -0.844090 0.072667 0.531255
vn -0.835573 0.094069 0.541266
vn -0.826957 0.081693 0.556299
vn -0.834353 0.063106 0.547606
vn -0.850308 0.049455 0.523957
vn -0.844090 0.072667 0.531255
vn -0.834353 0.063106 0.547606
vn -0.839753 0.042949 0.541268
vn -0.944169 0.214970 0.249667
vn -0.844090 0.072667 0.531255
vn -0.850308 0.049455 0.523957
vn -0.962585 0.146305 0.228091
vn -0.896172 0.442209 -0.036427
vn -0.922354 0.366101 0.123422
vn -0.955455 0.282796 0.084457
vn -0.936141 0.341574 -0.083470
vn -0.922354 0.366101 0.123422
vn -0.918994 0.278286 0.279298
vn -0.944169 0.214970 0.249667
vn -0.955455 0.282796 0.084457
vn -0.955455 0.282796 0.084457
vn -0.944169 0.214970 0.249667
vn -0.962585 0.146305 0.228091
vn -0.979700 0.192473 0.056048
vn -0.936141 0.341574 -0.083470
vn -0.955455 0.282796 0.084457
vn -0.979700 0.192473 0.056048
vn -0.965441 0.232482 -0.117800
vn -0.644484 0.579491 -0.498829
vn -0.664786 0.576151 -0.475509
vn -0.716860 0.445009 -0.536731
vn -0.696877 0.447585 -0.560384
vn -0.716860 0.445009 -0.536731
vn -0.755037 0.302899 -0.581525
vn -0.735256 0.304655 -0.605461
vn -0.696877 0.447585 -0.560384
vn -0.664786 0.576151 -0.475509
vn -0.841135 0.504272 -0.195453
vn -0.886709 0.389501 -0.249070
vn -0.716860 0.445009 -0.536731
vn -0.841135 0.504272 -0.195453
vn -0.896172 0.442209 -0.036427
vn -0.936141 0.341574 -0.083470
vn -0.886709 0.389501 -0.249070
vn -0.886709 0.389501 -0.249070
vn -0.936141 0.341574 -0.083470
vn -0.965441 0.232482 -0.117800
vn -0.920128 0.265106 -0.288241
vn -0.716860 0.445009 -0.536731
vn -0.886709 0.389501 -0.249070
vn -0.920128 0.265106 -0.288241
vn -0.755037 0.302899 -0.581525
vn -0.962585 0.146305 0.228091
vn -0.850308 0.049455 0.523957
vn -0.854121 0.025039 0.519471
vn -0.973843 0.074075 0.214807
vn -0.854121 0.025039 0.519471
vn -0.850308 0.049455 0.523957
vn -0.839753 0.042949 0.541268
vn -0.843065 0.021745 0.537373
vn -0.855385 0.000000 0.517992
vn -0.854121 0.025039 0.519471
vn -0.843065 0.021745 0.537373
vn -0.844162 0.000000 0.536088
vn -0.973843 0.074075 0.214807
vn -0.854121 0.025039 0.519471
vn -0.855385 0.000000 0.517992
vn -0.977606 -0.000003 0.210445
vn -0.965441 0.232482 -0.117800
vn -0.979700 0.192473 0.056048
vn -0.994492 0.097447 0.038595
vn -0.983294 0.117697 -0.138852
vn -0.979700 0.192473 0.056048
vn -0.962585 0.146305 0.228091
vn -0.973843 0.074075 0.214807
vn -0.994492 0.097447 0.038595
vn -0.994492 0.097447 0.038595
vn -0.973843 0.074075 0.214807
vn -0.977606 -0.000003 0.210445
vn -0.999461 0.000000 0.032837
vn -0.983294 0.117697 -0.138852
vn -0.994492 0.097447 0.038595
vn -0.999461 0.000000 0.032837
vn -0.989309 0.000001 -0.145833
vn -0.735256 0.304655 -0.605461
vn -0.755037 0.302899 -0.581525
vn -0.778289 0.153341 -0.608895
vn -0.758662 0.154230 -0.632965
vn -0.778289 0.153341 -0.608895
vn -0.786133 0.000000 -0.618058
vn -0.766534 0.000000 -0.642203
vn -0.758662 0.154230 -0.632965
vn -0.755037 0.302899 -0.581525
vn -0.920128 0.265106 -0.288241
vn -0.940478 0.134211 -0.312231
vn -0.778289 0.153341 -0.608895
vn -0.920128 0.265106 -0.288241
vn -0.965441 0.232482 -0.117800
vn -0.983294 0.117697 -0.138852
vn -0.940478 0.134211 -0.312231
vn -0.940478 0.134211 -0.312231
vn -0.983294 0.117697 -0.138852
vn -0.989309 0.000001 -0.145833
vn -0.947344 0.000001 -0.320219
vn -0.778289 0.153341 -0.608895
vn -0.940478 0.134211 -0.312231
vn -0.947344 0.000001 -0.320219
vn -0.786133 0.000000 -0.618058
vn -0.977606 -0.000003 0.210445
vn -0.855385 0.000000 0.517992
vn -0.854121 -0.025041 0.519471
vn -0.973844 -0.074076 0.214802
vn -0.854121 -0.025041 0.519471
vn -0.855385 0.000000 0.517992
vn -0.844162 0.000000 0.536088
vn -0.843065 -0.021747 0.537372
vn -0.850308 -0.049455 0.523956
vn -0.854121 -0.025041 0.519471
vn -0.843065 -0.021747 0.537372
vn -0.839753 -0.042949 0.541267
vn -0.973844 -0.074076 0.214802
vn -0.854121 -0.025041 0.519471
vn -0.850308 -0.049455 0.523956
vn -0.962586 -0.146301 0.228089
vn -0.989309 0.000001 -0.145833
vn -0.999461 0.000000 0.032837
vn -0.994492 -0.097448 0.038599
vn -0.983294 -0.117696 -0.138856
vn -0.999461 0.000000 0.032837
vn -0.977606 -0.000003 0.210445
vn -0.973844 -0.074076 0.214802
vn -0.994492 -0.097448 0.038599
vn -0.994492 -0.097448 0.038599
vn -0.973844 -0.074076 0.214802
vn -0.962586 -0.146301 0.228089
vn -0.979701 -0.192471 0.056052
vn -0.983294 -0.117696 -0.138856
vn -0.994492 -0.097448 0.038599
vn -0.979701 -0.192471 0.056052
vn -0.965440 -0.232484 -0.117801
vn -0.766534 0.000000 -0.642203
vn -0.786133 0.000000 -0.618058
vn -0.778290 -0.153339 -0.608894
vn -0.758663 -0.154228 -0.632965
vn -0.778290 -0.153339 -0.608894
vn -0.755037 -0.302898 -0.581526
vn -0.735257 -0.304654 -0.605461
vn -0.758663 -0.154228 -0.632965
vn -0.786133 0.000000 -0.618058
vn -0.947344 0.000001 -0.320219
vn -0.940477 -0.134208 -0.312235
vn -0.778290 -0.153339 -0.608894
vn -0.947344 0.000001 -0.320219
vn -0.989309 0.000001 -0.145833
vn -0.983294 -0.117696 -0.138856
vn -0.940477 -0.134208 -0.312235
vn -0.940477 -0.134208 -0.312235
vn -0.983294 -0.117696 -0.138856
vn -0.965440 -0.232484 -0.117801
vn -0.920127 -0.265109 -0.288243
vn -0.778290 -0.153339 -0.608894
vn -0.940477 -0.134208 -0.312235
vn -0.920127 -0.265109 -0.288243
vn -0.755037 -0.302898 -0.581526
vn -0.962586 -0.146301 0.228089
vn -0.850308 -0.049455 0.523956
vn -0.844090 -0.072665 0.531255
vn -0.944169 -0.214970 0.249665
vn -0.844090 -0.072665 0.531255
vn -0.850308 -0.049455 0.523956
vn -0.839753 -0.042949 0.541267
vn -0.834353 -0.063105 0.547606
vn -0.835573 -0.094067 0.541266
vn -0.844090 -0.072665 0.531255
vn -0.834353 -0.063105 0.547606
vn -0.826957 -0.081692 0.556300
vn -0.944169 -0.214970 0.249665
vn -0.844090 -0.072665 0.531255
vn -0.835573 -0.094067 0.541266
vn -0.918995 -0.278287 0.279294
vn -0.965440 -0.232484 -0.117801
vn -0.979701 -0.192471 0.056052
vn -0.955455 -0.282795 0.084458
vn -0.936142 -0.341573 -0.083467
vn -0.979701 -0.192471 0.056052
vn -0.962586 -0.146301 0.228089
vn -0.944169 -0.214970 0.249665
vn -0.955455 -0.282795 0.084458
vn -0.955455 -0.282795 0.084458
vn -0.944169 -0.214970 0.249665
vn -0.918995 -0.278287 0.279294
vn -0.922354 -0.366102 0.123419
vn -0.936142 -0.341573 -0.083467
vn -0.955455 -0.282795 0.084458
vn -0.922354 -0.366102 0.123419
vn -0.896175 -0.442204 -0.036426
vn -0.735257 -0.304654 -0.605461
vn -0.755037 -0.302898 -0.581526
vn -0.716860 -0.445008 -0.536730
vn -0.696877 -0.447585 -0.560384
vn -0.716860 -0.445008 -0.536730
vn -0.664787 -0.576152 -0.475508
vn -0.644484 -0.579491 -0.498830
vn -0.696877 -0.447585 -0.560384
vn -0.755037 -0.302898 -0.581526
vn -0.920127 -0.265109 -0.288243
vn -0.886709 -0.389501 -0.249070
vn -0.716860 -0.445008 -0.536730
vn -0.920127 -0.265109 -0.288243
vn -0.965440 -0.232484 -0.117801
vn -0.936142 -0.341573 -0.083467
vn -0.886709 -0.389501 -0.249070
vn -0.886709 -0.389501 -0.249070
vn -0.936142 -0.341573 -0.083467
vn -0.896175 -0.442204 -0.036426
vn -0.841135 -0.504271 -0.195455
vn -0.716860 -0.445008 -0.536730
vn -0.886709 -0.389501 -0.249070
vn -0.841135 -0.504271 -0.195455
vn -0.664787 -0.576152 -0.475508
vn -0.918995 -0.278287 0.279294
vn -0.835573 -0.094067 0.541266
vn -0.825010 -0.113181 0.553669
vn -0.887723 -0.334830 0.315969
vn -0.825010 -0.113181 0.553669
vn -0.835573 -0.094067 0.541266
vn -0.826957 -0.081692 0.556300
vn -0.817783 -0.098291 0.567071
vn -0.812623 -0.129475 0.568225
vn -0.825010 -0.113181 0.553669
vn -0.817783 -0.098291 0.567071
vn -0.807026 -0.112442 0.579712
vn -0.887723 -0.334830 0.315969
vn -0.825010 -0.113181 0.553669
vn -0.812623 -0.129475 0.568225
vn -0.851101 -0.383030 0.359048
vn -0.896175 -0.442204 -0.036426
vn -0.922354 -0.366102 0.123419
vn -0.881199 -0.440467 0.171688
vn -0.846454 -0.532011 0.021894
vn -0.922354 -0.366102 0.123419
vn -0.918995 -0.278287 0.279294
vn -0.887723 -0.334830 0.315969
vn -0.881199 -0.440467 0.171688
vn -0.881199 -0.440467 0.171688
vn -0.887723 -0.334830 0.315969
vn -0.851101 -0.383030 0.359048
vn -0.833034 -0.503895 0.228350
vn -0.846454 -0.532011 0.021894
vn -0.881199 -0.440467 0.171688
vn -0.833034 -0.503895 0.228350
vn -0.788283 -0.608649 0.090312
vn -0.644484 -0.579491 -0.498830
vn -0.664787 -0.576152 -0.475508
vn -0.600012 -0.693116 -0.399469
vn -0.579353 -0.697129 -0.422328
vn -0.600012 -0.693116 -0.399469
vn -0.524221 -0.793003 -0.310383
vn -0.503103 -0.797601 -0.332747
vn -0.579353 -0.697129 -0.422328
vn -0.664787 -0.576152 -0.475508
vn -0.841135 -0.504271 -0.195455
vn -0.784436 -0.606660 -0.128931
vn -0.600012 -0.693116 -0.399469
vn -0.841135 -0.504271 -0.195455
vn -0.896175 -0.442204 -0.036426
vn -0.846454 -0.532011 0.021894
vn -0.784436 -0.606660 -0.128931
vn -0.784436 -0.606660 -0.128931
vn -0.846454 -0.532011 0.021894
vn -0.788283 -0.608649 0.090312
vn -0.718106 -0.694067 -0.050935
vn -0.600012 -0.693116 -0.399469
vn -0.784436 -0.606660 -0.128931
vn -0.718106 -0.694067 -0.050935
vn -0.524221 -0.793003 -0.310383
vn -0.851101 -0.383030 0.359048
vn -0.812623 -0.129475 0.568225
vn -0.798748 -0.142617 0.584519
vn -0.810028 -0.421916 0.407237
vn -0.798748 -0.142617 0.584519
vn -0.812623 -0.129475 0.568225
vn -0.807026 -0.112442 0.579712
vn -0.794976 -0.123855 0.593863
vn -0.783705 -0.152204 0.602197
vn -0.798748 -0.142617 0.584519
vn -0.794976 -0.123855 0.593863
vn -0.781912 -0.132180 0.609215
vn -0.810028 -0.421916 0.407237
vn -0.798748 -0.142617 0.584519
vn -0.783705 -0.152204 0.602197
vn -0.765546 -0.450281 0.459551
vn -0.788283 -0.608649 0.090312
vn -0.833034 -0.503895 0.228350
vn -0.778996 -0.555018 0.291752
vn -0.723014 -0.670369 0.166902
vn -0.833034 -0.503895 0.228350
vn -0.851101 -0.383030 0.359048
vn -0.810028 -0.421916 0.407237
vn -0.778996 -0.555018 0.291752
vn -0.778996 -0.555018 0.291752
vn -0.810028 -0.421916 0.407237
vn -0.765546 -0.450281 0.459551
vn -0.720482 -0.592372 0.360557
vn -0.723014 -0.670369 0.166902
vn -0.778996 -0.555018 0.291752
vn -0.720482 -0.592372 0.360557
vn -0.652340 -0.715507 0.250006
vn -0.503103 -0.797601 -0.332747
vn -0.524221 -0.793003 -0.310383
vn -0.439190 -0.873374 -0.210545
vn -0.417599 -0.878432 -0.232311
vn -0.439190 -0.873374 -0.210545
vn -0.347098 -0.932231 -0.102313
vn -0.324953 -0.937636 -0.123471
vn -0.417599 -0.878432 -0.232311
vn -0.524221 -0.793003 -0.310383
vn -0.718106 -0.694067 -0.050935
vn -0.643673 -0.764434 0.036422
vn -0.439190 -0.873374 -0.210545
vn -0.718106 -0.694067 -0.050935
vn -0.788283 -0.608649 0.090312
vn -0.723014 -0.670369 0.166902
vn -0.643673 -0.764434 0.036422
vn -0.643673 -0.764434 0.036422
vn -0.723014 -0.670369 0.166902
vn -0.652340 -0.715507 0.250006
vn -0.563085 -0.815921 0.131180
vn -0.439190 -0.873374 -0.210545
vn -0.643673 -0.764434 0.036422
vn -0.563085 -0.815921 0.131180
vn -0.347098 -0.932231 -0.102313
vn -0.765546 -0.450281 0.459551
vn -0.783705 -0.152204 0.602197
vn -0.767875 -0.158092 0.620785
vn -0.718699 -0.467688 0.514528
vn -0.767875 -0.158092 0.620785
vn -0.783705 -0.152204 0.602197
vn -0.781912 -0.132180 0.609215
vn -0.768165 -0.137295 0.625358
vn -0.751647 -0.160039 0.639855
vn -0.767875 -0.158092 0.620785
vn -0.768165 -0.137295 0.625358
vn -0.754071 -0.138986 0.641919
vn -0.718699 -0.467688 0.514528
vn -0.767875 -0.158092 0.620785
vn -0.751647 -0.160039 0.639855
vn -0.670713 -0.473446 0.570958
vn -0.652340 -0.715507 0.250006
vn -0.720482 -0.592372 0.360557
vn -0.658847 -0.615248 0.432887
vn -0.577887 -0.743119 0.337374
vn -0.720482 -0.592372 0.360557
vn -0.765546 -0.450281 0.459551
vn -0.718699 -0.467688 0.514528
vn -0.658847 -0.615248 0.432887
vn -0.658847 -0.615248 0.432887
vn -0.718699 -0.467688 0.514528
vn -0.670713 -0.473446 0.570958
vn -0.595722 -0.622850 0.507122
vn -0.577887 -0.743119 0.337374
vn -0.658847 -0.615248 0.432887
vn -0.595722 -0.622850 0.507122
vn -0.501640 -0.752331 0.427032
vn -0.324953 -0.937636 -0.123471
vn -0.347098 -0.932231 -0.102313
vn -0.250124 -0.968145 0.011550
vn -0.227437 -0.973752 -0.008928
vn -0.250124 -0.968145 0.011550
vn -0.150755 -0.980206 0.128333
vn -0.127472 -0.985888 0.108513
vn -0.227437 -0.973752 -0.008928
vn -0.347098 -0.932231 -0.102313
vn -0.563085 -0.815921 0.131180
vn -0.478194 -0.847381 0.230818
vn -0.250124 -0.968145 0.011550
vn -0.563085 -0.815921 0.131180
vn -0.652340 -0.715507 0.250006
vn -0.577887 -0.743119 0.337374
vn -0.478194 -0.847381 0.230818
vn -0.478194 -0.847381 0.230818
vn -0.577887 -0.743119 0.337374
vn -0.501640 -0.752331 0.427032
vn -0.391238 -0.857911 0.333049
vn -0.250124 -0.968145 0.011550
vn -0.478194 -0.847381 0.230818
vn -0.391238 -0.857911 0.333049
vn -0.150755 -0.980206 0.128333
vn -0.670713 -0.473446 0.570958
vn -0.751647 -0.160039 0.639855
vn -0.735414 -0.158092 0.658919
vn -0.622668 -0.467689 0.627337
vn -0.735414 -0.158092 0.658919
vn -0.751647 -0.160039 0.639855
vn -0.754071 -0.138986 0.641919
vn -0.739974 -0.137294 0.658475
vn -0.719591 -0.152205 0.677512
vn -0.735414 -0.158092 0.658919
vn -0.739974 -0.137294 0.658475
vn -0.726232 -0.132183 0.674622
vn -0.622668 -0.467689 0.627337
vn -0.735414 -0.158092 0.658919
vn -0.719591 -0.152205 0.677512
vn -0.575875 -0.450280 0.682360
vn -0.501640 -0.752331 0.427032
vn -0.595722 -0.622850 0.507122
vn -0.532516 -0.615249 0.581287
vn -0.425308 -0.743114 0.516619
vn -0.595722 -0.622850 0.507122
vn -0.670713 -0.473446 0.570958
vn -0.622668 -0.467689 0.627337
vn -0.532516 -0.615249 0.581287
vn -0.532516 -0.615249 0.581287
vn -0.622668 -0.467689 0.627337
vn -0.575875 -0.450280 0.682360
vn -0.470959 -0.592372 0.653677
vn -0.425308 -0.743114 0.516619
vn -0.532516 -0.615249 0.581287
vn -0.470959 -0.592372 0.653677
vn -0.350946 -0.715505 0.604061
vn -0.127472 -0.985888 0.108513
vn -0.150755 -0.980206 0.128333
vn -0.051334 -0.968145 0.245073
vn -0.027497 -0.973751 0.225947
vn -0.051334 -0.968145 0.245073
vn 0.045587 -0.932232 0.358979
vn 0.070009 -0.937636 0.340497
vn -0.027497 -0.973751 0.225947
vn -0.150755 -0.980206 0.128333
vn -0.391238 -0.857911 0.333049
vn -0.304200 -0.847380 0.435213
vn -0.051334 -0.968145 0.245073
vn -0.391238 -0.857911 0.333049
vn -0.501640 -0.752331 0.427032
vn -0.425308 -0.743114 0.516619
vn -0.304200 -0.847380 0.435213
vn -0.304200 -0.847380 0.435213
vn -0.425308 -0.743114 0.516619
vn -0.350946 -0.715505 0.604061
vn -0.219388 -0.815924 0.534917
vn -0.051334 -0.968145 0.245073
vn -0.304200 -0.847380 0.435213
vn -0.219388 -0.815924 0.534917
vn 0.045587 -0.932232 0.358979
vn -0.575875 -0.450280 0.682360
vn -0.719591 -0.152205 0.677512
vn -0.704541 -0.142618 0.695185
vn -0.531333 -0.421917 0.734624
vn -0.704541 -0.142618 0.695185
vn -0.719591 -0.152205 0.677512
vn -0.726232 -0.132183 0.674622
vn -0.713163 -0.123857 0.689970
vn -0.690672 -0.129474 0.711484
vn -0.704541 -0.142618 0.695185
vn -0.713163 -0.123857 0.689970
vn -0.701118 -0.112441 0.704124
vn -0.531333 -0.421917 0.734624
vn -0.704541 -0.142618 0.695185
vn -0.690672 -0.129474 0.711484
vn -0.490322 -0.383029 0.782863
vn -0.350946 -0.715505 0.604061
vn -0.470959 -0.592372 0.653677
vn -0.412377 -0.555017 0.722428
vn -0.280193 -0.670367 0.687096
vn -0.470959 -0.592372 0.653677
vn -0.575875 -0.450280 0.682360
vn -0.531333 -0.421917 0.734624
vn -0.412377 -0.555017 0.722428
vn -0.412377 -0.555017 0.722428
vn -0.531333 -0.421917 0.734624
vn -0.490322 -0.383029 0.782863
vn -0.358415 -0.503891 0.785896
vn -0.280193 -0.670367 0.687096
vn -0.412377 -0.555017 0.722428
vn -0.358415 -0.503891 0.785896
vn -0.215003 -0.608643 0.763759
vn 0.070009 -0.937636 0.340497
vn 0.045587 -0.932232 0.358979
vn 0.137729 -0.873374 0.467171
vn 0.162661 -0.878433 0.449330
vn 0.137729 -0.873374 0.467171
vn 0.222711 -0.793003 0.567051
vn 0.248159 -0.797602 0.549772
vn 0.162661 -0.878433 0.449330
vn 0.045587 -0.932232 0.358979
vn -0.219388 -0.815924 0.534917
vn -0.138715 -0.764434 0.629602
vn 0.137729 -0.873374 0.467171
vn -0.219388 -0.815924 0.534917
vn -0.350946 -0.715505 0.604061
vn -0.280193 -0.670367 0.687096
vn -0.138715 -0.764434 0.629602
vn -0.138715 -0.764434 0.629602
vn -0.280193 -0.670367 0.687096
vn -0.215003 -0.608643 0.763759
vn -0.064363 -0.694065 0.717029
vn 0.137729 -0.873374 0.467171
vn -0.138715 -0.764434 0.629602
vn -0.064363 -0.694065 0.717029
vn 0.222711 -0.793003 0.567051
vn -0.490322 -0.383029 0.782863
vn -0.690672 -0.129474 0.711484
vn -0.678279 -0.113180 0.726036
vn -0.453643 -0.334826 0.825893
vn -0.678279 -0.113180 0.726036
vn -0.690672 -0.129474 0.711484
vn -0.701118 -0.112441 0.704124
vn -0.690355 -0.098291 0.716763
vn -0.667721 -0.094067 0.738444
vn -0.678279 -0.113180 0.726036
vn -0.690355 -0.098291 0.716763
vn -0.681186 -0.081692 0.727538
vn -0.453643 -0.334826 0.825893
vn -0.678279 -0.113180 0.726036
vn -0.667721 -0.094067 0.738444
vn -0.422429 -0.278286 0.862619
vn -0.215003 -0.608643 0.763759
vn -0.358415 -0.503891 0.785896
vn -0.310168 -0.440468 0.842487
vn -0.156747 -0.532011 0.832102
vn -0.358415 -0.503891 0.785896
vn -0.490322 -0.383029 0.782863
vn -0.453643 -0.334826 0.825893
vn -0.310168 -0.440468 0.842487
vn -0.310168 -0.440468 0.842487
vn -0.453643 -0.334826 0.825893
vn -0.422429 -0.278286 0.862619
vn -0.269090 -0.366105 0.890819
vn -0.156747 -0.532011 0.832102
vn -0.310168 -0.440468 0.842487
vn -0.269090 -0.366105 0.890819
vn -0.107112 -0.442207 0.890494
vn 0.248159 -0.797602 0.549772
vn 0.222711 -0.793003 0.567051
vn 0.298554 -0.693116 0.656092
vn 0.324419 -0.697130 0.639345
vn 0.298554 -0.693116 0.656092
vn 0.363277 -0.576150 0.732175
vn 0.389541 -0.579490 0.715855
vn 0.324419 -0.697130 0.639345
vn 0.222711 -0.793003 0.567051
vn -0.064363 -0.694065 0.717029
vn 0.002043 -0.606659 0.794960
vn 0.298554 -0.693116 0.656092
vn -0.064363 -0.694065 0.717029
vn -0.215003 -0.608643 0.763759
vn -0.156747 -0.532011 0.832102
vn 0.002043 -0.606659 0.794960
vn 0.002043 -0.606659 0.794960
vn -0.156747 -0.532011 0.832102
vn -0.107112 -0.442207 0.890494
vn 0.058662 -0.504266 0.861554
vn 0.298554 -0.693116 0.656092
vn 0.002043 -0.606659 0.794960
vn 0.058662 -0.504266 0.861554
vn 0.363277 -0.576150 0.732175
vn -0.422429 -0.278286 0.862619
vn -0.667721 -0.094067 0.738444
vn -0.659199 -0.072667 0.748450
vn -0.397196 -0.214974 0.892201
vn -0.659199 -0.072667 0.748450
vn -0.667721 -0.094067 0.738444
vn -0.681186 -0.081692 0.727538
vn -0.673786 -0.063106 0.736227
vn -0.652987 -0.049454 0.755753
vn -0.659199 -0.072667 0.748450
vn -0.673786 -0.063106 0.736227
vn -0.668391 -0.042948 0.742569
vn -0.397196 -0.214974 0.892201
vn -0.659199 -0.072667 0.748450
vn -0.652987 -0.049454 0.755753
vn -0.378837 -0.146307 0.913825
vn -0.107112 -0.442207 0.890494
vn -0.269090 -0.366105 0.890819
vn -0.235912 -0.282797 0.929716
vn -0.067058 -0.341571 0.937461
vn -0.269090 -0.366105 0.890819
vn -0.422429 -0.278286 0.862619
vn -0.397196 -0.214974 0.892201
vn -0.235912 -0.282797 0.929716
vn -0.235912 -0.282797 0.929716
vn -0.397196 -0.214974 0.892201
vn -0.378837 -0.146307 0.913825
vn -0.211742 -0.192473 0.958186
vn -0.067058 -0.341571 0.937461
vn -0.235912 -0.282797 0.929716
vn -0.211742 -0.192473 0.958186
vn -0.037843 -0.232482 0.971864
vn 0.389541 -0.579490 0.715855
vn 0.363277 -0.576150 0.732175
vn 0.415402 -0.445007 0.793354
vn 0.441942 -0.447585 0.777403
vn 0.415402 -0.445007 0.793354
vn 0.453527 -0.302900 0.838191
vn 0.480313 -0.304656 0.822486
vn 0.441942 -0.447585 0.777403
vn 0.363277 -0.576150 0.732175
vn 0.058662 -0.504266 0.861554
vn 0.104314 -0.389494 0.915103
vn 0.415402 -0.445007 0.793354
vn 0.058662 -0.504266 0.861554
vn -0.107112 -0.442207 0.890494
vn -0.067058 -0.341571 0.937461
vn 0.104314 -0.389494 0.915103
vn 0.104314 -0.389494 0.915103
vn -0.067058 -0.341571 0.937461
vn -0.037843 -0.232482 0.971864
vn 0.137649 -0.265105 0.954344
vn 0.415402 -0.445007 0.793354
vn 0.104314 -0.389494 0.915103
vn 0.137649 -0.265105 0.954344
vn 0.453527 -0.302900 0.838191
vn -0.378837 -0.146307 0.913825
vn -0.652987 -0.049454 0.755753
vn -0.649168 -0.025040 0.760233
vn -0.367518 -0.074076 0.927062
vn -0.649168 -0.025040 0.760233
vn -0.652987 -0.049454 0.755753
vn -0.668391 -0.042948 0.742569
vn -0.665074 -0.021746 0.746461
vn -0.647910 -0.000001 0.761717
vn -0.649168 -0.025040 0.760233
vn -0.665074 -0.021746 0.746461
vn -0.663981 -0.000001 0.747750
vn -0.367518 -0.074076 0.927062
vn -0.649168 -0.025040 0.760233
vn -0.647910 -0.000001 0.761717
vn -0.363815 0.000000 0.931471
vn -0.037843 -0.232482 0.971864
vn -0.211742 -0.192473 0.958186
vn -0.196874 -0.097446 0.975574
vn -0.019907 -0.117698 0.992850
vn -0.211742 -0.192473 0.958186
vn -0.378837 -0.146307 0.913825
vn -0.367518 -0.074076 0.927062
vn -0.196874 -0.097446 0.975574
vn -0.196874 -0.097446 0.975574
vn -0.367518 -0.074076 0.927062
vn -0.363815 0.000000 0.931471
vn -0.191980 0.000001 0.981399
vn -0.019907 -0.117698 0.992850
vn -0.196874 -0.097446 0.975574
vn -0.191980 0.000001 0.981399
vn -0.013977 0.000000 0.999902
vn 0.480313 -0.304656 0.822486
vn 0.453527 -0.302900 0.838191
vn 0.476831 -0.153339 0.865517
vn 0.503728 -0.154227 0.849984
vn 0.476831 -0.153339 0.865517
vn 0.484624 0.000000 0.874723
vn 0.511591 0.000000 0.859229
vn 0.503728 -0.154227 0.849984
vn 0.453527 -0.302900 0.838191
vn 0.137649 -0.265105 0.954344
vn 0.158081 -0.134211 0.978263
vn 0.476831 -0.153339 0.865517
vn 0.137649 -0.265105 0.954344
vn -0.037843 -0.232482 0.971864
vn -0.019907 -0.117698 0.992850
vn 0.158081 -0.134211 0.978263
vn 0.158081 -0.134211 0.978263
vn -0.019907 -0.117698 0.992850
vn -0.013977 0.000000 0.999902
vn 0.164866 -0.000001 0.986316
vn 0.476831 -0.153339 0.865517
vn 0.158081 -0.134211 0.978263
vn 0.164866 -0.000001 0.986316
vn 0.484624 0.000000 0.874723
vn -0.363815 0.000000 0.931471
vn -0.647910 -0.000001 0.761717
vn -0.649168 0.025040 0.760233
vn -0.367521 0.074074 0.927061
vn -0.649168 0.025040 0.760233
vn -0.647910 -0.000001 0.761717
vn -0.663981 -0.000001 0.747750
vn -0.665074 0.021746 0.746461
vn -0.652987 0.049455 0.755753
vn -0.649168 0.025040 0.760233
vn -0.665074 0.021746 0.746461
vn -0.668390 0.042949 0.742570
vn -0.367521 0.074074 0.927061
vn -0.649168 0.025040 0.760233
vn -0.652987 0.049455 0.755753
vn -0.378838 0.146303 0.913826
vn -0.013977 0.000000 0.999902
vn -0.191980 0.000001 0.981399
vn -0.196873 0.097447 0.975574
vn -0.019906 0.117699 0.992850
vn -0.191980 0.000001 0.981399
vn -0.363815 0.000000 0.931471
vn -0.367521 0.074074 0.927061
vn -0.196873 0.097447 0.975574
vn -0.196873 0.097447 0.975574
vn -0.367521 0.074074 0.927061
vn -0.378838 0.146303 0.913826
vn -0.211740 0.192473 0.958186
vn -0.019906 0.117699 0.992850
vn -0.196873 0.097447 0.975574
vn -0.211740 0.192473 0.958186
vn -0.037844 0.232484 0.971864
vn 0.511591 0.000000 0.859229
vn 0.484624 0.000000 0.874723
vn 0.476832 0.153340 0.865516
vn 0.503729 0.154228 0.849983
vn 0.476832 0.153340 0.865516
vn 0.453527 0.302901 0.838191
vn 0.480314 0.304656 0.822486
vn 0.503729 0.154228 0.849983
vn 0.484624 0.000000 0.874723
vn 0.164866 -0.000001 0.986316
vn 0.158081 0.134211 0.978263
vn 0.476832 0.153340 0.865516
vn 0.164866 -0.000001 0.986316
vn -0.013977 0.000000 0.999902
vn -0.019906 0.117699 0.992850
vn 0.158081 0.134211 0.978263
vn 0.158081 0.134211 0.978263
vn -0.019906 0.117699 0.992850
vn -0.037844 0.232484 0.971864
vn 0.137649 0.265107 0.954343
vn 0.476832 0.153340 0.865516
vn 0.158081 0.134211 0.978263
vn 0.137649 0.265107 0.954343
vn 0.453527 0.302901 0.838191
vn -0.378838 0.146303 0.913826
vn -0.652987 0.049455 0.755753
vn -0.659198 0.072665 0.748450
vn -0.397196 0.214973 0.892201
vn -0.659198 0.072665 0.748450
vn -0.652987 0.049455 0.755753
vn -0.668390 0.042949 0.742570
vn -0.673785 0.063105 0.736228
vn -0.667721 0.094066 0.738444
vn -0.659198 0.072665 0.748450
vn -0.673785 0.063105 0.736228
vn -0.681186 0.081692 0.727538
vn -0.397196 0.214973 0.892201
vn -0.659198 0.072665 0.748450
vn -0.667721 0.094066 0.738444
vn -0.422429 0.278288 0.862618
vn -0.037844 0.232484 0.971864
vn -0.211740 0.192473 0.958186
vn -0.235912 0.282798 0.929715
vn -0.067058 0.341572 0.937460
vn -0.211740 0.192473 0.958186
vn -0.378838 0.146303 0.913826
vn -0.397196 0.214973 0.892201
vn -0.235912 0.282798 0.929715
vn -0.235912 0.282798 0.929715
vn -0.397196 0.214973 0.892201
vn -0.422429 0.278288 0.862618
vn -0.269089 0.366108 0.890818
vn -0.067058 0.341572 0.937460
vn -0.235912 0.282798 0.929715
vn -0.269089 0.366108 0.890818
vn -0.107112 0.442208 0.890494
vn 0.480314 0.304656 0.822486
vn 0.453527 0.302901 0.838191
vn 0.415401 0.445007 0.793354
vn 0.441942 0.447584 0.777404
vn 0.415401 0.445007 0.793354
vn 0.363277 0.576148 0.732177
vn 0.389541 0.579488 0.715858
vn 0.441942 0.447584 0.777404
vn 0.453527 0.302901 0.838191
vn 0.137649 0.265107 0.954343
vn 0.104315 0.389496 0.915102
vn 0.415401 0.445007 0.793354
vn 0.137649 0.265107 0.954343
vn -0.037844 0.232484 0.971864
vn -0.067058 0.341572 0.937460
vn 0.104315 0.389496 0.915102
vn 0.104315 0.389496 0.915102
vn -0.067058 0.341572 0.937460
vn -0.107112 0.442208 0.890494
vn 0.058662 0.504265 0.861554
vn 0.415401 0.445007 0.793354
vn 0.104315 0.389496 0.915102
vn 0.058662 0.504265 0.861554
vn 0.363277 0.576148 0.732177
vn -0.422429 0.278288 0.862618
vn -0.667721 0.094066 0.738444
vn -0.678280 0.113181 0.726035
vn -0.453644 0.334828 0.825892
vn -0.678280 0.113181 0.726035
vn -0.667721 0.094066 0.738444
vn -0.681186 0.081692 0.727538
vn -0.690356 0.098293 0.716762
vn -0.690673 0.129473 0.711483
vn -0.678280 0.113181 0.726035
vn -0.690356 0.098293 0.716762
vn -0.701118 0.112440 0.704124
vn -0.453644 0.334828 0.825892
vn -0.678280 0.113181 0.726035
vn -0.690673 0.129473 0.711483
vn -0.490325 0.383026 0.782862
vn -0.107112 0.442208 0.890494
vn -0.269089 0.366108 0.890818
vn -0.310168 0.440471 0.842485
vn -0.156744 0.532012 0.832102
vn -0.269089 0.366108 0.890818
vn -0.422429 0.278288 0.862618
vn -0.453644 0.334828 0.825892
vn -0.310168 0.440471 0.842485
vn -0.310168 0.440471 0.842485
vn -0.453644 0.334828 0.825892
vn -0.490325 0.383026 0.782862
vn -0.358408 0.503901 0.785893
vn -0.156744 0.532012 0.832102
vn -0.310168 0.440471 0.842485
vn -0.358408 0.503901 0.785893
vn -0.214997 0.608647 0.763757
vn 0.389541 0.579488 0.715858
vn 0.363277 0.576148 0.732177
vn 0.298554 0.693113 0.656094
vn 0.324419 0.697128 0.639348
vn 0.298554 0.693113 0.656094
vn 0.222711 0.793004 0.567050
vn 0.248159 0.797601 0.549773
vn 0.324419 0.697128 0.639348
vn 0.363277 0.576148 0.732177
vn 0.058662 0.504265 0.861554
vn 0.002044 0.606655 0.794963
vn 0.298554 0.693113 0.656094
vn 0.058662 0.504265 0.861554
vn -0.107112 0.442208 0.890494
vn -0.156744 0.532012 0.832102
vn 0.002044 0.606655 0.794963
vn 0.002044 0.606655 0.794963
vn -0.156744 0.532012 0.832102
vn -0.214997 0.608647 0.763757
vn -0.064367 0.694063 0.717031
vn 0.298554 0.693113 0.656094
vn 0.002044 0.606655 0.794963
vn -0.064367 0.694063 0.717031
vn 0.222711 0.793004 0.567050
vn -0.490325 0.383026 0.782862
vn -0.690673 0.129473 0.711483
vn -0.704540 0.142616 0.695186
vn -0.531335 0.421908 0.734627
vn -0.704540 0.142616 0.695186
vn -0.690673 0.129473 0.711483
vn -0.701118 0.112440 0.704124
vn -0.713162 0.123855 0.689971
vn -0.719590 0.152205 0.677513
vn -0.704540 0.142616 0.695186
vn -0.713162 0.123855 0.689971
vn -0.726232 0.132182 0.674622
vn -0.531335 0.421908 0.734627
vn -0.704540 0.142616 0.695186
vn -0.719590 0.152205 0.677513
vn -0.575877 0.450275 0.682362
vn -0.214997 0.608647 0.763757
vn -0.358408 0.503901 0.785893
vn -0.412368 0.555027 0.722425
vn -0.280189 0.670373 0.687091
vn -0.358408 0.503901 0.785893
vn -0.490325 0.383026 0.782862
vn -0.531335 0.421908 0.734627
vn -0.412368 0.555027 0.722425
vn -0.412368 0.555027 0.722425
vn -0.531335 0.421908 0.734627
vn -0.575877 0.450275 0.682362
vn -0.470955 0.592373 0.653679
vn -0.280189 0.670373 0.687091
vn -0.412368 0.555027 0.722425
vn -0.470955 0.592373 0.653679
vn -0.350946 0.715503 0.604063
vn 0.248159 0.797601 0.549773
vn 0.222711 0.793004 0.567050
vn 0.137730 0.873375 0.467169
vn 0.162661 0.878433 0.449329
vn 0.137730 0.873375 0.467169
vn 0.045590 0.932231 0.358979
vn 0.070011 0.937636 0.340497
vn 0.162661 0.878433 0.449329
vn 0.222711 0.793004 0.567050
vn -0.064367 0.694063 0.717031
vn -0.138724 0.764428 0.629607
vn 0.137730 0.873375 0.467169
vn -0.064367 0.694063 0.717031
vn -0.214997 0.608647 0.763757
vn -0.280189 0.670373 0.687091
vn -0.138724 0.764428 0.629607
vn -0.138724 0.764428 0.629607
vn -0.280189 0.670373 0.687091
vn -0.350946 0.715503 0.604063
vn -0.219396 0.815916 0.534926
vn 0.137730 0.873375 0.467169
vn -0.138724 0.764428 0.629607
vn -0.219396 0.815916 0.534926
vn 0.045590 0.932231 0.358979
vn -0.575877 0.450275 0.682362
vn -0.719590 0.152205 0.677513
vn -0.735414 0.158092 0.658918
vn -0.622668 0.467686 0.627339
vn -0.735414 0.158092 0.658918
vn -0.719590 0.152205 0.677513
vn -0.726232 0.132182 0.674622
vn -0.739974 0.137294 0.658474
vn -0.751647 0.160037 0.639855
vn -0.735414 0.158092 0.658918
vn -0.739974 0.137294 0.658474
vn -0.754071 0.138985 0.641919
vn -0.622668 0.467686 0.627339
vn -0.735414 0.158092 0.658918
vn -0.751647 0.160037 0.639855
vn -0.670717 0.473438 0.570960
vn -0.350946 0.715503 0.604063
vn -0.470955 0.592373 0.653679
vn -0.532516 0.615251 0.581286
vn -0.425309 0.743112 0.516621
vn -0.470955 0.592373 0.653679
vn -0.575877 0.450275 0.682362
vn -0.622668 0.467686 0.627339
vn -0.532516 0.615251 0.581286
vn -0.532516 0.615251 0.581286
vn -0.622668 0.467686 0.627339
vn -0.670717 0.473438 0.570960
vn -0.595723 0.622851 0.507120
vn -0.425309 0.743112 0.516621
vn -0.532516 0.615251 0.581286
vn -0.595723 0.622851 0.507120
vn -0.501641 0.752331 0.427030
vn 0.070011 0.937636 0.340497
vn 0.045590 0.932231 0.358979
vn -0.051334 0.968145 0.245072
vn -0.027496 0.973752 0.225945
vn -0.051334 0.968145 0.245072
vn -0.150756 0.980205 0.128335
vn -0.127470 0.985889 0.108512
vn -0.027496 0.973752 0.225945
vn 0.045590 0.932231 0.358979
vn -0.219396 0.815916 0.534926
vn -0.304204 0.847377 0.435216
vn -0.051334 0.968145 0.245072
vn -0.219396 0.815916 0.534926
vn -0.350946 0.715503 0.604063
vn -0.425309 0.743112 0.516621
vn -0.304204 0.847377 0.435216
vn -0.304204 0.847377 0.435216
vn -0.425309 0.743112 0.516621
vn -0.501641 0.752331 0.427030
vn -0.391239 0.857910 0.333050
vn -0.051334 0.968145 0.245072
vn -0.304204 0.847377 0.435216
vn -0.391239 0.857910 0.333050
vn -0.150756 0.980205 0.128335
vn -0.783704 0.152205 0.602197
vn -0.765544 0.450287 0.459549
vn -0.718701 0.467686 0.514528
vn -0.767875 0.158091 0.620786
vn -0.767875 0.158091 0.620786
vn -0.718701 0.467686 0.514528
vn -0.670717 0.473438 0.570960
vn -0.751647 0.160037 0.639855
vn -0.768165 0.137294 0.625359
vn -0.767875 0.158091 0.620786
vn -0.751647 0.160037 0.639855
vn -0.754071 0.138985 0.641919
vn -0.765544 0.450287 0.459549
vn -0.720483 0.592366 0.360564
vn -0.658850 0.615241 0.432892
vn -0.718701 0.467686 0.514528
vn -0.720483 0.592366 0.360564
vn -0.652338 0.715508 0.250006
vn -0.577888 0.743119 0.337372
vn -0.658850 0.615241 0.432892
vn -0.658850 0.615241 0.432892
vn -0.577888 0.743119 0.337372
vn -0.501641 0.752331 0.427030
vn -0.595723 0.622851 0.507120
vn -0.718701 0.467686 0.514528
vn -0.658850 0.615241 0.432892
vn -0.595723 0.622851 0.507120
vn -0.670717 0.473438 0.570960
vn -0.652338 0.715508 0.250006
vn -0.563083 0.815922 0.131179
vn -0.478193 0.847381 0.230818
vn -0.577888 0.743119 0.337372
vn -0.563083 0.815922 0.131179
vn -0.347097 0.932232 -0.102313
vn -0.250124 0.968145 0.011551
vn -0.478193 0.847381 0.230818
vn -0.478193 0.847381 0.230818
vn -0.250124 0.968145 0.011551
vn -0.150756 0.980205 0.128335
vn -0.391239 0.857910 0.333050
vn -0.577888 0.743119 0.337372
vn -0.478193 0.847381 0.230818
vn -0.391239 0.857910 0.333050
vn -0.501641 0.752331 0.427030
vn -0.250124 0.968145 0.011551
vn -0.347097 0.932232 -0.102313
vn -0.324948 0.937637 -0.123472
vn -0.227436 0.973752 -0.008929
vn -0.127470 0.985889 0.108512
vn -0.150756 0.980205 0.128335
vn -0.250124 0.968145 0.011551
vn -0.227436 0.973752 -0.008929
vn -0.773943 0.068710 0.629516
vn -0.780716 0.064312 0.621568
vn -0.761462 0.000000 0.648210
vn -0.773943 0.068710 0.629516
vn -0.675382 0.680323 0.284640
vn -0.742628 0.637328 0.205710
vn -0.780716 0.064312 0.621568
vn -0.780716 0.064312 0.621568
vn -0.742628 0.637328 0.205710
vn -0.804647 0.578714 0.132792
vn -0.786998 0.058445 0.614181
vn -0.761462 0.000000 0.648210
vn -0.780716 0.064312 0.621568
vn -0.786998 0.058445 0.614181
vn -0.675382 0.680323 0.284640
vn -0.501538 0.863146 0.058640
vn -0.586832 0.808642 -0.041542
vn -0.742628 0.637328 0.205710
vn -0.501538 0.863146 0.058640
vn -0.324948 0.937637 -0.123472
vn -0.417594 0.878435 -0.232309
vn -0.586832 0.808642 -0.041542
vn -0.586832 0.808642 -0.041542
vn -0.417594 0.878435 -0.232309
vn -0.503105 0.797599 -0.332749
vn -0.665539 0.734234 -0.134010
vn -0.742628 0.637328 0.205710
vn -0.586832 0.808642 -0.041542
vn -0.665539 0.734234 -0.134010
vn -0.804647 0.578714 0.132792
vn -0.786998 0.058445 0.614181
vn -0.792558 0.051034 0.607657
vn -0.761462 0.000000 0.648210
vn -0.786998 0.058445 0.614181
vn -0.804647 0.578714 0.132792
vn -0.859986 0.505788 0.067839
vn -0.792558 0.051034 0.607657
vn -0.792558 0.051034 0.607657
vn -0.859986 0.505788 0.067839
vn -0.907231 0.420454 0.012286
vn -0.797360 0.042464 0.602008
vn -0.761462 0.000000 0.648210
vn -0.792558 0.051034 0.607657
vn -0.797360 0.042464 0.602008
vn -0.804647 0.578714 0.132792
vn -0.665539 0.734234 -0.134010
vn -0.735740 0.641739 -0.216467
vn -0.859986 0.505788 0.067839
vn -0.665539 0.734234 -0.134010
vn -0.503105 0.797599 -0.332749
vn -0.579355 0.697127 -0.422329
vn -0.735740 0.641739 -0.216467
vn -0.735740 0.641739 -0.216467
vn -0.579355 0.697127 -0.422329
vn -0.644484 0.579491 -0.498829
vn -0.795689 0.533449 -0.286901
vn -0.859986 0.505788 0.067839
vn -0.735740 0.641739 -0.216467
vn -0.795689 0.533449 -0.286901
vn -0.907231 0.420454 0.012286
vn -0.797360 0.042464 0.602008
vn -0.801164 0.032768 0.597548
vn -0.761462 0.000000 0.648210
vn -0.797360 0.042464 0.602008
vn -0.907231 0.420454 0.012286
vn -0.945252 0.324737 -0.032323
vn -0.801164 0.032768 0.597548
vn -0.801164 0.032768 0.597548
vn -0.945252 0.324737 -0.032323
vn -0.973089 0.221051 -0.065078
vn -0.804011 0.022325 0.594196
vn -0.761462 0.000000 0.648210
vn -0.801164 0.032768 0.597548
vn -0.804011 0.022325 0.594196
vn -0.907231 0.420454 0.012286
vn -0.795689 0.533449 -0.286901
vn -0.843924 0.412024 -0.343552
vn -0.945252 0.324737 -0.032323
vn -0.795689 0.533449 -0.286901
vn -0.644484 0.579491 -0.498829
vn -0.696877 0.447585 -0.560384
vn -0.843924 0.412024 -0.343552
vn -0.843924 0.412024 -0.343552
vn -0.696877 0.447585 -0.560384
vn -0.735256 0.304655 -0.605461
vn -0.879246 0.280455 -0.385060
vn -0.945252 0.324737 -0.032323
vn -0.843924 0.412024 -0.343552
vn -0.879246 0.280455 -0.385060
vn -0.973089 0.221051 -0.065078
vn -0.804011 0.022325 0.594196
vn -0.805686 0.011291 0.592235
vn -0.761462 0.000000 0.648210
vn -0.804011 0.022325 0.594196
vn -0.973089 0.221051 -0.065078
vn -0.990080 0.111897 -0.084978
vn -0.805686 0.011291 0.592235
vn -0.805686 0.011291 0.592235
vn -0.990080 0.111897 -0.084978
vn -0.995783 -0.000001 -0.091737
vn -0.806303 -0.000006 0.591503
vn -0.761462 0.000000 0.648210
vn -0.805686 0.011291 0.592235
vn -0.806303 -0.000006 0.591503
vn -0.973089 0.221051 -0.065078
vn -0.879246 0.280455 -0.385060
vn -0.900801 0.141976 -0.410367
vn -0.990080 0.111897 -0.084978
vn -0.879246 0.280455 -0.385060
vn -0.735256 0.304655 -0.605461
vn -0.758662 0.154230 -0.632965
vn -0.900801 0.141976 -0.410367
vn -0.900801 0.141976 -0.410367
vn -0.758662 0.154230 -0.632965
vn -0.766534 0.000000 -0.642203
vn -0.908040 -0.000002 -0.418883
vn -0.990080 0.111897 -0.084978
vn -0.900801 0.141976 -0.410367
vn -0.908040 -0.000002 -0.418883
vn -0.995783 -0.000001 -0.091737
vn -0.806303 -0.000006 0.591503
vn -0.805687 -0.011297 0.592234
vn -0.761462 0.000000 0.648210
vn -0.806303 -0.000006 0.591503
vn -0.995783 -0.000001 -0.091737
vn -0.990079 -0.111897 -0.084982
vn -0.805687 -0.011297 0.592234
vn -0.805687 -0.011297 0.592234
vn -0.990079 -0.111897 -0.084982
vn -0.973089 -0.221049 -0.065079
vn -0.804011 -0.022325 0.594196
vn -0.761462 0.000000 0.648210
vn -0.805687 -0.011297 0.592234
vn -0.804011 -0.022325 0.594196
vn -0.995783 -0.000001 -0.091737
vn -0.908040 -0.000002 -0.418883
vn -0.900800 -0.141975 -0.410368
vn -0.990079 -0.111897 -0.084982
vn -0.908040 -0.000002 -0.418883
vn -0.766534 0.000000 -0.642203
vn -0.758663 -0.154228 -0.632965
vn -0.900800 -0.141975 -0.410368
vn -0.900800 -0.141975 -0.410368
vn -0.758663 -0.154228 -0.632965
vn -0.735257 -0.304654 -0.605461
vn -0.879247 -0.280453 -0.385060
vn -0.990079 -0.111897 -0.084982
vn -0.900800 -0.141975 -0.410368
vn -0.879247 -0.280453 -0.385060
vn -0.973089 -0.221049 -0.065079
vn -0.804011 -0.022325 0.594196
vn -0.801164 -0.032768 0.597548
vn -0.761462 0.000000 0.648210
vn -0.804011 -0.022325 0.594196
vn -0.973089 -0.221049 -0.065079
vn -0.945253 -0.324734 -0.032322
vn -0.801164 -0.032768 0.597548
vn -0.801164 -0.032768 0.597548
vn -0.945253 -0.324734 -0.032322
vn -0.907227 -0.420463 0.012289
vn -0.797360 -0.042460 0.602009
vn -0.761462 0.000000 0.648210
vn -0.801164 -0.032768 0.597548
vn -0.797360 -0.042460 0.602009
vn -0.973089 -0.221049 -0.065079
vn -0.879247 -0.280453 -0.385060
vn -0.843923 -0.412025 -0.343555
vn -0.945253 -0.324734 -0.032322
vn -0.879247 -0.280453 -0.385060
vn -0.735257 -0.304654 -0.605461
vn -0.696877 -0.447585 -0.560384
vn -0.843923 -0.412025 -0.343555
vn -0.843923 -0.412025 -0.343555
vn -0.696877 -0.447585 -0.560384
vn -0.644484 -0.579491 -0.498830
vn -0.795685 -0.533454 -0.286900
vn -0.945253 -0.324734 -0.032322
vn -0.843923 -0.412025 -0.343555
vn -0.795685 -0.533454 -0.286900
vn -0.907227 -0.420463 0.012289
vn -0.797360 -0.042460 0.602009
vn -0.792559 -0.051033 0.607657
vn -0.761462 0.000000 0.648210
vn -0.797360 -0.042460 0.602009
vn -0.907227 -0.420463 0.012289
vn -0.859983 -0.505794 0.067844
vn -0.792559 -0.051033 0.607657
vn -0.792559 -0.051033 0.607657
vn -0.859983 -0.505794 0.067844
vn -0.804644 -0.578718 0.132792
vn -0.786999 -0.058449 0.614179
vn -0.761462 0.000000 0.648210
vn -0.792559 -0.051033 0.607657
vn -0.786999 -0.058449 0.614179
vn -0.907227 -0.420463 0.012289
vn -0.795685 -0.533454 -0.286900
vn -0.735739 -0.641742 -0.216462
vn -0.859983 -0.505794 0.067844
vn -0.795685 -0.533454 -0.286900
vn -0.644484 -0.579491 -0.498830
vn -0.579353 -0.697129 -0.422328
vn -0.735739 -0.641742 -0.216462
vn -0.735739 -0.641742 -0.216462
vn -0.579353 -0.697129 -0.422328
vn -0.503103 -0.797601 -0.332747
vn -0.665537 -0.734235 -0.134010
vn -0.859983 -0.505794 0.067844
vn -0.735739 -0.641742 -0.216462
vn -0.665537 -0.734235 -0.134010
vn -0.804644 -0.578718 0.132792
vn -0.786999 -0.058449 0.614179
vn -0.780717 -0.064313 0.621566
vn -0.761462 0.000000 0.648210
vn -0.786999 -0.058449 0.614179
vn -0.804644 -0.578718 0.132792
vn -0.742623 -0.637336 0.205703
vn -0.780717 -0.064313 0.621566
vn -0.780717 -0.064313 0.621566
vn -0.742623 -0.637336 0.205703
vn -0.675385 -0.680321 0.284636
vn -0.773942 -0.068712 0.629517
vn -0.761462 0.000000 0.648210
vn -0.780717 -0.064313 0.621566
vn -0.773942 -0.068712 0.629517
vn -0.804644 -0.578718 0.132792
vn -0.665537 -0.734235 -0.134010
vn -0.586834 -0.808641 -0.041545
vn -0.742623 -0.637336 0.205703
vn -0.665537 -0.734235 -0.134010
vn -0.503103 -0.797601 -0.332747
vn -0.417599 -0.878432 -0.232311
vn -0.586834 -0.808641 -0.041545
vn -0.586834 -0.808641 -0.041545
vn -0.417599 -0.878432 -0.232311
vn -0.324953 -0.937636 -0.123471
vn -0.501542 -0.863144 0.058638
vn -0.742623 -0.637336 0.205703
vn -0.586834 -0.808641 -0.041545
vn -0.501542 -0.863144 0.058638
vn -0.675385 -0.680321 0.284636
vn -0.773942 -0.068712 0.629517
vn -0.766794 -0.071289 0.637922
vn -0.761462 0.000000 0.648210
vn -0.773942 -0.068712 0.629517
vn -0.675385 -0.680321 0.284636
vn -0.604661 -0.706486 0.367781
vn -0.766794 -0.071289 0.637922
vn -0.766794 -0.071289 0.637922
vn -0.604661 -0.706486 0.367781
vn -0.532097 -0.715334 0.452958
vn -0.759473 -0.072248 0.646515
vn -0.761462 0.000000 0.648210
vn -0.766794 -0.071289 0.637922
vn -0.759473 -0.072248 0.646515
vn -0.675385 -0.680321 0.284636
vn -0.501542 -0.863144 0.058638
vn -0.411779 -0.896389 0.164090
vn -0.604661 -0.706486 0.367781
vn -0.501542 -0.863144 0.058638
vn -0.324953 -0.937636 -0.123471
vn -0.227437 -0.973752 -0.008928
vn -0.411779 -0.896389 0.164090
vn -0.411779 -0.896389 0.164090
vn -0.227437 -0.973752 -0.008928
vn -0.127472 -0.985888 0.108513
vn -0.319747 -0.907565 0.272191
vn -0.604661 -0.706486 0.367781
vn -0.411779 -0.896389 0.164090
vn -0.319747 -0.907565 0.272191
vn -0.532097 -0.715334 0.452958
vn -0.759473 -0.072248 0.646515
vn -0.752156 -0.071293 0.655117
vn -0.761462 0.000000 0.648210
vn -0.759473 -0.072248 0.646515
vn -0.532097 -0.715334 0.452958
vn -0.459594 -0.706490 0.538188
vn -0.752156 -0.071293 0.655117
vn -0.752156 -0.071293 0.655117
vn -0.459594 -0.706490 0.538188
vn -0.388813 -0.680319 0.621281
vn -0.745000 -0.068710 0.663516
vn -0.761462 0.000000 0.648210
vn -0.752156 -0.071293 0.655117
vn -0.745000 -0.068710 0.663516
vn -0.532097 -0.715334 0.452958
vn -0.319747 -0.907565 0.272191
vn -0.227729 -0.896385 0.380307
vn -0.459594 -0.706490 0.538188
vn -0.319747 -0.907565 0.272191
vn -0.127472 -0.985888 0.108513
vn -0.027497 -0.973751 0.225947
vn -0.227729 -0.896385 0.380307
vn -0.227729 -0.896385 0.380307
vn -0.027497 -0.973751 0.225947
vn 0.070009 -0.937636 0.340497
vn -0.137957 -0.863143 0.485749
vn -0.459594 -0.706490 0.538188
vn -0.227729 -0.896385 0.380307
vn -0.137957 -0.863143 0.485749
vn -0.388813 -0.680319 0.621281
vn -0.745000 -0.068710 0.663516
vn -0.738236 -0.064311 0.671470
vn -0.761462 0.000000 0.648210
vn -0.745000 -0.068710 0.663516
vn -0.388813 -0.680319 0.621281
vn -0.321624 -0.637334 0.700259
vn -0.738236 -0.064311 0.671470
vn -0.738236 -0.064311 0.671470
vn -0.321624 -0.637334 0.700259
vn -0.259548 -0.578716 0.773125
vn -0.731945 -0.058452 0.678852
vn -0.761462 0.000000 0.648210
vn -0.738236 -0.064311 0.671470
vn -0.731945 -0.058452 0.678852
vn -0.388813 -0.680319 0.621281
vn -0.137957 -0.863143 0.485749
vn -0.052671 -0.808644 0.585935
vn -0.321624 -0.637334 0.700259
vn -0.137957 -0.863143 0.485749
vn 0.070009 -0.937636 0.340497
vn 0.162661 -0.878433 0.449330
vn -0.052671 -0.808644 0.585935
vn -0.052671 -0.808644 0.585935
vn 0.162661 -0.878433 0.449330
vn 0.248159 -0.797602 0.549772
vn 0.026042 -0.734238 0.678393
vn -0.321624 -0.637334 0.700259
vn -0.052671 -0.808644 0.585935
vn 0.026042 -0.734238 0.678393
vn -0.259548 -0.578716 0.773125
vn -0.731945 -0.058452 0.678852
vn -0.726392 -0.051040 0.685383
vn -0.761462 0.000000 0.648210
vn -0.731945 -0.058452 0.678852
vn -0.259548 -0.578716 0.773125
vn -0.204269 -0.505789 0.838124
vn -0.726392 -0.051040 0.685383
vn -0.726392 -0.051040 0.685383
vn -0.204269 -0.505789 0.838124
vn -0.156968 -0.420462 0.893629
vn -0.721586 -0.042465 0.691022
vn -0.761462 0.000000 0.648210
vn -0.726392 -0.051040 0.685383
vn -0.721586 -0.042465 0.691022
vn -0.259548 -0.578716 0.773125
vn 0.026042 -0.734238 0.678393
vn 0.096229 -0.641743 0.760859
vn -0.204269 -0.505789 0.838124
vn 0.026042 -0.734238 0.678393
vn 0.248159 -0.797602 0.549772
vn 0.324419 -0.697130 0.639345
vn 0.096229 -0.641743 0.760859
vn 0.096229 -0.641743 0.760859
vn 0.324419 -0.697130 0.639345
vn 0.389541 -0.579490 0.715855
vn 0.156192 -0.533453 0.831283
vn -0.204269 -0.505789 0.838124
vn 0.096229 -0.641743 0.760859
vn 0.156192 -0.533453 0.831283
vn -0.156968 -0.420462 0.893629
vn -0.721586 -0.042465 0.691022
vn -0.717789 -0.032768 0.695489
vn -0.761462 0.000000 0.648210
vn -0.721586 -0.042465 0.691022
vn -0.156968 -0.420462 0.893629
vn -0.119001 -0.324736 0.938288
vn -0.717789 -0.032768 0.695489
vn -0.717789 -0.032768 0.695489
vn -0.119001 -0.324736 0.938288
vn -0.091109 -0.221047 0.970998
vn -0.714933 -0.022331 0.698836
vn -0.761462 0.000000 0.648210
vn -0.717789 -0.032768 0.695489
vn -0.714933 -0.022331 0.698836
vn -0.156968 -0.420462 0.893629
vn 0.156192 -0.533453 0.831283
vn 0.204417 -0.412025 0.887947
vn -0.119001 -0.324736 0.938288
vn 0.156192 -0.533453 0.831283
vn 0.389541 -0.579490 0.715855
vn 0.441942 -0.447585 0.777403
vn 0.204417 -0.412025 0.887947
vn 0.204417 -0.412025 0.887947
vn 0.441942 -0.447585 0.777403
vn 0.480313 -0.304656 0.822486
vn 0.239752 -0.280452 0.929444
vn -0.119001 -0.324736 0.938288
vn 0.204417 -0.412025 0.887947
vn 0.239752 -0.280452 0.929444
vn -0.091109 -0.221047 0.970998
vn -0.714933 -0.022331 0.698836
vn -0.713265 -0.011291 0.700803
vn -0.761462 0.000000 0.648210
vn -0.714933 -0.022331 0.698836
vn -0.091109 -0.221047 0.970998
vn -0.074174 -0.111896 0.990948
vn -0.713265 -0.011291 0.700803
vn -0.713265 -0.011291 0.700803
vn -0.074174 -0.111896 0.990948
vn -0.068415 0.000000 0.997657
vn -0.712640 0.000000 0.701530
vn -0.761462 0.000000 0.648210
vn -0.713265 -0.011291 0.700803
vn -0.712640 0.000000 0.701530
vn -0.091109 -0.221047 0.970998
vn 0.239752 -0.280452 0.929444
vn 0.261294 -0.141972 0.954762
vn -0.074174 -0.111896 0.990948
vn 0.239752 -0.280452 0.929444
vn 0.480313 -0.304656 0.822486
vn 0.503728 -0.154227 0.849984
vn 0.261294 -0.141972 0.954762
vn 0.261294 -0.141972 0.954762
vn 0.503728 -0.154227 0.849984
vn 0.511591 0.000000 0.859229
vn 0.268543 0.000000 0.963268
vn -0.074174 -0.111896 0.990948
vn 0.261294 -0.141972 0.954762
vn 0.268543 0.000000 0.963268
vn -0.068415 0.000000 0.997657
vn -0.712640 0.000000 0.701530
vn -0.713265 0.011291 0.700803
vn -0.761462 0.000000 0.648210
vn -0.712640 0.000000 0.701530
vn -0.068415 0.000000 0.997657
vn -0.074174 0.111897 0.990948
vn -0.713265 0.011291 0.700803
vn -0.713265 0.011291 0.700803
vn -0.074174 0.111897 0.990948
vn -0.091107 0.221048 0.970998
vn -0.714933 0.022331 0.698836
vn -0.761462 0.000000 0.648210
vn -0.713265 0.011291 0.700803
vn -0.714933 0.022331 0.698836
vn -0.068415 0.000000 0.997657
vn 0.268543 0.000000 0.963268
vn 0.261294 0.141975 0.954761
vn -0.074174 0.111897 0.990948
vn 0.268543 0.000000 0.963268
vn 0.511591 0.000000 0.859229
vn 0.503729 0.154228 0.849983
vn 0.261294 0.141975 0.954761
vn 0.261294 0.141975 0.954761
vn 0.503729 0.154228 0.849983
vn 0.480314 0.304656 0.822486
vn 0.239752 0.280453 0.929444
vn -0.074174 0.111897 0.990948
vn 0.261294 0.141975 0.954761
vn 0.239752 0.280453 0.929444
vn -0.091107 0.221048 0.970998
vn -0.714933 0.022331 0.698836
vn -0.717789 0.032767 0.695489
vn -0.761462 0.000000 0.648210
vn -0.714933 0.022331 0.698836
vn -0.091107 0.221048 0.970998
vn -0.119000 0.324737 0.938288
vn -0.717789 0.032767 0.695489
vn -0.717789 0.032767 0.695489
vn -0.119000 0.324737 0.938288
vn -0.156967 0.420465 0.893628
vn -0.721586 0.042465 0.691021
vn -0.761462 0.000000 0.648210
vn -0.717789 0.032767 0.695489
vn -0.721586 0.042465 0.691021
vn -0.091107 0.221048 0.970998
vn 0.239752 0.280453 0.929444
vn 0.204417 0.412025 0.887947
vn -0.119000 0.324737 0.938288
vn 0.239752 0.280453 0.929444
vn 0.480314 0.304656 0.822486
vn 0.441942 0.447584 0.777404
vn 0.204417 0.412025 0.887947
vn 0.204417 0.412025 0.887947
vn 0.441942 0.447584 0.777404
vn 0.389541 0.579488 0.715858
vn 0.156191 0.533453 0.831284
vn -0.119000 0.324737 0.938288
vn 0.204417 0.412025 0.887947
vn 0.156191 0.533453 0.831284
vn -0.156967 0.420465 0.893628
vn -0.721586 0.042465 0.691021
vn -0.726392 0.051037 0.685383
vn -0.761462 0.000000 0.648210
vn -0.721586 0.042465 0.691021
vn -0.156967 0.420465 0.893628
vn -0.204269 0.505791 0.838123
vn -0.726392 0.051037 0.685383
vn -0.726392 0.051037 0.685383
vn -0.204269 0.505791 0.838123
vn -0.259549 0.578717 0.773124
vn -0.731946 0.058452 0.678851
vn -0.761462 0.000000 0.648210
vn -0.726392 0.051037 0.685383
vn -0.731946 0.058452 0.678851
vn -0.156967 0.420465 0.893628
vn 0.156191 0.533453 0.831284
vn 0.096229 0.641742 0.760860
vn -0.204269 0.505791 0.838123
vn 0.156191 0.533453 0.831284
vn 0.389541 0.579488 0.715858
vn 0.324419 0.697128 0.639348
vn 0.096229 0.641742 0.760860
vn 0.096229 0.641742 0.760860
vn 0.324419 0.697128 0.639348
vn 0.248159 0.797601 0.549773
vn 0.026041 0.734238 0.678393
vn -0.204269 0.505791 0.838123
vn 0.096229 0.641742 0.760860
vn 0.026041 0.734238 0.678393
vn -0.259549 0.578717 0.773124
vn -0.731946 0.058452 0.678851
vn -0.738235 0.064315 0.671470
vn -0.761462 0.000000 0.648210
vn -0.731946 0.058452 0.678851
vn -0.259549 0.578717 0.773124
vn -0.321624 0.637336 0.700258
vn -0.738235 0.064315 0.671470
vn -0.738235 0.064315 0.671470
vn -0.321624 0.637336 0.700258
vn -0.388813 0.680319 0.621282
vn -0.745001 0.068712 0.663514
vn -0.761462 0.000000 0.648210
vn -0.738235 0.064315 0.671470
vn -0.745001 0.068712 0.663514
vn -0.259549 0.578717 0.773124
vn 0.026041 0.734238 0.678393
vn -0.052670 0.808645 0.585935
vn -0.321624 0.637336 0.700258
vn 0.026041 0.734238 0.678393
vn 0.248159 0.797601 0.549773
vn 0.162661 0.878433 0.449329
vn -0.052670 0.808645 0.585935
vn -0.052670 0.808645 0.585935
vn 0.162661 0.878433 0.449329
vn 0.070011 0.937636 0.340497
vn -0.137958 0.863141 0.485752
vn -0.321624 0.637336 0.700258
vn -0.052670 0.808645 0.585935
vn -0.137958 0.863141 0.485752
vn -0.388813 0.680319 0.621282
vn -0.745001 0.068712 0.663514
vn -0.752158 0.071293 0.655115
vn -0.761462 0.000000 0.648210
vn -0.745001 0.068712 0.663514
vn -0.388813 0.680319 0.621282
vn -0.459597 0.706484 0.538192
vn -0.752158 0.071293 0.655115
vn -0.752158 0.071293 0.655115
vn -0.459597 0.706484 0.538192
vn -0.532098 0.715330 0.452962
vn -0.759471 0.072246 0.646518
vn -0.761462 0.000000 0.648210
vn -0.752158 0.071293 0.655115
vn -0.759471 0.072246 0.646518
vn -0.388813 0.680319 0.621282
vn -0.137958 0.863141 0.485752
vn -0.227731 0.896384 0.380309
vn -0.459597 0.706484 0.538192
vn -0.137958 0.863141 0.485752
vn 0.070011 0.937636 0.340497
vn -0.027496 0.973752 0.225945
vn -0.227731 0.896384 0.380309
vn -0.227731 0.896384 0.380309
vn -0.027496 0.973752 0.225945
vn -0.127470 0.985889 0.108512
vn -0.319748 0.907564 0.272193
vn -0.459597 0.706484 0.538192
vn -0.227731 0.896384 0.380309
vn -0.319748 0.907564 0.272193
vn -0.532098 0.715330 0.452962
vn -0.324948 0.937637 -0.123472
vn -0.501538 0.863146 0.058640
vn -0.411780 0.896388 0.164090
vn -0.227436 0.973752 -0.008929
vn -0.501538 0.863146 0.058640
vn -0.675382 0.680323 0.284640
vn -0.604656 0.706493 0.367776
vn -0.411780 0.896388 0.164090
vn -0.411780 0.896388 0.164090
vn -0.604656 0.706493 0.367776
vn -0.532098 0.715330 0.452962
vn -0.319748 0.907564 0.272193
vn -0.227436 0.973752 -0.008929
vn -0.411780 0.896388 0.164090
vn -0.319748 0.907564 0.272193
vn -0.127470 0.985889 0.108512
vn -0.675382 0.680323 0.284640
vn -0.773943 0.068710 0.629516
vn -0.766795 0.071288 0.637921
vn -0.604656 0.706493 0.367776
vn -0.761462 0.000000 0.648210
vn -0.766795 0.071288 0.637921
vn -0.773943 0.068710 0.629516
vn -0.759471 0.072246 0.646518
vn -0.766795 0.071288 0.637921
vn -0.761462 0.000000 0.648210
vn -0.604656 0.706493 0.367776
vn -0.766795 0.071288 0.637921
vn -0.759471 0.072246 0.646518
vn -0.532098 0.715330 0.452962
vn -0.771541 0.053605 0.633917
vn -0.442481 -0.624813 0.643288
vn -0.507338 -0.649038 0.566884
vn -0.765967 0.055663 0.640466
vn -0.765967 0.055663 0.640466
vn -0.507338 -0.649038 0.566884
vn -0.574035 -0.657039 0.488655
vn -0.760251 0.056365 0.647179
vn -0.442481 -0.624813 0.643288
vn -0.036408 -0.907596 0.418264
vn -0.130753 -0.942568 0.307357
vn -0.507338 -0.649038 0.566884
vn -0.130753 -0.942568 0.307357
vn -0.036408 -0.907596 0.418264
vn -0.035820 -0.907807 0.417855
vn -0.130236 -0.942769 0.306963
vn -0.227023 -0.954522 0.193257
vn -0.227555 -0.954304 0.193710
vn -0.130753 -0.942568 0.307357
vn -0.130236 -0.942769 0.306963
vn -0.507338 -0.649038 0.566884
vn -0.130753 -0.942568 0.307357
vn -0.227555 -0.954304 0.193710
vn -0.574035 -0.657039 0.488655
vn -0.036408 -0.907596 0.418264
vn 0.053318 -0.850304 0.523585
vn 0.053873 -0.850483 0.523237
vn -0.035820 -0.907807 0.417855
vn -0.036408 -0.907596 0.418264
vn -0.442481 -0.624813 0.643288
vn -0.380661 -0.585450 0.715783
vn 0.053318 -0.850304 0.523585
vn 0.053318 -0.850304 0.523585
vn -0.380661 -0.585450 0.715783
vn -0.323777 -0.531509 0.782730
vn 0.136046 -0.772047 0.620834
vn 0.053318 -0.850304 0.523585
vn 0.136046 -0.772047 0.620834
vn 0.136665 -0.772224 0.620478
vn 0.053873 -0.850483 0.523237
vn -0.442481 -0.624813 0.643288
vn -0.771541 0.053605 0.633917
vn -0.776836 0.050214 0.627697
vn -0.380661 -0.585450 0.715783
vn -0.380661 -0.585450 0.715783
vn -0.776836 0.050214 0.627697
vn -0.781728 0.045598 0.621951
vn -0.323777 -0.531509 0.782730
vn 0.136665 -0.772224 0.620478
vn 0.136046 -0.772047 0.620834
vn 0.209903 -0.674807 0.707514
vn 0.210486 -0.674945 0.707209
vn 0.136046 -0.772047 0.620834
vn -0.323777 -0.531509 0.782730
vn -0.272861 -0.464618 0.842424
vn 0.209903 -0.674807 0.707514
vn 0.209903 -0.674807 0.707514
vn -0.272861 -0.464618 0.842424
vn -0.229568 -0.386155 0.893411
vn 0.272897 -0.560922 0.781597
vn 0.209903 -0.674807 0.707514
vn 0.272897 -0.560922 0.781597
vn 0.273551 -0.561051 0.781276
vn 0.210486 -0.674945 0.707209
vn -0.323777 -0.531509 0.782730
vn -0.781728 0.045598 0.621951
vn -0.786084 0.039851 0.616834
vn -0.272861 -0.464618 0.842424
vn -0.272861 -0.464618 0.842424
vn -0.786084 0.039851 0.616834
vn -0.789810 0.033131 0.612456
vn -0.229568 -0.386155 0.893411
vn 0.273551 -0.561051 0.781276
vn 0.272897 -0.560922 0.781597
vn 0.323658 -0.433249 0.841155
vn 0.324268 -0.433348 0.840869
vn 0.272897 -0.560922 0.781597
vn -0.229568 -0.386155 0.893411
vn -0.194522 -0.298292 0.934443
vn 0.323658 -0.433249 0.841155
vn 0.323658 -0.433249 0.841155
vn -0.194522 -0.298292 0.934443
vn -0.169066 -0.203008 0.964471
vn 0.360755 -0.294895 0.884812
vn 0.323658 -0.433249 0.841155
vn 0.360755 -0.294895 0.884812
vn 0.361433 -0.294966 0.884512
vn 0.324268 -0.433348 0.840869
vn -0.229568 -0.386155 0.893411
vn -0.789810 0.033131 0.612456
vn -0.792802 0.025586 0.608942
vn -0.194522 -0.298292 0.934443
vn -0.194522 -0.298292 0.934443
vn -0.792802 0.025586 0.608942
vn -0.794999 0.017418 0.606361
vn -0.169066 -0.203008 0.964471
vn 0.361433 -0.294966 0.884512
vn 0.360755 -0.294895 0.884812
vn 0.383465 -0.149288 0.911410
vn 0.384090 -0.149319 0.911141
vn 0.360755 -0.294895 0.884812
vn -0.169066 -0.203008 0.964471
vn -0.153343 -0.102786 0.982813
vn 0.383465 -0.149288 0.911410
vn 0.383465 -0.149288 0.911410
vn -0.153343 -0.102786 0.982813
vn -0.148231 0.000000 0.988953
vn 0.391035 -0.000001 0.920376
vn 0.383465 -0.149288 0.911410
vn 0.391035 -0.000001 0.920376
vn 0.391716 -0.000001 0.920086
vn 0.384090 -0.149319 0.911141
vn -0.169066 -0.203008 0.964471
vn -0.794999 0.017418 0.606361
vn -0.796333 0.008818 0.604794
vn -0.153343 -0.102786 0.982813
vn -0.153343 -0.102786 0.982813
vn -0.796333 0.008818 0.604794
vn -0.796787 0.000000 0.604260
vn -0.148231 0.000000 0.988953
vn 0.391716 -0.000001 0.920086
vn 0.391035 -0.000001 0.920376
vn 0.383463 0.149287 0.911411
vn 0.384087 0.149319 0.911143
vn 0.391035 -0.000001 0.920376
vn -0.148231 0.000000 0.988953
vn -0.153348 0.102778 0.982813
vn 0.383463 0.149287 0.911411
vn 0.383463 0.149287 0.911411
vn -0.153348 0.102778 0.982813
vn -0.169077 0.203020 0.964467
vn 0.360751 0.294895 0.884814
vn 0.383463 0.149287 0.911411
vn 0.360751 0.294895 0.884814
vn 0.361430 0.294962 0.884515
vn 0.384087 0.149319 0.911143
vn -0.148231 0.000000 0.988953
vn -0.796787 0.000000 0.604260
vn -0.796334 -0.008817 0.604793
vn -0.153348 0.102778 0.982813
vn -0.153348 0.102778 0.982813
vn -0.796334 -0.008817 0.604793
vn -0.795000 -0.017417 0.606360
vn -0.169077 0.203020 0.964467
vn 0.361430 0.294962 0.884515
vn 0.360751 0.294895 0.884814
vn 0.323657 0.433255 0.841152
vn 0.324262 0.433344 0.840873
vn 0.360751 0.294895 0.884814
vn -0.169077 0.203020 0.964467
vn -0.194524 0.298312 0.934436
vn 0.323657 0.433255 0.841152
vn 0.323657 0.433255 0.841152
vn -0.194524 0.298312 0.934436
vn -0.229561 0.386169 0.893407
vn 0.272897 0.560927 0.781594
vn 0.323657 0.433255 0.841152
vn 0.272897 0.560927 0.781594
vn 0.273540 0.561059 0.781274
vn 0.324262 0.433344 0.840873
vn -0.169077 0.203020 0.964467
vn -0.795000 -0.017417 0.606360
vn -0.792802 -0.025587 0.608942
vn -0.194524 0.298312 0.934436
vn -0.194524 0.298312 0.934436
vn -0.792802 -0.025587 0.608942
vn -0.789810 -0.033131 0.612457
vn -0.229561 0.386169 0.893407
vn 0.273540 0.561059 0.781274
vn 0.272897 0.560927 0.781594
vn 0.209902 0.674804 0.707518
vn 0.210482 0.674947 0.707208
vn 0.272897 0.560927 0.781594
vn -0.229561 0.386169 0.893407
vn -0.272845 0.464620 0.842427
vn 0.209902 0.674804 0.707518
vn 0.209902 0.674804 0.707518
vn -0.272845 0.464620 0.842427
vn -0.323771 0.531495 0.782743
vn 0.136040 0.772046 0.620836
vn 0.209902 0.674804 0.707518
vn 0.136040 0.772046 0.620836
vn 0.136661 0.772226 0.620477
vn 0.210482 0.674947 0.707208
vn -0.229561 0.386169 0.893407
vn -0.789810 -0.033131 0.612457
vn -0.786083 -0.039850 0.616835
vn -0.272845 0.464620 0.842427
vn -0.272845 0.464620 0.842427
vn -0.786083 -0.039850 0.616835
vn -0.781726 -0.045600 0.621952
vn -0.323771 0.531495 0.782743
vn 0.136661 0.772226 0.620477
vn 0.136040 0.772046 0.620836
vn 0.053312 0.850304 0.523584
vn 0.053859 0.850480 0.523242
vn 0.136040 0.772046 0.620836
vn -0.323771 0.531495 0.782743
vn -0.380638 0.585463 0.715785
vn 0.053312 0.850304 0.523584
vn 0.053312 0.850304 0.523584
vn -0.380638 0.585463 0.715785
vn -0.442465 0.624836 0.643277
vn -0.036407 0.907594 0.418267
vn 0.053312 0.850304 0.523584
vn -0.036407 0.907594 0.418267
vn -0.035838 0.907801 0.417868
vn 0.053859 0.850480 0.523242
vn -0.323771 0.531495 0.782743
vn -0.781726 -0.045600 0.621952
vn -0.776837 -0.050215 0.627697
vn -0.380638 0.585463 0.715785
vn -0.380638 0.585463 0.715785
vn -0.776837 -0.050215 0.627697
vn -0.771542 -0.053607 0.633916
vn -0.442465 0.624836 0.643277
vn -0.035838 0.907801 0.417868
vn -0.036407 0.907594 0.418267
vn -0.130745 0.942570 0.307355
vn -0.130245 0.942766 0.306966
vn -0.036407 0.907594 0.418267
vn -0.442465 0.624836 0.643277
vn -0.507388 0.648975 0.566911
vn -0.130745 0.942570 0.307355
vn -0.130745 0.942570 0.307355
vn -0.507388 0.648975 0.566911
vn -0.574093 0.656948 0.488710
vn -0.227548 0.954306 0.193705
vn -0.130745 0.942570 0.307355
vn -0.227548 0.954306 0.193705
vn -0.227022 0.954522 0.193257
vn -0.130245 0.942766 0.306966
vn -0.442465 0.624836 0.643277
vn -0.771542 -0.053607 0.633916
vn -0.765967 -0.055665 0.640466
vn -0.507388 0.648975 0.566911
vn -0.507388 0.648975 0.566911
vn -0.765967 -0.055665 0.640466
vn -0.760252 -0.056364 0.647179
vn -0.574093 0.656948 0.488710
vn -0.227022 0.954522 0.193257
vn -0.227548 0.954306 0.193705
vn -0.324284 0.942571 0.080000
vn -0.323825 0.942765 0.079568
vn -0.227548 0.954306 0.193705
vn -0.574093 0.656948 0.488710
vn -0.640646 0.648972 0.410376
vn -0.324284 0.942571 0.080000
vn -0.324284 0.942571 0.080000
vn -0.640646 0.648972 0.410376
vn -0.705672 0.624822 0.334102
vn -0.418711 0.907596 -0.030836
vn -0.324284 0.942571 0.080000
vn -0.418711 0.907596 -0.030836
vn -0.418231 0.907800 -0.031335
vn -0.323825 0.942765 0.079568
vn -0.574093 0.656948 0.488710
vn -0.760252 -0.056364 0.647179
vn -0.754537 -0.055664 0.653893
vn -0.640646 0.648972 0.410376
vn -0.640646 0.648972 0.410376
vn -0.754537 -0.055664 0.653893
vn -0.748961 -0.053608 0.660442
vn -0.705672 0.624822 0.334102
vn -0.418231 0.907800 -0.031335
vn -0.418711 0.907596 -0.030836
vn -0.508359 0.850303 -0.136221
vn -0.507932 0.850481 -0.136703
vn -0.418711 0.907596 -0.030836
vn -0.705672 0.624822 0.334102
vn -0.767386 0.585437 0.261501
vn -0.508359 0.850303 -0.136221
vn -0.508359 0.850303 -0.136221
vn -0.767386 0.585437 0.261501
vn -0.824395 0.531488 0.194662
vn -0.591153 0.772047 -0.233412
vn -0.508359 0.850303 -0.136221
vn -0.591153 0.772047 -0.233412
vn -0.590699 0.772227 -0.233967
vn -0.507932 0.850481 -0.136703
vn -0.705672 0.624822 0.334102
vn -0.748961 -0.053608 0.660442
vn -0.743666 -0.050217 0.666663
vn -0.767386 0.585437 0.261501
vn -0.767386 0.585437 0.261501
vn -0.743666 -0.050217 0.666663
vn -0.738776 -0.045600 0.672407
vn -0.824395 0.531488 0.194662
vn -0.590699 0.772227 -0.233967
vn -0.591153 0.772047 -0.233412
vn -0.664935 0.674804 -0.320157
vn -0.664532 0.674951 -0.320684
vn -0.591153 0.772047 -0.233412
vn -0.824395 0.531488 0.194662
vn -0.875187 0.464609 0.134855
vn -0.664935 0.674804 -0.320157
vn -0.664935 0.674804 -0.320157
vn -0.875187 0.464609 0.134855
vn -0.918605 0.386152 0.083979
vn -0.728009 0.560924 -0.394167
vn -0.664935 0.674804 -0.320157
vn -0.728009 0.560924 -0.394167
vn -0.727586 0.561055 -0.394761
vn -0.664532 0.674951 -0.320684
vn -0.824395 0.531488 0.194662
vn -0.738776 -0.045600 0.672407
vn -0.734420 -0.039850 0.677525
vn -0.875187 0.464609 0.134855
vn -0.875187 0.464609 0.134855
vn -0.734420 -0.039850 0.677525
vn -0.730693 -0.033131 0.681902
vn -0.918605 0.386152 0.083979
vn -0.727586 0.561055 -0.394761
vn -0.728009 0.560924 -0.394167
vn -0.778696 0.433252 -0.453789
vn -0.778322 0.433343 -0.454345
vn -0.728009 0.560924 -0.394167
vn -0.918605 0.386152 0.083979
vn -0.953508 0.298308 0.042836
vn -0.778696 0.433252 -0.453789
vn -0.778696 0.433252 -0.453789
vn -0.953508 0.298308 0.042836
vn -0.979090 0.203016 0.012914
vn -0.815870 0.294896 -0.497386
vn -0.778696 0.433252 -0.453789
vn -0.815870 0.294896 -0.497386
vn -0.815471 0.294967 -0.497997
vn -0.778322 0.433343 -0.454345
vn -0.918605 0.386152 0.083979
vn -0.730693 -0.033131 0.681902
vn -0.727702 -0.025586 0.685416
vn -0.953508 0.298308 0.042836
vn -0.953508 0.298308 0.042836
vn -0.727702 -0.025586 0.685416
vn -0.725504 -0.017417 0.687998
vn -0.979090 0.203016 0.012914
vn -0.815471 0.294967 -0.497997
vn -0.815870 0.294896 -0.497386
vn -0.838501 0.149287 -0.524051
vn -0.838142 0.149321 -0.524615
vn -0.815870 0.294896 -0.497386
vn -0.979090 0.203016 0.012914
vn -0.994689 0.102782 -0.005534
vn -0.838501 0.149287 -0.524051
vn -0.838501 0.149287 -0.524051
vn -0.994689 0.102782 -0.005534
vn -0.999933 -0.000002 -0.011552
vn -0.846144 -0.000001 -0.532954
vn -0.838501 0.149287 -0.524051
vn -0.846144 -0.000001 -0.532954
vn -0.845754 0.000000 -0.533574
vn -0.838142 0.149321 -0.524615
vn -0.979090 0.203016 0.012914
vn -0.725504 -0.017417 0.687998
vn -0.724170 -0.008816 0.689565
vn -0.994689 0.102782 -0.005534
vn -0.994689 0.102782 -0.005534
vn -0.724170 -0.008816 0.689565
vn -0.723715 0.000001 0.690099
vn -0.999933 -0.000002 -0.011552
vn -0.845754 0.000000 -0.533574
vn -0.846144 -0.000001 -0.532954
vn -0.838497 -0.149291 -0.524057
vn -0.838141 -0.149320 -0.524617
vn -0.846144 -0.000001 -0.532954
vn -0.999933 -0.000002 -0.011552
vn -0.994688 -0.102784 -0.005528
vn -0.838497 -0.149291 -0.524057
vn -0.838497 -0.149291 -0.524057
vn -0.994688 -0.102784 -0.005528
vn -0.979091 -0.203014 0.012915
vn -0.815862 -0.294902 -0.497395
vn -0.838497 -0.149291 -0.524057
vn -0.815862 -0.294902 -0.497395
vn -0.815471 -0.294967 -0.497998
vn -0.838141 -0.149320 -0.524617
vn -0.999933 -0.000002 -0.011552
vn -0.723715 0.000001 0.690099
vn -0.724170 0.008816 0.689565
vn -0.994688 -0.102784 -0.005528
vn -0.994688 -0.102784 -0.005528
vn -0.724170 0.008816 0.689565
vn -0.725503 0.017417 0.687998
vn -0.979091 -0.203014 0.012915
vn -0.815471 -0.294967 -0.497998
vn -0.815862 -0.294902 -0.497395
vn -0.778690 -0.433256 -0.453797
vn -0.778323 -0.433340 -0.454345
vn -0.815862 -0.294902 -0.497395
vn -0.979091 -0.203014 0.012915
vn -0.953511 -0.298298 0.042839
vn -0.778690 -0.433256 -0.453797
vn -0.778690 -0.433256 -0.453797
vn -0.953511 -0.298298 0.042839
vn -0.918609 -0.386141 0.083986
vn -0.728004 -0.560925 -0.394175
vn -0.778690 -0.433256 -0.453797
vn -0.728004 -0.560925 -0.394175
vn -0.727587 -0.561051 -0.394763
vn -0.778323 -0.433340 -0.454345
vn -0.979091 -0.203014 0.012915
vn -0.725503 0.017417 0.687998
vn -0.727702 0.025587 0.685416
vn -0.953511 -0.298298 0.042839
vn -0.953511 -0.298298 0.042839
vn -0.727702 0.025587 0.685416
vn -0.730693 0.033131 0.681902
vn -0.918609 -0.386141 0.083986
vn -0.727587 -0.561051 -0.394763
vn -0.728004 -0.560925 -0.394175
vn -0.664934 -0.674803 -0.320163
vn -0.664536 -0.674948 -0.320684
vn -0.728004 -0.560925 -0.394175
vn -0.918609 -0.386141 0.083986
vn -0.875187 -0.464607 0.134863
vn -0.664934 -0.674803 -0.320163
vn -0.664934 -0.674803 -0.320163
vn -0.875187 -0.464607 0.134863
vn -0.824387 -0.531502 0.194660
vn -0.591156 -0.772045 -0.233411
vn -0.664934 -0.674803 -0.320163
vn -0.591156 -0.772045 -0.233411
vn -0.590706 -0.772221 -0.233968
vn -0.664536 -0.674948 -0.320684
vn -0.918609 -0.386141 0.083986
vn -0.730693 0.033131 0.681902
vn -0.734420 0.039850 0.677525
vn -0.875187 -0.464607 0.134863
vn -0.875187 -0.464607 0.134863
vn -0.734420 0.039850 0.677525
vn -0.738777 0.045600 0.672406
vn -0.824387 -0.531502 0.194660
vn -0.590706 -0.772221 -0.233968
vn -0.591156 -0.772045 -0.233411
vn -0.508360 -0.850302 -0.136222
vn -0.507927 -0.850482 -0.136714
vn -0.591156 -0.772045 -0.233411
vn -0.824387 -0.531502 0.194660
vn -0.767376 -0.585448 0.261505
vn -0.508360 -0.850302 -0.136222
vn -0.508360 -0.850302 -0.136222
vn -0.767376 -0.585448 0.261505
vn -0.705685 -0.624795 0.334126
vn -0.418707 -0.907598 -0.030840
vn -0.508360 -0.850302 -0.136222
vn -0.418707 -0.907598 -0.030840
vn -0.418216 -0.907807 -0.031350
vn -0.507927 -0.850482 -0.136714
vn -0.824387 -0.531502 0.194660
vn -0.738777 0.045600 0.672406
vn -0.743667 0.050216 0.666662
vn -0.767376 -0.585448 0.261505
vn -0.767376 -0.585448 0.261505
vn -0.743667 0.050216 0.666662
vn -0.748961 0.053605 0.660443
vn -0.705685 -0.624795 0.334126
vn -0.418216 -0.907807 -0.031350
vn -0.418707 -0.907598 -0.030840
vn -0.324282 -0.942572 0.079999
vn -0.323817 -0.942769 0.079562
vn -0.418707 -0.907598 -0.030840
vn -0.705685 -0.624795 0.334126
vn -0.640644 -0.648981 0.410366
vn -0.324282 -0.942572 0.079999
vn -0.324282 -0.942572 0.079999
vn -0.640644 -0.648981 0.410366
vn -0.574035 -0.657039 0.488655
vn -0.227555 -0.954304 0.193710
vn -0.324282 -0.942572 0.079999
vn -0.227555 -0.954304 0.193710
vn -0.227023 -0.954522 0.193257
vn -0.323817 -0.942769 0.079562
vn -0.705685 -0.624795 0.334126
vn -0.748961 0.053605 0.660443
vn -0.754537 0.055663 0.653893
vn -0.640644 -0.648981 0.410366
vn -0.640644 -0.648981 0.410366
vn -0.754537 0.055663 0.653893
vn -0.760251 0.056365 0.647179
vn -0.574035 -0.657039 0.488655
vn -0.035820 -0.907807 0.417855
vn -0.457571 -0.607898 0.648913
vn -0.520815 -0.631280 0.574663
vn -0.130236 -0.942769 0.306963
vn -0.130236 -0.942769 0.306963
vn -0.520815 -0.631280 0.574663
vn -0.585594 -0.639195 0.498507
vn -0.227023 -0.954522 0.193257
vn -0.457571 -0.607898 0.648913
vn -0.781911 0.132181 0.609215
vn -0.768165 0.137294 0.625359
vn -0.520815 -0.631280 0.574663
vn -0.768165 0.137294 0.625359
vn -0.781911 0.132181 0.609215
vn -0.783704 0.152205 0.602197
vn -0.767875 0.158091 0.620786
vn -0.520815 -0.631280 0.574663
vn -0.768165 0.137294 0.625359
vn -0.754071 0.138985 0.641919
vn -0.585594 -0.639195 0.498507
vn -0.781911 0.132181 0.609215
vn -0.457571 -0.607898 0.648913
vn -0.397550 -0.569469 0.719486
vn -0.794976 0.123855 0.593863
vn -0.794976 0.123855 0.593863
vn -0.397550 -0.569469 0.719486
vn -0.342057 -0.517155 0.784568
vn -0.807026 0.112441 0.579712
vn -0.457571 -0.607898 0.648913
vn -0.035820 -0.907807 0.417855
vn 0.053873 -0.850483 0.523237
vn -0.397550 -0.569469 0.719486
vn -0.397550 -0.569469 0.719486
vn 0.053873 -0.850483 0.523237
vn 0.136665 -0.772224 0.620478
vn -0.342057 -0.517155 0.784568
vn -0.807026 0.112441 0.579712
vn -0.342057 -0.517155 0.784568
vn -0.292682 -0.451955 0.842659
vn -0.817783 0.098293 0.567071
vn -0.817783 0.098293 0.567071
vn -0.292682 -0.451955 0.842659
vn -0.250402 -0.375707 0.892269
vn -0.826957 0.081693 0.556299
vn -0.342057 -0.517155 0.784568
vn 0.136665 -0.772224 0.620478
vn 0.210486 -0.674945 0.707209
vn -0.292682 -0.451955 0.842659
vn -0.292682 -0.451955 0.842659
vn 0.210486 -0.674945 0.707209
vn 0.273551 -0.561051 0.781276
vn -0.250402 -0.375707 0.892269
vn -0.826957 0.081693 0.556299
vn -0.250402 -0.375707 0.892269
vn -0.216488 -0.290185 0.932162
vn -0.834353 0.063106 0.547606
vn -0.834353 0.063106 0.547606
vn -0.216488 -0.290185 0.932162
vn -0.191549 -0.197528 0.961401
vn -0.839753 0.042949 0.541268
vn -0.250402 -0.375707 0.892269
vn 0.273551 -0.561051 0.781276
vn 0.324268 -0.433348 0.840869
vn -0.216488 -0.290185 0.932162
vn -0.216488 -0.290185 0.932162
vn 0.324268 -0.433348 0.840869
vn 0.361433 -0.294966 0.884512
vn -0.191549 -0.197528 0.961401
vn -0.839753 0.042949 0.541268
vn -0.191549 -0.197528 0.961401
vn -0.176440 -0.099985 0.979220
vn -0.843065 0.021745 0.537373
vn -0.843065 0.021745 0.537373
vn -0.176440 -0.099985 0.979220
vn -0.171274 0.000002 0.985223
vn -0.844162 0.000000 0.536088
vn -0.191549 -0.197528 0.961401
vn 0.361433 -0.294966 0.884512
vn 0.384090 -0.149319 0.911141
vn -0.176440 -0.099985 0.979220
vn -0.176440 -0.099985 0.979220
vn 0.384090 -0.149319 0.911141
vn 0.391716 -0.000001 0.920086
vn -0.171274 0.000002 0.985223
vn -0.844162 0.000000 0.536088
vn -0.171274 0.000002 0.985223
vn -0.176439 0.099983 0.979220
vn -0.843065 -0.021747 0.537372
vn -0.843065 -0.021747 0.537372
vn -0.176439 0.099983 0.979220
vn -0.191549 0.197518 0.961403
vn -0.839753 -0.042949 0.541267
vn -0.171274 0.000002 0.985223
vn 0.391716 -0.000001 0.920086
vn 0.384087 0.149319 0.911143
vn -0.176439 0.099983 0.979220
vn -0.176439 0.099983 0.979220
vn 0.384087 0.149319 0.911143
vn 0.361430 0.294962 0.884515
vn -0.191549 0.197518 0.961403
vn -0.839753 -0.042949 0.541267
vn -0.191549 0.197518 0.961403
vn -0.216492 0.290161 0.932169
vn -0.834353 -0.063105 0.547606
vn -0.834353 -0.063105 0.547606
vn -0.216492 0.290161 0.932169
vn -0.250402 0.375717 0.892265
vn -0.826957 -0.081692 0.556300
vn -0.191549 0.197518 0.961403
vn 0.361430 0.294962 0.884515
vn 0.324262 0.433344 0.840873
vn -0.216492 0.290161 0.932169
vn -0.216492 0.290161 0.932169
vn 0.324262 0.433344 0.840873
vn 0.273540 0.561059 0.781274
vn -0.250402 0.375717 0.892265
vn -0.826957 -0.081692 0.556300
vn -0.250402 0.375717 0.892265
vn -0.292699 0.451923 0.842670
vn -0.817783 -0.098291 0.567071
vn -0.817783 -0.098291 0.567071
vn -0.292699 0.451923 0.842670
vn -0.342081 0.517087 0.784603
vn -0.807026 -0.112442 0.579712
vn -0.250402 0.375717 0.892265
vn 0.273540 0.561059 0.781274
vn 0.210482 0.674947 0.707208
vn -0.292699 0.451923 0.842670
vn -0.292699 0.451923 0.842670
vn 0.210482 0.674947 0.707208
vn 0.136661 0.772226 0.620477
vn -0.342081 0.517087 0.784603
vn -0.807026 -0.112442 0.579712
vn -0.342081 0.517087 0.784603
vn -0.397552 0.569468 0.719485
vn -0.794976 -0.123855 0.593863
vn -0.794976 -0.123855 0.593863
vn -0.397552 0.569468 0.719485
vn -0.457576 0.607891 0.648917
vn -0.781912 -0.132180 0.609215
vn -0.342081 0.517087 0.784603
vn 0.136661 0.772226 0.620477
vn 0.053859 0.850480 0.523242
vn -0.397552 0.569468 0.719485
vn -0.397552 0.569468 0.719485
vn 0.053859 0.850480 0.523242
vn -0.035838 0.907801 0.417868
vn -0.457576 0.607891 0.648917
vn -0.781912 -0.132180 0.609215
vn -0.457576 0.607891 0.648917
vn -0.520832 0.631257 0.574674
vn -0.768165 -0.137295 0.625358
vn -0.768165 -0.137295 0.625358
vn -0.520832 0.631257 0.574674
vn -0.585602 0.639191 0.498503
vn -0.754071 -0.138986 0.641919
vn -0.457576 0.607891 0.648917
vn -0.035838 0.907801 0.417868
vn -0.130245 0.942766 0.306966
vn -0.520832 0.631257 0.574674
vn -0.520832 0.631257 0.574674
vn -0.130245 0.942766 0.306966
vn -0.227022 0.954522 0.193257
vn -0.585602 0.639191 0.498503
vn -0.754071 -0.138986 0.641919
vn -0.585602 0.639191 0.498503
vn -0.650440 0.631278 0.422393
vn -0.739974 -0.137294 0.658475
vn -0.739974 -0.137294 0.658475
vn -0.650440 0.631278 0.422393
vn -0.713644 0.607894 0.348105
vn -0.726232 -0.132183 0.674622
vn -0.585602 0.639191 0.498503
vn -0.227022 0.954522 0.193257
vn -0.323825 0.942765 0.079568
vn -0.650440 0.631278 0.422393
vn -0.650440 0.631278 0.422393
vn -0.323825 0.942765 0.079568
vn -0.418231 0.907800 -0.031335
vn -0.713644 0.607894 0.348105
vn -0.726232 -0.132183 0.674622
vn -0.713644 0.607894 0.348105
vn -0.773719 0.569480 0.277581
vn -0.713163 -0.123857 0.689970
vn -0.713163 -0.123857 0.689970
vn -0.773719 0.569480 0.277581
vn -0.829121 0.517144 0.212417
vn -0.701118 -0.112441 0.704124
vn -0.713644 0.607894 0.348105
vn -0.418231 0.907800 -0.031335
vn -0.507932 0.850481 -0.136703
vn -0.773719 0.569480 0.277581
vn -0.773719 0.569480 0.277581
vn -0.507932 0.850481 -0.136703
vn -0.590699 0.772227 -0.233967
vn -0.829121 0.517144 0.212417
vn -0.701118 -0.112441 0.704124
vn -0.829121 0.517144 0.212417
vn -0.878587 0.451931 0.154414
vn -0.690355 -0.098291 0.716763
vn -0.690355 -0.098291 0.716763
vn -0.878587 0.451931 0.154414
vn -0.920810 0.375682 0.104751
vn -0.681186 -0.081692 0.727538
vn -0.829121 0.517144 0.212417
vn -0.590699 0.772227 -0.233967
vn -0.664532 0.674951 -0.320684
vn -0.878587 0.451931 0.154414
vn -0.878587 0.451931 0.154414
vn -0.664532 0.674951 -0.320684
vn -0.727586 0.561055 -0.394761
vn -0.920810 0.375682 0.104751
vn -0.681186 -0.081692 0.727538
vn -0.920810 0.375682 0.104751
vn -0.954777 0.290154 0.064899
vn -0.673786 -0.063106 0.736227
vn -0.673786 -0.063106 0.736227
vn -0.954777 0.290154 0.064899
vn -0.979651 0.197524 0.035623
vn -0.668391 -0.042948 0.742569
vn -0.920810 0.375682 0.104751
vn -0.727586 0.561055 -0.394761
vn -0.778322 0.433343 -0.454345
vn -0.954777 0.290154 0.064899
vn -0.954777 0.290154 0.064899
vn -0.778322 0.433343 -0.454345
vn -0.815471 0.294967 -0.497997
vn -0.979651 0.197524 0.035623
vn -0.668391 -0.042948 0.742569
vn -0.979651 0.197524 0.035623
vn -0.994829 0.099983 0.017870
vn -0.665074 -0.021746 0.746461
vn -0.665074 -0.021746 0.746461
vn -0.994829 0.099983 0.017870
vn -0.999930 0.000000 0.011810
vn -0.663981 -0.000001 0.747750
vn -0.979651 0.197524 0.035623
vn -0.815471 0.294967 -0.497997
vn -0.838142 0.149321 -0.524615
vn -0.994829 0.099983 0.017870
vn -0.994829 0.099983 0.017870
vn -0.838142 0.149321 -0.524615
vn -0.845754 0.000000 -0.533574
vn -0.999930 0.000000 0.011810
vn -0.663981 -0.000001 0.747750
vn -0.999930 0.000000 0.011810
vn -0.994828 -0.099993 0.017871
vn -0.665074 0.021746 0.746461
vn -0.665074 0.021746 0.746461
vn -0.994828 -0.099993 0.017871
vn -0.979651 -0.197523 0.035626
vn -0.668390 0.042949 0.742570
vn -0.999930 0.000000 0.011810
vn -0.845754 0.000000 -0.533574
vn -0.838141 -0.149320 -0.524617
vn -0.994828 -0.099993 0.017871
vn -0.994828 -0.099993 0.017871
vn -0.838141 -0.149320 -0.524617
vn -0.815471 -0.294967 -0.497998
vn -0.979651 -0.197523 0.035626
vn -0.668390 0.042949 0.742570
vn -0.979651 -0.197523 0.035626
vn -0.954780 -0.290144 0.064903
vn -0.673785 0.063105 0.736228
vn -0.673785 0.063105 0.736228
vn -0.954780 -0.290144 0.064903
vn -0.920815 -0.375670 0.104749
vn -0.681186 0.081692 0.727538
vn -0.979651 -0.197523 0.035626
vn -0.815471 -0.294967 -0.497998
vn -0.778323 -0.433340 -0.454345
vn -0.954780 -0.290144 0.064903
vn -0.954780 -0.290144 0.064903
vn -0.778323 -0.433340 -0.454345
vn -0.727587 -0.561051 -0.394763
vn -0.920815 -0.375670 0.104749
vn -0.681186 0.081692 0.727538
vn -0.920815 -0.375670 0.104749
vn -0.878594 -0.451920 0.154407
vn -0.690356 0.098293 0.716762
vn -0.690356 0.098293 0.716762
vn -0.878594 -0.451920 0.154407
vn -0.829127 -0.517133 0.212421
vn -0.701118 0.112440 0.704124
vn -0.920815 -0.375670 0.104749
vn -0.727587 -0.561051 -0.394763
vn -0.664536 -0.674948 -0.320684
vn -0.878594 -0.451920 0.154407
vn -0.878594 -0.451920 0.154407
vn -0.664536 -0.674948 -0.320684
vn -0.590706 -0.772221 -0.233968
vn -0.829127 -0.517133 0.212421
vn -0.701118 0.112440 0.704124
vn -0.829127 -0.517133 0.212421
vn -0.773723 -0.569471 0.277588
vn -0.713162 0.123855 0.689971
vn -0.713162 0.123855 0.689971
vn -0.773723 -0.569471 0.277588
vn -0.713646 -0.607891 0.348108
vn -0.726232 0.132182 0.674622
vn -0.829127 -0.517133 0.212421
vn -0.590706 -0.772221 -0.233968
vn -0.507927 -0.850482 -0.136714
vn -0.773723 -0.569471 0.277588
vn -0.773723 -0.569471 0.277588
vn -0.507927 -0.850482 -0.136714
vn -0.418216 -0.907807 -0.031350
vn -0.713646 -0.607891 0.348108
vn -0.726232 0.132182 0.674622
vn -0.713646 -0.607891 0.348108
vn -0.650441 -0.631272 0.422400
vn -0.739974 0.137294 0.658474
vn -0.739974 0.137294 0.658474
vn -0.650441 -0.631272 0.422400
vn -0.585594 -0.639195 0.498507
vn -0.754071 0.138985 0.641919
vn -0.713646 -0.607891 0.348108
vn -0.418216 -0.907807 -0.031350
vn -0.323817 -0.942769 0.079562
vn -0.650441 -0.631272 0.422400
vn -0.650441 -0.631272 0.422400
vn -0.323817 -0.942769 0.079562
vn -0.227023 -0.954522 0.193257
vn -0.585594 -0.639195 0.498507
vn -0.200308 0.951057 -0.235304
vn -0.294281 0.891007 -0.345696
vn -0.294829 0.891007 -0.345228
vn -0.200856 0.951057 -0.234837
vn -0.294281 0.891007 -0.345696
vn -0.381008 0.809017 -0.447576
vn -0.381557 0.809017 -0.447109
vn -0.294829 0.891007 -0.345228
vn -0.381008 0.809017 -0.447576
vn -0.458354 0.707106 -0.538436
vn -0.458902 0.707106 -0.537968
vn -0.381557 0.809017 -0.447109
vn -0.458354 0.707106 -0.538436
vn -0.524413 0.587785 -0.616036
vn -0.524961 0.587785 -0.615569
vn -0.458902 0.707106 -0.537968
vn -0.524413 0.587785 -0.616036
vn -0.577559 0.453990 -0.678468
vn -0.578108 0.453990 -0.678000
vn -0.524961 0.587785 -0.615569
vn -0.577559 0.453990 -0.678468
vn -0.616484 0.309017 -0.724193
vn -0.617033 0.309016 -0.723726
vn -0.578108 0.453990 -0.678000
vn -0.616484 0.309017 -0.724193
vn -0.640229 0.156435 -0.752087
vn -0.640777 0.156435 -0.751620
vn -0.617033 0.309016 -0.723726
vn -0.640229 0.156435 -0.752087
vn -0.648210 0.000001 -0.761462
vn -0.648758 0.000001 -0.760995
vn -0.640777 0.156435 -0.751620
vn -0.648210 0.000001 -0.761462
vn -0.640229 -0.156435 -0.752087
vn -0.640777 -0.156435 -0.751620
vn -0.648758 0.000001 -0.760995
vn -0.640229 -0.156435 -0.752087
vn -0.616484 -0.309017 -0.724193
vn -0.617032 -0.309017 -0.723726
vn -0.640777 -0.156435 -0.751620
vn -0.616484 -0.309017 -0.724193
vn -0.577559 -0.453990 -0.678468
vn -0.578108 -0.453990 -0.678001
vn -0.617032 -0.309017 -0.723726
vn -0.577559 -0.453990 -0.678468
vn -0.524413 -0.587785 -0.616036
vn -0.524961 -0.587785 -0.615569
vn -0.578108 -0.453990 -0.678001
vn -0.524413 -0.587785 -0.616036
vn -0.458353 -0.707107 -0.538435
vn -0.458902 -0.707107 -0.537968
vn -0.524961 -0.587785 -0.615569
vn -0.458353 -0.707107 -0.538435
vn -0.381008 -0.809017 -0.447576
vn -0.381557 -0.809017 -0.447109
vn -0.458902 -0.707107 -0.537968
vn -0.381008 -0.809017 -0.447576
vn -0.294281 -0.891007 -0.345696
vn -0.294829 -0.891007 -0.345229
vn -0.381557 -0.809017 -0.447109
vn -0.294281 -0.891007 -0.345696
vn -0.200307 -0.951057 -0.235304
vn -0.200856 -0.951057 -0.234837
vn -0.294829 -0.891007 -0.345229
vn -0.200307 -0.951057 -0.235304
vn -0.101402 -0.987688 -0.119119
vn -0.101951 -0.987688 -0.118652
vn -0.200856 -0.951057 -0.234837
vn -0.101402 -0.987688 -0.119119
vn 0.000000 -1.000000 0.000000
vn -0.000549 -1.000000 0.000467
vn -0.101951 -0.987688 -0.118652
vn 0.000000 -1.000000 0.000000
vn 0.101402 -0.987688 0.119119
vn 0.100854 -0.987688 0.119586
vn -0.000549 -1.000000 0.000467
vn 0.101402 -0.987688 0.119119
vn 0.200308 -0.951057 0.235304
vn 0.199759 -0.951056 0.235771
vn 0.100854 -0.987688 0.119586
vn 0.200308 -0.951057 0.235304
vn 0.294281 -0.891007 0.345696
vn 0.293732 -0.891007 0.346163
vn 0.199759 -0.951056 0.235771
vn 0.294281 -0.891007 0.345696
vn 0.381008 -0.809017 0.447576
vn 0.380460 -0.809017 0.448043
vn 0.293732 -0.891007 0.346163
vn 0.381008 -0.809017 0.447576
vn 0.458353 -0.707107 0.538435
vn 0.457805 -0.707106 0.538902
vn 0.380460 -0.809017 0.448043
vn 0.458353 -0.707107 0.538435
vn 0.524413 -0.587785 0.616036
vn 0.523864 -0.587785 0.616503
vn 0.457805 -0.707106 0.538902
vn 0.524413 -0.587785 0.616036
vn 0.577559 -0.453990 0.678468
vn 0.577010 -0.453990 0.678935
vn 0.523864 -0.587785 0.616503
vn 0.577559 -0.453990 0.678468
vn 0.616484 -0.309017 0.724193
vn 0.615935 -0.309017 0.724660
vn 0.577010 -0.453990 0.678935
vn 0.616484 -0.309017 0.724193
vn 0.640229 -0.156435 0.752087
vn 0.639680 -0.156435 0.752554
vn 0.615935 -0.309017 0.724660
vn 0.640229 -0.156435 0.752087
vn 0.648210 0.000000 0.761462
vn 0.647661 0.000000 0.761929
vn 0.639680 -0.156435 0.752554
vn 0.648210 0.000000 0.761462
vn 0.640229 0.156435 0.752087
vn 0.639680 0.156434 0.752554
vn 0.647661 0.000000 0.761929
vn 0.640229 0.156435 0.752087
vn 0.616484 0.309018 0.724193
vn 0.615935 0.309017 0.724660
vn 0.639680 0.156434 0.752554
vn 0.616484 0.309018 0.724193
vn 0.577559 0.453991 0.678467
vn 0.577010 0.453991 0.678934
vn 0.615935 0.309017 0.724660
vn 0.577559 0.453991 0.678467
vn 0.524413 0.587785 0.616036
vn 0.523864 0.587785 0.616502
vn 0.577010 0.453991 0.678934
vn 0.524413 0.587785 0.616036
vn 0.458353 0.707107 0.538435
vn 0.457805 0.707106 0.538902
vn 0.523864 0.587785 0.616502
vn 0.458353 0.707107 0.538435
vn 0.381008 0.809017 0.447577
vn 0.380459 0.809017 0.448043
vn 0.457805 0.707106 0.538902
vn 0.381008 0.809017 0.447577
vn 0.294281 0.891007 0.345697
vn 0.293732 0.891007 0.346163
vn 0.380459 0.809017 0.448043
vn 0.294281 0.891007 0.345697
vn 0.200308 0.951057 0.235304
vn 0.199759 0.951056 0.235771
vn 0.293732 0.891007 0.346163
vn 0.200308 0.951057 0.235304
vn 0.101402 0.987688 0.119119
vn 0.100854 0.987688 0.119586
vn 0.199759 0.951056 0.235771
vn 0.101402 0.987688 0.119119
vn 0.000001 1.000000 0.000001
vn -0.000548 1.000000 0.000468
vn 0.100854 0.987688 0.119586
vn 0.000001 1.000000 0.000001
vn -0.101402 0.987689 -0.119118
vn -0.101950 0.987688 -0.118651
vn -0.000548 1.000000 0.000468
vn -0.101402 0.987689 -0.119118
vn -0.200308 0.951057 -0.235304
vn -0.200856 0.951057 -0.234837
vn -0.101950 0.987688 -0.118651
vn 0.624373 0.368495 -0.688745
vn 0.753307 0.036114 -0.656677
vn 0.749743 0.033819 -0.660864
vn 0.587975 0.345202 -0.731520
vn 0.749743 0.033819 -0.660864
vn 0.753307 0.036114 -0.656677
vn 0.754047 0.033028 -0.655990
vn 0.750777 0.030957 -0.659830
vn 0.746446 0.030720 -0.664737
vn 0.749743 0.033819 -0.660864
vn 0.750777 0.030957 -0.659830
vn 0.747771 0.028096 -0.663362
vn 0.587975 0.345202 -0.731520
vn 0.749743 0.033819 -0.660864
vn 0.746446 0.030720 -0.664737
vn 0.554355 0.313461 -0.770995
vn 0.394111 0.675145 -0.623583
vn 0.519157 0.531980 -0.668934
vn 0.466593 0.498384 -0.730688
vn 0.327403 0.632516 -0.701948
vn 0.519157 0.531980 -0.668934
vn 0.624373 0.368495 -0.688745
vn 0.587975 0.345202 -0.731520
vn 0.466593 0.498384 -0.730688
vn 0.466593 0.498384 -0.730688
vn 0.587975 0.345202 -0.731520
vn 0.554355 0.313461 -0.770995
vn 0.418069 0.452534 -0.787675
vn 0.327403 0.632516 -0.701948
vn 0.466593 0.498384 -0.730688
vn 0.418069 0.452534 -0.787675
vn 0.265832 0.574313 -0.774273
vn -0.197006 0.951048 -0.238111
vn -0.290978 0.890999 -0.348501
vn -0.293706 0.891007 -0.346185
vn -0.199732 0.951057 -0.235793
vn -0.197006 0.951048 -0.238111
vn 0.104678 0.879435 -0.464367
vn 0.017786 0.823907 -0.566446
vn -0.290978 0.890999 -0.348501
vn -0.290978 0.890999 -0.348501
vn 0.017786 0.823907 -0.566446
vn -0.062406 0.748089 -0.660657
vn -0.377705 0.809009 -0.450381
vn -0.290978 0.890999 -0.348501
vn -0.377705 0.809009 -0.450381
vn -0.380433 0.809017 -0.448066
vn -0.293706 0.891007 -0.346185
vn 0.104678 0.879435 -0.464367
vn 0.254233 0.792373 -0.554537
vn 0.175941 0.742345 -0.646505
vn 0.017786 0.823907 -0.566446
vn 0.254233 0.792373 -0.554537
vn 0.394111 0.675145 -0.623583
vn 0.327403 0.632516 -0.701948
vn 0.175941 0.742345 -0.646505
vn 0.175941 0.742345 -0.646505
vn 0.327403 0.632516 -0.701948
vn 0.265832 0.574313 -0.774273
vn 0.103684 0.674036 -0.731386
vn 0.017786 0.823907 -0.566446
vn 0.175941 0.742345 -0.646505
vn 0.103684 0.674036 -0.731386
vn -0.062406 0.748089 -0.660657
vn 0.554355 0.313461 -0.770995
vn 0.746446 0.030720 -0.664737
vn 0.743517 0.026839 -0.668178
vn 0.524409 0.273959 -0.806190
vn 0.743517 0.026839 -0.668178
vn 0.746446 0.030720 -0.664737
vn 0.747771 0.028096 -0.663362
vn 0.745078 0.024568 -0.666525
vn 0.741000 0.022319 -0.671134
vn 0.743517 0.026839 -0.668178
vn 0.745078 0.024568 -0.666525
vn 0.742791 0.020412 -0.669213
vn 0.524409 0.273959 -0.806190
vn 0.743517 0.026839 -0.668178
vn 0.741000 0.022319 -0.671134
vn 0.498787 0.227746 -0.836268
vn 0.265832 0.574313 -0.774273
vn 0.418069 0.452534 -0.787675
vn 0.374818 0.395521 -0.838496
vn 0.210926 0.501962 -0.838776
vn 0.418069 0.452534 -0.787675
vn 0.554355 0.313461 -0.770995
vn 0.524409 0.273959 -0.806190
vn 0.374818 0.395521 -0.838496
vn 0.374818 0.395521 -0.838496
vn 0.524409 0.273959 -0.806190
vn 0.498787 0.227746 -0.836268
vn 0.337850 0.328789 -0.881904
vn 0.210926 0.501962 -0.838776
vn 0.374818 0.395521 -0.838496
vn 0.337850 0.328789 -0.881904
vn 0.164024 0.417262 -0.893862
vn -0.377705 0.809009 -0.450381
vn -0.455049 0.707100 -0.541239
vn -0.457779 0.707106 -0.538925
vn -0.380433 0.809017 -0.448066
vn -0.377705 0.809009 -0.450381
vn -0.062406 0.748089 -0.660657
vn -0.133917 0.653858 -0.744671
vn -0.455049 0.707100 -0.541239
vn -0.455049 0.707100 -0.541239
vn -0.133917 0.653858 -0.744671
vn -0.195004 0.543523 -0.816429
vn -0.521108 0.587780 -0.618838
vn -0.455049 0.707100 -0.541239
vn -0.521108 0.587780 -0.618838
vn -0.523838 0.587785 -0.616525
vn -0.457779 0.707106 -0.538925
vn -0.062406 0.748089 -0.660657
vn 0.103684 0.674036 -0.731386
vn 0.039240 0.589127 -0.807087
vn -0.133917 0.653858 -0.744671
vn 0.103684 0.674036 -0.731386
vn 0.265832 0.574313 -0.774273
vn 0.210926 0.501962 -0.838776
vn 0.039240 0.589127 -0.807087
vn 0.039240 0.589127 -0.807087
vn 0.210926 0.501962 -0.838776
vn 0.164024 0.417262 -0.893862
vn -0.015788 0.489712 -0.871741
vn -0.133917 0.653858 -0.744671
vn 0.039240 0.589127 -0.807087
vn -0.015788 0.489712 -0.871741
vn -0.195004 0.543523 -0.816429
vn 0.498787 0.227746 -0.836268
vn 0.741000 0.022319 -0.671134
vn 0.738991 0.017232 -0.673495
vn 0.478233 0.175889 -0.860440
vn 0.738991 0.017232 -0.673495
vn 0.741000 0.022319 -0.671134
vn 0.742791 0.020412 -0.669213
vn 0.740935 0.015774 -0.671392
vn 0.737504 0.011734 -0.675241
vn 0.738991 0.017232 -0.673495
vn 0.740935 0.015774 -0.671392
vn 0.739593 0.010732 -0.672969
vn 0.478233 0.175889 -0.860440
vn 0.738991 0.017232 -0.673495
vn 0.737504 0.011734 -0.675241
vn 0.463125 0.119730 -0.878168
vn 0.164024 0.417262 -0.893862
vn 0.337850 0.328789 -0.881904
vn 0.308141 0.253943 -0.916822
vn 0.126308 0.322279 -0.938180
vn 0.337850 0.328789 -0.881904
vn 0.498787 0.227746 -0.836268
vn 0.478233 0.175889 -0.860440
vn 0.308141 0.253943 -0.916822
vn 0.308141 0.253943 -0.916822
vn 0.478233 0.175889 -0.860440
vn 0.463125 0.119730 -0.878168
vn 0.286361 0.172853 -0.942401
vn 0.126308 0.322279 -0.938180
vn 0.308141 0.253943 -0.916822
vn 0.286361 0.172853 -0.942401
vn 0.098688 0.219365 -0.970639
vn -0.521108 0.587780 -0.618838
vn -0.574254 0.453986 -0.681270
vn -0.576984 0.453990 -0.678957
vn -0.523838 0.587785 -0.616525
vn -0.521108 0.587780 -0.618838
vn -0.195004 0.543523 -0.816429
vn -0.244169 0.419801 -0.874156
vn -0.574254 0.453986 -0.681270
vn -0.574254 0.453986 -0.681270
vn -0.244169 0.419801 -0.874156
vn -0.280159 0.285748 -0.916438
vn -0.613179 0.309014 -0.726995
vn -0.574254 0.453986 -0.681270
vn -0.613179 0.309014 -0.726995
vn -0.615909 0.309017 -0.724683
vn -0.576984 0.453990 -0.678957
vn -0.195004 0.543523 -0.816429
vn -0.015788 0.489712 -0.871741
vn -0.060067 0.378242 -0.923756
vn -0.244169 0.419801 -0.874156
vn -0.015788 0.489712 -0.871741
vn 0.164024 0.417262 -0.893862
vn 0.126308 0.322279 -0.938180
vn -0.060067 0.378242 -0.923756
vn -0.060067 0.378242 -0.923756
vn 0.126308 0.322279 -0.938180
vn 0.098688 0.219365 -0.970639
vn -0.092496 0.257458 -0.961852
vn -0.244169 0.419801 -0.874156
vn -0.060067 0.378242 -0.923756
vn -0.092496 0.257458 -0.961852
vn -0.280159 0.285748 -0.916438
vn 0.463125 0.119730 -0.878168
vn 0.737504 0.011734 -0.675241
vn 0.736612 0.005938 -0.676289
vn 0.453939 0.060609 -0.888969
vn 0.736612 0.005938 -0.676289
vn 0.737504 0.011734 -0.675241
vn 0.739593 0.010732 -0.672969
vn 0.738757 0.005436 -0.673950
vn 0.736299 0.000000 -0.676657
vn 0.736612 0.005938 -0.676289
vn 0.738757 0.005436 -0.673950
vn 0.738491 0.000000 -0.674263
vn 0.453939 0.060609 -0.888969
vn 0.736612 0.005938 -0.676289
vn 0.736299 0.000000 -0.676657
vn 0.450818 0.000000 -0.892616
vn 0.098688 0.219365 -0.970639
vn 0.286361 0.172853 -0.942401
vn 0.273082 0.087502 -0.958003
vn 0.081836 0.111048 -0.990440
vn 0.286361 0.172853 -0.942401
vn 0.463125 0.119730 -0.878168
vn 0.453939 0.060609 -0.888969
vn 0.273082 0.087502 -0.958003
vn 0.273082 0.087502 -0.958003
vn 0.453939 0.060609 -0.888969
vn 0.450818 0.000000 -0.892616
vn 0.268600 0.000000 -0.963252
vn 0.081836 0.111048 -0.990440
vn 0.273082 0.087502 -0.958003
vn 0.268600 0.000000 -0.963252
vn 0.076154 0.000000 -0.997096
vn -0.613179 0.309014 -0.726995
vn -0.636923 0.156433 -0.754889
vn -0.639654 0.156435 -0.752576
vn -0.615909 0.309017 -0.724683
vn -0.613179 0.309014 -0.726995
vn -0.280159 0.285748 -0.916438
vn -0.302112 0.144655 -0.942233
vn -0.636923 0.156433 -0.754889
vn -0.636923 0.156433 -0.754889
vn -0.302112 0.144655 -0.942233
vn -0.309481 0.000000 -0.950906
vn -0.644904 0.000000 -0.764264
vn -0.636923 0.156433 -0.754889
vn -0.644904 0.000000 -0.764264
vn -0.647635 0.000000 -0.761951
vn -0.639654 0.156435 -0.752576
vn -0.280159 0.285748 -0.916438
vn -0.092496 0.257458 -0.961852
vn -0.112283 0.130333 -0.985092
vn -0.302112 0.144655 -0.942233
vn -0.092496 0.257458 -0.961852
vn 0.098688 0.219365 -0.970639
vn 0.081836 0.111048 -0.990440
vn -0.112283 0.130333 -0.985092
vn -0.112283 0.130333 -0.985092
vn 0.081836 0.111048 -0.990440
vn 0.076154 0.000000 -0.997096
vn -0.118922 -0.000001 -0.992904
vn -0.302112 0.144655 -0.942233
vn -0.112283 0.130333 -0.985092
vn -0.118922 -0.000001 -0.992904
vn -0.309481 0.000000 -0.950906
vn 0.450818 0.000000 -0.892616
vn 0.736299 0.000000 -0.676657
vn 0.736612 -0.005938 -0.676290
vn 0.453941 -0.060609 -0.888968
vn 0.736612 -0.005938 -0.676290
vn 0.736299 0.000000 -0.676657
vn 0.738491 0.000000 -0.674263
vn 0.738757 -0.005436 -0.673950
vn 0.737503 -0.011734 -0.675242
vn 0.736612 -0.005938 -0.676290
vn 0.738757 -0.005436 -0.673950
vn 0.739593 -0.010732 -0.672969
vn 0.453941 -0.060609 -0.888968
vn 0.736612 -0.005938 -0.676290
vn 0.737503 -0.011734 -0.675242
vn 0.463120 -0.119733 -0.878171
vn 0.076154 0.000000 -0.997096
vn 0.268600 0.000000 -0.963252
vn 0.273090 -0.087502 -0.958001
vn 0.081828 -0.111050 -0.990440
vn 0.268600 0.000000 -0.963252
vn 0.450818 0.000000 -0.892616
vn 0.453941 -0.060609 -0.888968
vn 0.273090 -0.087502 -0.958001
vn 0.273090 -0.087502 -0.958001
vn 0.453941 -0.060609 -0.888968
vn 0.463120 -0.119733 -0.878171
vn 0.286362 -0.172852 -0.942401
vn 0.081828 -0.111050 -0.990440
vn 0.273090 -0.087502 -0.958001
vn 0.286362 -0.172852 -0.942401
vn 0.098680 -0.219367 -0.970639
vn -0.644904 0.000000 -0.764264
vn -0.636923 -0.156433 -0.754889
vn -0.639654 -0.156435 -0.752576
vn -0.647635 0.000000 -0.761951
vn -0.644904 0.000000 -0.764264
vn -0.309481 0.000000 -0.950906
vn -0.302113 -0.144654 -0.942233
vn -0.636923 -0.156433 -0.754889
vn -0.636923 -0.156433 -0.754889
vn -0.302113 -0.144654 -0.942233
vn -0.280153 -0.285746 -0.916441
vn -0.613179 -0.309014 -0.726995
vn -0.636923 -0.156433 -0.754889
vn -0.613179 -0.309014 -0.726995
vn -0.615909 -0.309017 -0.724683
vn -0.639654 -0.156435 -0.752576
vn -0.309481 0.000000 -0.950906
vn -0.118922 -0.000001 -0.992904
vn -0.112282 -0.130334 -0.985092
vn -0.302113 -0.144654 -0.942233
vn -0.118922 -0.000001 -0.992904
vn 0.076154 0.000000 -0.997096
vn 0.081828 -0.111050 -0.990440
vn -0.112282 -0.130334 -0.985092
vn -0.112282 -0.130334 -0.985092
vn 0.081828 -0.111050 -0.990440
vn 0.098680 -0.219367 -0.970639
vn -0.092496 -0.257459 -0.961852
vn -0.302113 -0.144654 -0.942233
vn -0.112282 -0.130334 -0.985092
vn -0.092496 -0.257459 -0.961852
vn -0.280153 -0.285746 -0.916441
vn 0.463120 -0.119733 -0.878171
vn 0.737503 -0.011734 -0.675242
vn 0.738990 -0.017232 -0.673496
vn 0.478220 -0.175891 -0.860446
vn 0.738990 -0.017232 -0.673496
vn 0.737503 -0.011734 -0.675242
vn 0.739593 -0.010732 -0.672969
vn 0.740935 -0.015773 -0.671392
vn 0.740999 -0.022319 -0.671135
vn 0.738990 -0.017232 -0.673496
vn 0.740935 -0.015773 -0.671392
vn 0.742790 -0.020413 -0.669213
vn 0.478220 -0.175891 -0.860446
vn 0.738990 -0.017232 -0.673496
vn 0.740999 -0.022319 -0.671135
vn 0.498783 -0.227747 -0.836270
vn 0.098680 -0.219367 -0.970639
vn 0.286362 -0.172852 -0.942401
vn 0.308135 -0.253941 -0.916824
vn 0.126308 -0.322281 -0.938180
vn 0.286362 -0.172852 -0.942401
vn 0.463120 -0.119733 -0.878171
vn 0.478220 -0.175891 -0.860446
vn 0.308135 -0.253941 -0.916824
vn 0.308135 -0.253941 -0.916824
vn 0.478220 -0.175891 -0.860446
vn 0.498783 -0.227747 -0.836270
vn 0.337843 -0.328789 -0.881907
vn 0.126308 -0.322281 -0.938180
vn 0.308135 -0.253941 -0.916824
vn 0.337843 -0.328789 -0.881907
vn 0.164032 -0.417263 -0.893860
vn -0.613179 -0.309014 -0.726995
vn -0.574254 -0.453986 -0.681270
vn -0.576984 -0.453990 -0.678957
vn -0.615909 -0.309017 -0.724683
vn -0.613179 -0.309014 -0.726995
vn -0.280153 -0.285746 -0.916441
vn -0.244154 -0.419802 -0.874160
vn -0.574254 -0.453986 -0.681270
vn -0.574254 -0.453986 -0.681270
vn -0.244154 -0.419802 -0.874160
vn -0.195003 -0.543522 -0.816430
vn -0.521108 -0.587780 -0.618839
vn -0.574254 -0.453986 -0.681270
vn -0.521108 -0.587780 -0.618839
vn -0.523838 -0.587785 -0.616525
vn -0.576984 -0.453990 -0.678957
vn -0.280153 -0.285746 -0.916441
vn -0.092496 -0.257459 -0.961852
vn -0.060059 -0.378243 -0.923756
vn -0.244154 -0.419802 -0.874160
vn -0.092496 -0.257459 -0.961852
vn 0.098680 -0.219367 -0.970639
vn 0.126308 -0.322281 -0.938180
vn -0.060059 -0.378243 -0.923756
vn -0.060059 -0.378243 -0.923756
vn 0.126308 -0.322281 -0.938180
vn 0.164032 -0.417263 -0.893860
vn -0.015780 -0.489712 -0.871741
vn -0.244154 -0.419802 -0.874160
vn -0.060059 -0.378243 -0.923756
vn -0.015780 -0.489712 -0.871741
vn -0.195003 -0.543522 -0.816430
vn 0.498783 -0.227747 -0.836270
vn 0.740999 -0.022319 -0.671135
vn 0.743515 -0.026840 -0.668180
vn 0.524403 -0.273962 -0.806193
vn 0.743515 -0.026840 -0.668180
vn 0.740999 -0.022319 -0.671135
vn 0.742790 -0.020413 -0.669213
vn 0.745076 -0.024568 -0.666526
vn 0.746446 -0.030720 -0.664737
vn 0.743515 -0.026840 -0.668180
vn 0.745076 -0.024568 -0.666526
vn 0.747772 -0.028095 -0.663361
vn 0.524403 -0.273962 -0.806193
vn 0.743515 -0.026840 -0.668180
vn 0.746446 -0.030720 -0.664737
vn 0.554353 -0.313465 -0.770995
vn 0.164032 -0.417263 -0.893860
vn 0.337843 -0.328789 -0.881907
vn 0.374815 -0.395521 -0.838497
vn 0.210938 -0.501962 -0.838773
vn 0.337843 -0.328789 -0.881907
vn 0.498783 -0.227747 -0.836270
vn 0.524403 -0.273962 -0.806193
vn 0.374815 -0.395521 -0.838497
vn 0.374815 -0.395521 -0.838497
vn 0.524403 -0.273962 -0.806193
vn 0.554353 -0.313465 -0.770995
vn 0.418070 -0.452532 -0.787676
vn 0.210938 -0.501962 -0.838773
vn 0.374815 -0.395521 -0.838497
vn 0.418070 -0.452532 -0.787676
vn 0.265845 -0.574308 -0.774272
vn -0.521108 -0.587780 -0.618839
vn -0.455049 -0.707100 -0.541239
vn -0.457778 -0.707107 -0.538924
vn -0.523838 -0.587785 -0.616525
vn -0.521108 -0.587780 -0.618839
vn -0.195003 -0.543522 -0.816430
vn -0.133926 -0.653856 -0.744672
vn -0.455049 -0.707100 -0.541239
vn -0.455049 -0.707100 -0.541239
vn -0.133926 -0.653856 -0.744672
vn -0.062418 -0.748090 -0.660655
vn -0.377705 -0.809009 -0.450381
vn -0.455049 -0.707100 -0.541239
vn -0.377705 -0.809009 -0.450381
vn -0.380433 -0.809017 -0.448066
vn -0.457778 -0.707107 -0.538924
vn -0.195003 -0.543522 -0.816430
vn -0.015780 -0.489712 -0.871741
vn 0.039252 -0.589126 -0.807087
vn -0.133926 -0.653856 -0.744672
vn -0.015780 -0.489712 -0.871741
vn 0.164032 -0.417263 -0.893860
vn 0.210938 -0.501962 -0.838773
vn 0.039252 -0.589126 -0.807087
vn 0.039252 -0.589126 -0.807087
vn 0.210938 -0.501962 -0.838773
vn 0.265845 -0.574308 -0.774272
vn 0.103688 -0.674033 -0.731388
vn -0.133926 -0.653856 -0.744672
vn 0.039252 -0.589126 -0.807087
vn 0.103688 -0.674033 -0.731388
vn -0.062418 -0.748090 -0.660655
vn 0.554353 -0.313465 -0.770995
vn 0.746446 -0.030720 -0.664737
vn 0.749744 -0.033820 -0.660863
vn 0.587973 -0.345207 -0.731519
vn 0.749744 -0.033820 -0.660863
vn 0.746446 -0.030720 -0.664737
vn 0.747772 -0.028095 -0.663361
vn 0.750778 -0.030957 -0.659829
vn 0.753307 -0.036113 -0.656677
vn 0.749744 -0.033820 -0.660863
vn 0.750778 -0.030957 -0.659829
vn 0.754046 -0.033029 -0.655990
vn 0.587973 -0.345207 -0.731519
vn 0.749744 -0.033820 -0.660863
vn 0.753307 -0.036113 -0.656677
vn 0.624370 -0.368498 -0.688746
vn 0.265845 -0.574308 -0.774272
vn 0.418070 -0.452532 -0.787676
vn 0.466594 -0.498383 -0.730687
vn 0.327417 -0.632506 -0.701951
vn 0.418070 -0.452532 -0.787676
vn 0.554353 -0.313465 -0.770995
vn 0.587973 -0.345207 -0.731519
vn 0.466594 -0.498383 -0.730687
vn 0.466594 -0.498383 -0.730687
vn 0.587973 -0.345207 -0.731519
vn 0.624370 -0.368498 -0.688746
vn 0.519152 -0.531984 -0.668935
vn 0.327417 -0.632506 -0.701951
vn 0.466594 -0.498383 -0.730687
vn 0.519152 -0.531984 -0.668935
vn 0.394115 -0.675141 -0.623585
vn -0.377705 -0.809009 -0.450381
vn -0.290978 -0.890998 -0.348502
vn -0.293706 -0.891006 -0.346186
vn -0.380433 -0.809017 -0.448066
vn -0.377705 -0.809009 -0.450381
vn -0.062418 -0.748090 -0.660655
vn 0.017775 -0.823908 -0.566445
vn -0.290978 -0.890998 -0.348502
vn -0.290978 -0.890998 -0.348502
vn 0.017775 -0.823908 -0.566445
vn 0.104677 -0.879435 -0.464367
vn -0.197006 -0.951048 -0.238111
vn -0.290978 -0.890998 -0.348502
vn -0.197006 -0.951048 -0.238111
vn -0.199732 -0.951056 -0.235794
vn -0.293706 -0.891006 -0.346186
vn -0.062418 -0.748090 -0.660655
vn 0.103688 -0.674033 -0.731388
vn 0.175943 -0.742344 -0.646505
vn 0.017775 -0.823908 -0.566445
vn 0.103688 -0.674033 -0.731388
vn 0.265845 -0.574308 -0.774272
vn 0.327417 -0.632506 -0.701951
vn 0.175943 -0.742344 -0.646505
vn 0.175943 -0.742344 -0.646505
vn 0.327417 -0.632506 -0.701951
vn 0.394115 -0.675141 -0.623585
vn 0.254233 -0.792375 -0.554534
vn 0.017775 -0.823908 -0.566445
vn 0.175943 -0.742344 -0.646505
vn 0.254233 -0.792375 -0.554534
vn 0.104677 -0.879435 -0.464367
vn 0.624370 -0.368498 -0.688746
vn 0.753307 -0.036113 -0.656677
vn 0.757066 -0.037489 -0.652262
vn 0.662704 -0.382662 -0.643735
vn 0.757066 -0.037489 -0.652262
vn 0.753307 -0.036113 -0.656677
vn 0.754046 -0.033029 -0.655990
vn 0.757481 -0.034317 -0.651955
vn 0.760913 -0.037971 -0.647742
vn 0.757066 -0.037489 -0.652262
vn 0.757481 -0.034317 -0.651955
vn 0.761002 -0.034728 -0.647819
vn 0.662704 -0.382662 -0.643735
vn 0.757066 -0.037489 -0.652262
vn 0.760913 -0.037971 -0.647742
vn 0.701983 -0.387458 -0.597576
vn 0.394115 -0.675141 -0.623585
vn 0.519152 -0.531984 -0.668935
vn 0.574479 -0.552465 -0.603951
vn 0.464328 -0.701143 -0.541108
vn 0.519152 -0.531984 -0.668935
vn 0.624370 -0.368498 -0.688746
vn 0.662704 -0.382662 -0.643735
vn 0.574479 -0.552465 -0.603951
vn 0.574479 -0.552465 -0.603951
vn 0.662704 -0.382662 -0.643735
vn 0.701983 -0.387458 -0.597576
vn 0.631193 -0.559364 -0.537315
vn 0.464328 -0.701143 -0.541108
vn 0.574479 -0.552465 -0.603951
vn 0.631193 -0.559364 -0.537315
vn 0.536308 -0.709889 -0.456543
vn -0.197006 -0.951048 -0.238111
vn -0.098102 -0.987679 -0.121927
vn -0.100827 -0.987688 -0.119608
vn -0.199732 -0.951056 -0.235794
vn -0.197006 -0.951048 -0.238111
vn 0.104677 -0.879435 -0.464367
vn 0.196132 -0.913309 -0.356931
vn -0.098102 -0.987679 -0.121927
vn -0.098102 -0.987679 -0.121927
vn 0.196132 -0.913309 -0.356931
vn 0.289902 -0.924692 -0.246784
vn 0.003300 -0.999991 -0.002809
vn -0.098102 -0.987679 -0.121927
vn 0.003300 -0.999991 -0.002809
vn 0.000575 -1.000000 -0.000489
vn -0.100827 -0.987688 -0.119608
vn 0.104677 -0.879435 -0.464367
vn 0.254233 -0.792375 -0.554534
vn 0.336637 -0.822895 -0.457733
vn 0.196132 -0.913309 -0.356931
vn 0.254233 -0.792375 -0.554534
vn 0.394115 -0.675141 -0.623585
vn 0.464328 -0.701143 -0.541108
vn 0.336637 -0.822895 -0.457733
vn 0.336637 -0.822895 -0.457733
vn 0.464328 -0.701143 -0.541108
vn 0.536308 -0.709889 -0.456543
vn 0.421124 -0.833150 -0.358491
vn 0.196132 -0.913309 -0.356931
vn 0.336637 -0.822895 -0.457733
vn 0.421124 -0.833150 -0.358491
vn 0.289902 -0.924692 -0.246784
vn 0.701983 -0.387458 -0.597576
vn 0.760913 -0.037971 -0.647742
vn 0.764761 -0.037489 -0.643222
vn 0.741277 -0.382662 -0.551434
vn 0.764761 -0.037489 -0.643222
vn 0.760913 -0.037971 -0.647742
vn 0.761002 -0.034728 -0.647819
vn 0.764524 -0.034317 -0.643681
vn 0.768519 -0.036113 -0.638808
vn 0.764761 -0.037489 -0.643222
vn 0.764524 -0.034317 -0.643681
vn 0.767959 -0.033028 -0.639647
vn 0.741277 -0.382662 -0.551434
vn 0.764761 -0.037489 -0.643222
vn 0.768519 -0.036113 -0.638808
vn 0.779593 -0.368494 -0.506406
vn 0.536308 -0.709889 -0.456543
vn 0.631193 -0.559364 -0.537315
vn 0.687919 -0.552465 -0.470691
vn 0.608297 -0.701144 -0.371984
vn 0.631193 -0.559364 -0.537315
vn 0.701983 -0.387458 -0.597576
vn 0.741277 -0.382662 -0.551434
vn 0.687919 -0.552465 -0.470691
vn 0.687919 -0.552465 -0.470691
vn 0.741277 -0.382662 -0.551434
vn 0.779593 -0.368494 -0.506406
vn 0.743237 -0.531989 -0.405692
vn 0.608297 -0.701144 -0.371984
vn 0.687919 -0.552465 -0.470691
vn 0.743237 -0.531989 -0.405692
vn 0.678505 -0.675144 -0.289502
vn 0.003300 -0.999991 -0.002809
vn 0.104701 -0.987679 0.116309
vn 0.101977 -0.987688 0.118629
vn 0.000575 -1.000000 -0.000489
vn 0.003300 -0.999991 -0.002809
vn 0.289902 -0.924692 -0.246784
vn 0.383664 -0.913309 -0.136635
vn 0.104701 -0.987679 0.116309
vn 0.104701 -0.987679 0.116309
vn 0.383664 -0.913309 -0.136635
vn 0.475124 -0.879434 -0.029199
vn 0.203606 -0.951048 0.232494
vn 0.104701 -0.987679 0.116309
vn 0.203606 -0.951048 0.232494
vn 0.200883 -0.951056 0.234815
vn 0.101977 -0.987688 0.118629
vn 0.289902 -0.924692 -0.246784
vn 0.421124 -0.833150 -0.358491
vn 0.505605 -0.822894 -0.259246
vn 0.383664 -0.913309 -0.136635
vn 0.421124 -0.833150 -0.358491
vn 0.536308 -0.709889 -0.456543
vn 0.608297 -0.701144 -0.371984
vn 0.505605 -0.822894 -0.259246
vn 0.505605 -0.822894 -0.259246
vn 0.608297 -0.701144 -0.371984
vn 0.678505 -0.675144 -0.289502
vn 0.588010 -0.792373 -0.162445
vn 0.383664 -0.913309 -0.136635
vn 0.505605 -0.822894 -0.259246
vn 0.588010 -0.792373 -0.162445
vn 0.475124 -0.879434 -0.029199
vn 0.779593 -0.368494 -0.506406
vn 0.768519 -0.036113 -0.638808
vn 0.772083 -0.033819 -0.634622
vn 0.816006 -0.345201 -0.463650
vn 0.772083 -0.033819 -0.634622
vn 0.768519 -0.036113 -0.638808
vn 0.767959 -0.033028 -0.639647
vn 0.771226 -0.030958 -0.635808
vn 0.775380 -0.030720 -0.630747
vn 0.772083 -0.033819 -0.634622
vn 0.771226 -0.030958 -0.635808
vn 0.774235 -0.028096 -0.632275
vn 0.816006 -0.345201 -0.463650
vn 0.772083 -0.033819 -0.634622
vn 0.775380 -0.030720 -0.630747
vn 0.849605 -0.313461 -0.424162
vn 0.678505 -0.675144 -0.289502
vn 0.743237 -0.531989 -0.405692
vn 0.795806 -0.498387 -0.343951
vn 0.745220 -0.632509 -0.211141
vn 0.743237 -0.531989 -0.405692
vn 0.779593 -0.368494 -0.506406
vn 0.816006 -0.345201 -0.463650
vn 0.795806 -0.498387 -0.343951
vn 0.795806 -0.498387 -0.343951
vn 0.816006 -0.345201 -0.463650
vn 0.849605 -0.313461 -0.424162
vn 0.844314 -0.452537 -0.286956
vn 0.745220 -0.632509 -0.211141
vn 0.795806 -0.498387 -0.343951
vn 0.844314 -0.452537 -0.286956
vn 0.806785 -0.574306 -0.138817
vn 0.203606 -0.951048 0.232494
vn 0.297578 -0.890998 0.342885
vn 0.294856 -0.891006 0.345207
vn 0.200883 -0.951056 0.234815
vn 0.203606 -0.951048 0.232494
vn 0.475124 -0.879434 -0.029199
vn 0.562017 -0.823908 0.072881
vn 0.297578 -0.890998 0.342885
vn 0.297578 -0.890998 0.342885
vn 0.562017 -0.823908 0.072881
vn 0.642214 -0.748093 0.167087
vn 0.384304 -0.809009 0.444763
vn 0.297578 -0.890998 0.342885
vn 0.384304 -0.809009 0.444763
vn 0.381583 -0.809017 0.447087
vn 0.294856 -0.891006 0.345207
vn 0.475124 -0.879434 -0.029199
vn 0.588010 -0.792373 -0.162445
vn 0.666303 -0.742344 -0.070471
vn 0.562017 -0.823908 0.072881
vn 0.588010 -0.792373 -0.162445
vn 0.678505 -0.675144 -0.289502
vn 0.745220 -0.632509 -0.211141
vn 0.666303 -0.742344 -0.070471
vn 0.666303 -0.742344 -0.070471
vn 0.745220 -0.632509 -0.211141
vn 0.806785 -0.574306 -0.138817
vn 0.738560 -0.674034 0.014408
vn 0.562017 -0.823908 0.072881
vn 0.666303 -0.742344 -0.070471
vn 0.738560 -0.674034 0.014408
vn 0.642214 -0.748093 0.167087
vn 0.849605 -0.313461 -0.424162
vn 0.775380 -0.030720 -0.630747
vn 0.778310 -0.026840 -0.627306
vn 0.879570 -0.273957 -0.388979
vn 0.778310 -0.026840 -0.627306
vn 0.775380 -0.030720 -0.630747
vn 0.774235 -0.028096 -0.632275
vn 0.776928 -0.024569 -0.629110
vn 0.780825 -0.022319 -0.624351
vn 0.778310 -0.026840 -0.627306
vn 0.776928 -0.024569 -0.629110
vn 0.779214 -0.020412 -0.626425
vn 0.879570 -0.273957 -0.388979
vn 0.778310 -0.026840 -0.627306
vn 0.780825 -0.022319 -0.624351
vn 0.905170 -0.227743 -0.358888
vn 0.806785 -0.574306 -0.138817
vn 0.844314 -0.452537 -0.286956
vn 0.887581 -0.395520 -0.236145
vn 0.861690 -0.501962 -0.074323
vn 0.844314 -0.452537 -0.286956
vn 0.849605 -0.313461 -0.424162
vn 0.879570 -0.273957 -0.388979
vn 0.887581 -0.395520 -0.236145
vn 0.887581 -0.395520 -0.236145
vn 0.879570 -0.273957 -0.388979
vn 0.905170 -0.227743 -0.358888
vn 0.924531 -0.328785 -0.192724
vn 0.861690 -0.501962 -0.074323
vn 0.887581 -0.395520 -0.236145
vn 0.924531 -0.328785 -0.192724
vn 0.908582 -0.417263 -0.019228
vn 0.384304 -0.809009 0.444763
vn 0.461649 -0.707100 0.535621
vn 0.458928 -0.707107 0.537945
vn 0.381583 -0.809017 0.447087
vn 0.384304 -0.809009 0.444763
vn 0.642214 -0.748093 0.167087
vn 0.713736 -0.653856 0.251104
vn 0.461649 -0.707100 0.535621
vn 0.461649 -0.707100 0.535621
vn 0.713736 -0.653856 0.251104
vn 0.774825 -0.543516 0.322858
vn 0.527707 -0.587779 0.613221
vn 0.461649 -0.707100 0.535621
vn 0.527707 -0.587779 0.613221
vn 0.524988 -0.587785 0.615546
vn 0.458928 -0.707107 0.537945
vn 0.642214 -0.748093 0.167087
vn 0.738560 -0.674034 0.014408
vn 0.803003 -0.589125 0.090106
vn 0.713736 -0.653856 0.251104
vn 0.738560 -0.674034 0.014408
vn 0.806785 -0.574306 -0.138817
vn 0.861690 -0.501962 -0.074323
vn 0.803003 -0.589125 0.090106
vn 0.803003 -0.589125 0.090106
vn 0.861690 -0.501962 -0.074323
vn 0.908582 -0.417263 -0.019228
vn 0.858040 -0.489712 0.154760
vn 0.713736 -0.653856 0.251104
vn 0.803003 -0.589125 0.090106
vn 0.858040 -0.489712 0.154760
vn 0.774825 -0.543516 0.322858
vn 0.905170 -0.227743 -0.358888
vn 0.780825 -0.022319 -0.624351
vn 0.782835 -0.017232 -0.621991
vn 0.925756 -0.175889 -0.334723
vn 0.782835 -0.017232 -0.621991
vn 0.780825 -0.022319 -0.624351
vn 0.779214 -0.020412 -0.626425
vn 0.781069 -0.015773 -0.624246
vn 0.784321 -0.011734 -0.620244
vn 0.782835 -0.017232 -0.621991
vn 0.781069 -0.015773 -0.624246
vn 0.782411 -0.010731 -0.622669
vn 0.925756 -0.175889 -0.334723
vn 0.782835 -0.017232 -0.621991
vn 0.784321 -0.011734 -0.620244
vn 0.940844 -0.119731 -0.316980
vn 0.908582 -0.417263 -0.019228
vn 0.924531 -0.328785 -0.192724
vn 0.954258 -0.253942 -0.157814
vn 0.946312 -0.322281 0.025087
vn 0.924531 -0.328785 -0.192724
vn 0.905170 -0.227743 -0.358888
vn 0.925756 -0.175889 -0.334723
vn 0.954258 -0.253942 -0.157814
vn 0.954258 -0.253942 -0.157814
vn 0.925756 -0.175889 -0.334723
vn 0.940844 -0.119731 -0.316980
vn 0.976032 -0.172853 -0.132222
vn 0.946312 -0.322281 0.025087
vn 0.954258 -0.253942 -0.157814
vn 0.976032 -0.172853 -0.132222
vn 0.973943 -0.219368 0.057551
vn 0.527707 -0.587779 0.613221
vn 0.580853 -0.453986 0.675652
vn 0.578134 -0.453990 0.677978
vn 0.524988 -0.587785 0.615546
vn 0.527707 -0.587779 0.613221
vn 0.774825 -0.543516 0.322858
vn 0.823965 -0.419800 0.380591
vn 0.580853 -0.453986 0.675652
vn 0.580853 -0.453986 0.675652
vn 0.823965 -0.419800 0.380591
vn 0.859958 -0.285746 0.422873
vn 0.619778 -0.309014 0.721378
vn 0.580853 -0.453986 0.675652
vn 0.619778 -0.309014 0.721378
vn 0.617059 -0.309017 0.723704
vn 0.578134 -0.453990 0.677978
vn 0.774825 -0.543516 0.322858
vn 0.858040 -0.489712 0.154760
vn 0.902315 -0.378245 0.206779
vn 0.823965 -0.419800 0.380591
vn 0.858040 -0.489712 0.154760
vn 0.908582 -0.417263 -0.019228
vn 0.946312 -0.322281 0.025087
vn 0.902315 -0.378245 0.206779
vn 0.902315 -0.378245 0.206779
vn 0.946312 -0.322281 0.025087
vn 0.973943 -0.219368 0.057551
vn 0.934746 -0.257460 0.244875
vn 0.823965 -0.419800 0.380591
vn 0.902315 -0.378245 0.206779
vn 0.934746 -0.257460 0.244875
vn 0.859958 -0.285746 0.422873
vn 0.940844 -0.119731 -0.316980
vn 0.784321 -0.011734 -0.620244
vn 0.785213 -0.005937 -0.619197
vn 0.950036 -0.060608 -0.306201
vn 0.785213 -0.005937 -0.619197
vn 0.784321 -0.011734 -0.620244
vn 0.782411 -0.010731 -0.622669
vn 0.783247 -0.005435 -0.621687
vn 0.785526 0.000000 -0.618829
vn 0.785213 -0.005937 -0.619197
vn 0.783247 -0.005435 -0.621687
vn 0.783514 0.000000 -0.621374
vn 0.950036 -0.060608 -0.306201
vn 0.785213 -0.005937 -0.619197
vn 0.785526 0.000000 -0.618829
vn 0.953137 0.000000 -0.302540
vn 0.973943 -0.219368 0.057551
vn 0.976032 -0.172853 -0.132222
vn 0.989313 -0.087502 -0.116635
vn 0.990800 -0.111051 0.077347
vn 0.976032 -0.172853 -0.132222
vn 0.940844 -0.119731 -0.316980
vn 0.950036 -0.060608 -0.306201
vn 0.989313 -0.087502 -0.116635
vn 0.989313 -0.087502 -0.116635
vn 0.950036 -0.060608 -0.306201
vn 0.953137 0.000000 -0.302540
vn 0.993778 0.000000 -0.111377
vn 0.990800 -0.111051 0.077347
vn 0.989313 -0.087502 -0.116635
vn 0.993778 0.000000 -0.111377
vn 0.996465 0.000000 0.084009
vn 0.619778 -0.309014 0.721378
vn 0.643523 -0.156434 0.749271
vn 0.640804 -0.156435 0.751598
vn 0.617059 -0.309017 0.723704
vn 0.619778 -0.309014 0.721378
vn 0.859958 -0.285746 0.422873
vn 0.881913 -0.144654 0.448670
vn 0.643523 -0.156434 0.749271
vn 0.643523 -0.156434 0.749271
vn 0.881913 -0.144654 0.448670
vn 0.889294 0.000000 0.457337
vn 0.651503 0.000000 0.758646
vn 0.643523 -0.156434 0.749271
vn 0.651503 0.000000 0.758646
vn 0.648784 0.000000 0.760972
vn 0.640804 -0.156435 0.751598
vn 0.859958 -0.285746 0.422873
vn 0.934746 -0.257460 0.244875
vn 0.954529 -0.130334 0.268118
vn 0.881913 -0.144654 0.448670
vn 0.934746 -0.257460 0.244875
vn 0.973943 -0.219368 0.057551
vn 0.990800 -0.111051 0.077347
vn 0.954529 -0.130334 0.268118
vn 0.954529 -0.130334 0.268118
vn 0.990800 -0.111051 0.077347
vn 0.996465 0.000000 0.084009
vn 0.961179 0.000000 0.275927
vn 0.881913 -0.144654 0.448670
vn 0.954529 -0.130334 0.268118
vn 0.961179 0.000000 0.275927
vn 0.889294 0.000000 0.457337
vn 0.953137 0.000000 -0.302540
vn 0.785526 0.000000 -0.618829
vn 0.785213 0.005937 -0.619197
vn 0.950036 0.060607 -0.306201
vn 0.785213 0.005937 -0.619197
vn 0.785526 0.000000 -0.618829
vn 0.783514 0.000000 -0.621374
vn 0.783246 0.005435 -0.621688
vn 0.784321 0.011734 -0.620244
vn 0.785213 0.005937 -0.619197
vn 0.783246 0.005435 -0.621688
vn 0.782411 0.010731 -0.622670
vn 0.950036 0.060607 -0.306201
vn 0.785213 0.005937 -0.619197
vn 0.784321 0.011734 -0.620244
vn 0.940845 0.119731 -0.316979
vn 0.996465 0.000000 0.084009
vn 0.993778 0.000000 -0.111377
vn 0.989313 0.087501 -0.116636
vn 0.990800 0.111051 0.077348
vn 0.993778 0.000000 -0.111377
vn 0.953137 0.000000 -0.302540
vn 0.950036 0.060607 -0.306201
vn 0.989313 0.087501 -0.116636
vn 0.989313 0.087501 -0.116636
vn 0.950036 0.060607 -0.306201
vn 0.940845 0.119731 -0.316979
vn 0.976032 0.172853 -0.132224
vn 0.990800 0.111051 0.077348
vn 0.989313 0.087501 -0.116636
vn 0.976032 0.172853 -0.132224
vn 0.973943 0.219368 0.057550
vn 0.651503 0.000000 0.758646
vn 0.643523 0.156434 0.749271
vn 0.640804 0.156435 0.751597
vn 0.648784 0.000000 0.760972
vn 0.651503 0.000000 0.758646
vn 0.889294 0.000000 0.457337
vn 0.881914 0.144654 0.448669
vn 0.643523 0.156434 0.749271
vn 0.643523 0.156434 0.749271
vn 0.881914 0.144654 0.448669
vn 0.859958 0.285745 0.422873
vn 0.619778 0.309014 0.721378
vn 0.643523 0.156434 0.749271
vn 0.619778 0.309014 0.721378
vn 0.617059 0.309017 0.723704
vn 0.640804 0.156435 0.751597
vn 0.889294 0.000000 0.457337
vn 0.961179 0.000000 0.275927
vn 0.954530 0.130333 0.268115
vn 0.881914 0.144654 0.448669
vn 0.961179 0.000000 0.275927
vn 0.996465 0.000000 0.084009
vn 0.990800 0.111051 0.077348
vn 0.954530 0.130333 0.268115
vn 0.954530 0.130333 0.268115
vn 0.990800 0.111051 0.077348
vn 0.973943 0.219368 0.057550
vn 0.934748 0.257458 0.244872
vn 0.881914 0.144654 0.448669
vn 0.954530 0.130333 0.268115
vn 0.934748 0.257458 0.244872
vn 0.859958 0.285745 0.422873
vn 0.940845 0.119731 -0.316979
vn 0.784321 0.011734 -0.620244
vn 0.782835 0.017232 -0.621990
vn 0.925755 0.175889 -0.334725
vn 0.782835 0.017232 -0.621990
vn 0.784321 0.011734 -0.620244
vn 0.782411 0.010731 -0.622670
vn 0.781069 0.015773 -0.624246
vn 0.780826 0.022319 -0.624350
vn 0.782835 0.017232 -0.621990
vn 0.781069 0.015773 -0.624246
vn 0.779215 0.020412 -0.626424
vn 0.925755 0.175889 -0.334725
vn 0.782835 0.017232 -0.621990
vn 0.780826 0.022319 -0.624350
vn 0.905168 0.227744 -0.358891
vn 0.973943 0.219368 0.057550
vn 0.976032 0.172853 -0.132224
vn 0.954257 0.253942 -0.157818
vn 0.946312 0.322280 0.025085
vn 0.976032 0.172853 -0.132224
vn 0.940845 0.119731 -0.316979
vn 0.925755 0.175889 -0.334725
vn 0.954257 0.253942 -0.157818
vn 0.954257 0.253942 -0.157818
vn 0.925755 0.175889 -0.334725
vn 0.905168 0.227744 -0.358891
vn 0.924531 0.328784 -0.192727
vn 0.946312 0.322280 0.025085
vn 0.954257 0.253942 -0.157818
vn 0.924531 0.328784 -0.192727
vn 0.908583 0.417261 -0.019228
vn 0.619778 0.309014 0.721378
vn 0.580853 0.453986 0.675652
vn 0.578134 0.453990 0.677978
vn 0.617059 0.309017 0.723704
vn 0.619778 0.309014 0.721378
vn 0.859958 0.285745 0.422873
vn 0.823966 0.419799 0.380589
vn 0.580853 0.453986 0.675652
vn 0.580853 0.453986 0.675652
vn 0.823966 0.419799 0.380589
vn 0.774825 0.543516 0.322858
vn 0.527707 0.587779 0.613221
vn 0.580853 0.453986 0.675652
vn 0.527707 0.587779 0.613221
vn 0.524988 0.587785 0.615546
vn 0.578134 0.453990 0.677978
vn 0.859958 0.285745 0.422873
vn 0.934748 0.257458 0.244872
vn 0.902316 0.378245 0.206779
vn 0.823966 0.419799 0.380589
vn 0.934748 0.257458 0.244872
vn 0.973943 0.219368 0.057550
vn 0.946312 0.322280 0.025085
vn 0.902316 0.378245 0.206779
vn 0.902316 0.378245 0.206779
vn 0.946312 0.322280 0.025085
vn 0.908583 0.417261 -0.019228
vn 0.858038 0.489715 0.154761
vn 0.823966 0.419799 0.380589
vn 0.902316 0.378245 0.206779
vn 0.858038 0.489715 0.154761
vn 0.774825 0.543516 0.322858
vn 0.905168 0.227744 -0.358891
vn 0.780826 0.022319 -0.624350
vn 0.778311 0.026840 -0.627305
vn 0.879570 0.273959 -0.388978
vn 0.778311 0.026840 -0.627305
vn 0.780826 0.022319 -0.624350
vn 0.779215 0.020412 -0.626424
vn 0.776928 0.024568 -0.629110
vn 0.775381 0.030720 -0.630747
vn 0.778311 0.026840 -0.627305
vn 0.776928 0.024568 -0.629110
vn 0.774235 0.028096 -0.632274
vn 0.879570 0.273959 -0.388978
vn 0.778311 0.026840 -0.627305
vn 0.775381 0.030720 -0.630747
vn 0.849605 0.313462 -0.424161
vn 0.908583 0.417261 -0.019228
vn 0.924531 0.328784 -0.192727
vn 0.887581 0.395521 -0.236142
vn 0.861691 0.501961 -0.074319
vn 0.924531 0.328784 -0.192727
vn 0.905168 0.227744 -0.358891
vn 0.879570 0.273959 -0.388978
vn 0.887581 0.395521 -0.236142
vn 0.887581 0.395521 -0.236142
vn 0.879570 0.273959 -0.388978
vn 0.849605 0.313462 -0.424161
vn 0.844314 0.452538 -0.286956
vn 0.861691 0.501961 -0.074319
vn 0.887581 0.395521 -0.236142
vn 0.844314 0.452538 -0.286956
vn 0.806786 0.574306 -0.138812
vn 0.527707 0.587779 0.613221
vn 0.461649 0.707100 0.535621
vn 0.458928 0.707107 0.537946
vn 0.524988 0.587785 0.615546
vn 0.527707 0.587779 0.613221
vn 0.774825 0.543516 0.322858
vn 0.713736 0.653856 0.251104
vn 0.461649 0.707100 0.535621
vn 0.461649 0.707100 0.535621
vn 0.713736 0.653856 0.251104
vn 0.642218 0.748090 0.167083
vn 0.384304 0.809009 0.444763
vn 0.461649 0.707100 0.535621
vn 0.384304 0.809009 0.444763
vn 0.381583 0.809017 0.447087
vn 0.458928 0.707107 0.537946
vn 0.774825 0.543516 0.322858
vn 0.858038 0.489715 0.154761
vn 0.803001 0.589126 0.090108
vn 0.713736 0.653856 0.251104
vn 0.858038 0.489715 0.154761
vn 0.908583 0.417261 -0.019228
vn 0.861691 0.501961 -0.074319
vn 0.803001 0.589126 0.090108
vn 0.803001 0.589126 0.090108
vn 0.861691 0.501961 -0.074319
vn 0.806786 0.574306 -0.138812
vn 0.738564 0.674029 0.014411
vn 0.713736 0.653856 0.251104
vn 0.803001 0.589126 0.090108
vn 0.738564 0.674029 0.014411
vn 0.642218 0.748090 0.167083
vn 0.849605 0.313462 -0.424161
vn 0.775381 0.030720 -0.630747
vn 0.772083 0.033819 -0.634622
vn 0.816004 0.345204 -0.463651
vn 0.772083 0.033819 -0.634622
vn 0.775381 0.030720 -0.630747
vn 0.774235 0.028096 -0.632274
vn 0.771227 0.030957 -0.635807
vn 0.768518 0.036113 -0.638808
vn 0.772083 0.033819 -0.634622
vn 0.771227 0.030957 -0.635807
vn 0.767959 0.033028 -0.639647
vn 0.816004 0.345204 -0.463651
vn 0.772083 0.033819 -0.634622
vn 0.768518 0.036113 -0.638808
vn 0.779593 0.368497 -0.506404
vn 0.806786 0.574306 -0.138812
vn 0.844314 0.452538 -0.286956
vn 0.795805 0.498388 -0.343954
vn 0.745221 0.632507 -0.211140
vn 0.844314 0.452538 -0.286956
vn 0.849605 0.313462 -0.424161
vn 0.816004 0.345204 -0.463651
vn 0.795805 0.498388 -0.343954
vn 0.795805 0.498388 -0.343954
vn 0.816004 0.345204 -0.463651
vn 0.779593 0.368497 -0.506404
vn 0.743238 0.531988 -0.405691
vn 0.745221 0.632507 -0.211140
vn 0.795805 0.498388 -0.343954
vn 0.743238 0.531988 -0.405691
vn 0.678506 0.675143 -0.289503
vn 0.384304 0.809009 0.444763
vn 0.297578 0.890998 0.342884
vn 0.294856 0.891006 0.345207
vn 0.381583 0.809017 0.447087
vn 0.384304 0.809009 0.444763
vn 0.642218 0.748090 0.167083
vn 0.562023 0.823905 0.072878
vn 0.297578 0.890998 0.342884
vn 0.297578 0.890998 0.342884
vn 0.562023 0.823905 0.072878
vn 0.475129 0.879431 -0.029203
vn 0.203605 0.951048 0.232494
vn 0.297578 0.890998 0.342884
vn 0.203605 0.951048 0.232494
vn 0.200882 0.951056 0.234815
vn 0.294856 0.891006 0.345207
vn 0.642218 0.748090 0.167083
vn 0.738564 0.674029 0.014411
vn 0.666306 0.742341 -0.070469
vn 0.562023 0.823905 0.072878
vn 0.738564 0.674029 0.014411
vn 0.806786 0.574306 -0.138812
vn 0.745221 0.632507 -0.211140
vn 0.666306 0.742341 -0.070469
vn 0.666306 0.742341 -0.070469
vn 0.745221 0.632507 -0.211140
vn 0.678506 0.675143 -0.289503
vn 0.588012 0.792372 -0.162446
vn 0.562023 0.823905 0.072878
vn 0.666306 0.742341 -0.070469
vn 0.588012 0.792372 -0.162446
vn 0.475129 0.879431 -0.029203
vn 0.779593 0.368497 -0.506404
vn 0.768518 0.036113 -0.638808
vn 0.764762 0.037489 -0.643221
vn 0.741275 0.382663 -0.551435
vn 0.764762 0.037489 -0.643221
vn 0.768518 0.036113 -0.638808
vn 0.767959 0.033028 -0.639647
vn 0.764526 0.034317 -0.643679
vn 0.760912 0.037972 -0.647743
vn 0.764762 0.037489 -0.643221
vn 0.764526 0.034317 -0.643679
vn 0.761002 0.034728 -0.647819
vn 0.741275 0.382663 -0.551435
vn 0.764762 0.037489 -0.643221
vn 0.760912 0.037972 -0.647743
vn 0.701982 0.387460 -0.597575
vn 0.678506 0.675143 -0.289503
vn 0.743238 0.531988 -0.405691
vn 0.687918 0.552465 -0.470692
vn 0.608296 0.701144 -0.371986
vn 0.743238 0.531988 -0.405691
vn 0.779593 0.368497 -0.506404
vn 0.741275 0.382663 -0.551435
vn 0.687918 0.552465 -0.470692
vn 0.687918 0.552465 -0.470692
vn 0.741275 0.382663 -0.551435
vn 0.701982 0.387460 -0.597575
vn 0.631192 0.559363 -0.537318
vn 0.608296 0.701144 -0.371986
vn 0.687918 0.552465 -0.470692
vn 0.631192 0.559363 -0.537318
vn 0.536309 0.709888 -0.456544
vn 0.203605 0.951048 0.232494
vn 0.104701 0.987679 0.116309
vn 0.101977 0.987688 0.118630
vn 0.200882 0.951056 0.234815
vn 0.203605 0.951048 0.232494
vn 0.475129 0.879431 -0.029203
vn 0.383664 0.913309 -0.136636
vn 0.104701 0.987679 0.116309
vn 0.104701 0.987679 0.116309
vn 0.383664 0.913309 -0.136636
vn 0.289900 0.924693 -0.246783
vn 0.003300 0.999991 -0.002808
vn 0.104701 0.987679 0.116309
vn 0.003300 0.999991 -0.002808
vn 0.000576 1.000000 -0.000489
vn 0.101977 0.987688 0.118630
vn 0.475129 0.879431 -0.029203
vn 0.588012 0.792372 -0.162446
vn 0.505607 0.822895 -0.259239
vn 0.383664 0.913309 -0.136636
vn 0.588012 0.792372 -0.162446
vn 0.678506 0.675143 -0.289503
vn 0.608296 0.701144 -0.371986
vn 0.505607 0.822895 -0.259239
vn 0.505607 0.822895 -0.259239
vn 0.608296 0.701144 -0.371986
vn 0.536309 0.709888 -0.456544
vn 0.421124 0.833152 -0.358487
vn 0.383664 0.913309 -0.136636
vn 0.505607 0.822895 -0.259239
vn 0.421124 0.833152 -0.358487
vn 0.289900 0.924693 -0.246783
vn 0.754047 0.033028 -0.655990
vn 0.753307 0.036114 -0.656677
vn 0.757064 0.037489 -0.652264
vn 0.757479 0.034316 -0.651957
vn 0.753307 0.036114 -0.656677
vn 0.624373 0.368495 -0.688745
vn 0.662706 0.382664 -0.643731
vn 0.757064 0.037489 -0.652264
vn 0.757064 0.037489 -0.652264
vn 0.662706 0.382664 -0.643731
vn 0.701982 0.387460 -0.597575
vn 0.760912 0.037972 -0.647743
vn 0.757064 0.037489 -0.652264
vn 0.760912 0.037972 -0.647743
vn 0.761002 0.034728 -0.647819
vn 0.757479 0.034316 -0.651957
vn 0.624373 0.368495 -0.688745
vn 0.519157 0.531980 -0.668934
vn 0.574488 0.552460 -0.603947
vn 0.662706 0.382664 -0.643731
vn 0.519157 0.531980 -0.668934
vn 0.394111 0.675145 -0.623583
vn 0.464330 0.701144 -0.541106
vn 0.574488 0.552460 -0.603947
vn 0.574488 0.552460 -0.603947
vn 0.464330 0.701144 -0.541106
vn 0.536309 0.709888 -0.456544
vn 0.631192 0.559363 -0.537318
vn 0.662706 0.382664 -0.643731
vn 0.574488 0.552460 -0.603947
vn 0.631192 0.559363 -0.537318
vn 0.701982 0.387460 -0.597575
vn 0.394111 0.675145 -0.623583
vn 0.254233 0.792373 -0.554537
vn 0.336638 0.822894 -0.457734
vn 0.464330 0.701144 -0.541106
vn 0.254233 0.792373 -0.554537
vn 0.104678 0.879435 -0.464367
vn 0.196133 0.913309 -0.356931
vn 0.336638 0.822894 -0.457734
vn 0.336638 0.822894 -0.457734
vn 0.196133 0.913309 -0.356931
vn 0.289900 0.924693 -0.246783
vn 0.421124 0.833152 -0.358487
vn 0.464330 0.701144 -0.541106
vn 0.336638 0.822894 -0.457734
vn 0.421124 0.833152 -0.358487
vn 0.536309 0.709888 -0.456544
vn 0.104678 0.879435 -0.464367
vn -0.197006 0.951048 -0.238111
vn -0.098101 0.987679 -0.121926
vn 0.196133 0.913309 -0.356931
vn -0.098101 0.987679 -0.121926
vn -0.197006 0.951048 -0.238111
vn -0.199732 0.951057 -0.235793
vn -0.100827 0.987688 -0.119607
vn 0.003300 0.999991 -0.002808
vn -0.098101 0.987679 -0.121926
vn -0.100827 0.987688 -0.119607
vn 0.000576 1.000000 -0.000489
vn 0.196133 0.913309 -0.356931
vn -0.098101 0.987679 -0.121926
vn 0.003300 0.999991 -0.002808
vn 0.289900 0.924693 -0.246783
vn -0.773724 0.408238 0.484450
vn -0.776357 0.085288 0.624497
vn -0.767487 0.088554 0.634919
vn -0.731279 0.423929 0.534336
vn -0.767487 0.088554 0.634919
vn -0.776357 0.085288 0.624497
vn -0.771541 0.053605 0.633917
vn -0.765967 0.055663 0.640466
vn -0.760251 0.056365 0.647179
vn -0.758394 0.089677 0.645598
vn -0.767487 0.088554 0.634919
vn -0.765967 0.055663 0.640466
vn -0.731279 0.423929 0.534336
vn -0.767487 0.088554 0.634919
vn -0.758394 0.089677 0.645598
vn -0.687747 0.429233 0.585459
vn -0.666076 0.695151 0.270385
vn -0.732817 0.561580 0.384197
vn -0.674411 0.583220 0.452796
vn -0.593772 0.721938 0.355304
vn -0.732817 0.561580 0.384197
vn -0.773724 0.408238 0.484450
vn -0.731279 0.423929 0.534336
vn -0.674411 0.583220 0.452796
vn -0.674411 0.583220 0.452796
vn -0.731279 0.423929 0.534336
vn -0.687747 0.429233 0.585459
vn -0.614525 0.590508 0.523124
vn -0.593772 0.721938 0.355304
vn -0.674411 0.583220 0.452796
vn -0.614525 0.590508 0.523124
vn -0.519658 0.730935 0.442369
vn -0.203459 0.951049 -0.232617
vn -0.104554 0.987680 -0.116432
vn -0.101950 0.987688 -0.118651
vn -0.200856 0.951057 -0.234837
vn -0.203459 0.951049 -0.232617
vn -0.465577 0.884808 0.018781
vn -0.373565 0.918886 0.126875
vn -0.104554 0.987680 -0.116432
vn -0.104554 0.987680 -0.116432
vn -0.373565 0.918886 0.126875
vn -0.279233 0.930337 0.237704
vn -0.003153 0.999991 0.002685
vn -0.101950 0.987688 -0.118651
vn -0.104554 0.987680 -0.116432
vn -0.003153 0.999991 0.002685
vn -0.000548 1.000000 0.000468
vn -0.465577 0.884808 0.018781
vn -0.575968 0.804113 0.147185
vn -0.492341 0.835087 0.245419
vn -0.373565 0.918886 0.126875
vn -0.575968 0.804113 0.147185
vn -0.666076 0.695151 0.270385
vn -0.593772 0.721938 0.355304
vn -0.492341 0.835087 0.245419
vn -0.492341 0.835087 0.245419
vn -0.593772 0.721938 0.355304
vn -0.519658 0.730935 0.442369
vn -0.406611 0.845491 0.346139
vn -0.373565 0.918886 0.126875
vn -0.492341 0.835087 0.245419
vn -0.406611 0.845491 0.346139
vn -0.279233 0.930337 0.237704
vn -0.776357 0.085288 0.624497
vn -0.784779 0.079887 0.614605
vn -0.776836 0.050214 0.627697
vn -0.771541 0.053605 0.633917
vn -0.776357 0.085288 0.624497
vn -0.773724 0.408238 0.484450
vn -0.814063 0.382445 0.437078
vn -0.784779 0.079887 0.614605
vn -0.784779 0.079887 0.614605
vn -0.814063 0.382445 0.437078
vn -0.851289 0.347270 0.393333
vn -0.792562 0.072550 0.605460
vn -0.784779 0.079887 0.614605
vn -0.792562 0.072550 0.605460
vn -0.781728 0.045598 0.621951
vn -0.776836 0.050214 0.627697
vn -0.773724 0.408238 0.484450
vn -0.732817 0.561580 0.384197
vn -0.788313 0.526108 0.319019
vn -0.814063 0.382445 0.437078
vn -0.732817 0.561580 0.384197
vn -0.666076 0.695151 0.270385
vn -0.734767 0.651254 0.189697
vn -0.788313 0.526108 0.319019
vn -0.788313 0.526108 0.319019
vn -0.734767 0.651254 0.189697
vn -0.798153 0.591333 0.115229
vn -0.839523 0.477702 0.258847
vn -0.814063 0.382445 0.437078
vn -0.788313 0.526108 0.319019
vn -0.839523 0.477702 0.258847
vn -0.851289 0.347270 0.393333
vn -0.666076 0.695151 0.270385
vn -0.575968 0.804113 0.147185
vn -0.655424 0.753339 0.053851
vn -0.734767 0.651254 0.189697
vn -0.575968 0.804113 0.147185
vn -0.465577 0.884808 0.018781
vn -0.553000 0.828945 -0.083916
vn -0.655424 0.753339 0.053851
vn -0.655424 0.753339 0.053851
vn -0.553000 0.828945 -0.083916
vn -0.633695 0.752661 -0.178695
vn -0.728757 0.684011 -0.032282
vn -0.734767 0.651254 0.189697
vn -0.655424 0.753339 0.053851
vn -0.728757 0.684011 -0.032282
vn -0.798153 0.591333 0.115229
vn -0.465577 0.884808 0.018781
vn -0.203459 0.951049 -0.232617
vn -0.297432 0.890999 -0.343008
vn -0.553000 0.828945 -0.083916
vn -0.294829 0.891007 -0.345228
vn -0.297432 0.890999 -0.343008
vn -0.203459 0.951049 -0.232617
vn -0.200856 0.951057 -0.234837
vn -0.384159 0.809010 -0.444888
vn -0.297432 0.890999 -0.343008
vn -0.294829 0.891007 -0.345228
vn -0.381557 0.809017 -0.447109
vn -0.553000 0.828945 -0.083916
vn -0.297432 0.890999 -0.343008
vn -0.384159 0.809010 -0.444888
vn -0.633695 0.752661 -0.178695
vn -0.781728 0.045598 0.621951
vn -0.792562 0.072550 0.605460
vn -0.799489 0.063396 0.597326
vn -0.786084 0.039851 0.616834
vn -0.792562 0.072550 0.605460
vn -0.851289 0.347270 0.393333
vn -0.884486 0.303502 0.354360
vn -0.799489 0.063396 0.597326
vn -0.799489 0.063396 0.597326
vn -0.884486 0.303502 0.354360
vn -0.912844 0.252289 0.321040
vn -0.805420 0.052708 0.590356
vn -0.799489 0.063396 0.597326
vn -0.805420 0.052708 0.590356
vn -0.789810 0.033131 0.612456
vn -0.786084 0.039851 0.616834
vn -0.851289 0.347270 0.393333
vn -0.839523 0.477702 0.258847
vn -0.885191 0.417527 0.205205
vn -0.884486 0.303502 0.354360
vn -0.839523 0.477702 0.258847
vn -0.798153 0.591333 0.115229
vn -0.854689 0.516840 0.048824
vn -0.885191 0.417527 0.205205
vn -0.885191 0.417527 0.205205
vn -0.854689 0.516840 0.048824
vn -0.902972 0.429627 -0.007904
vn -0.924192 0.347085 0.159376
vn -0.884486 0.303502 0.354360
vn -0.885191 0.417527 0.205205
vn -0.924192 0.347085 0.159376
vn -0.912844 0.252289 0.321040
vn -0.798153 0.591333 0.115229
vn -0.728757 0.684011 -0.032282
vn -0.794148 0.597850 -0.109107
vn -0.854689 0.516840 0.048824
vn -0.728757 0.684011 -0.032282
vn -0.633695 0.752661 -0.178695
vn -0.705651 0.657848 -0.263236
vn -0.794148 0.597850 -0.109107
vn -0.794148 0.597850 -0.109107
vn -0.705651 0.657848 -0.263236
vn -0.767106 0.546843 -0.335426
vn -0.850000 0.496965 -0.174717
vn -0.854689 0.516840 0.048824
vn -0.794148 0.597850 -0.109107
vn -0.850000 0.496965 -0.174717
vn -0.902972 0.429627 -0.007904
vn -0.633695 0.752661 -0.178695
vn -0.384159 0.809010 -0.444888
vn -0.461503 0.707100 -0.535746
vn -0.705651 0.657848 -0.263236
vn -0.458902 0.707106 -0.537968
vn -0.461503 0.707100 -0.535746
vn -0.384159 0.809010 -0.444888
vn -0.381557 0.809017 -0.447109
vn -0.527561 0.587781 -0.613346
vn -0.461503 0.707100 -0.535746
vn -0.458902 0.707106 -0.537968
vn -0.524961 0.587785 -0.615569
vn -0.705651 0.657848 -0.263236
vn -0.461503 0.707100 -0.535746
vn -0.527561 0.587781 -0.613346
vn -0.767106 0.546843 -0.335426
vn -0.789810 0.033131 0.612456
vn -0.805420 0.052708 0.590356
vn -0.810177 0.040702 0.584771
vn -0.792802 0.025586 0.608942
vn -0.805420 0.052708 0.590356
vn -0.912844 0.252289 0.321040
vn -0.935651 0.194853 0.294260
vn -0.810177 0.040702 0.584771
vn -0.810177 0.040702 0.584771
vn -0.935651 0.194853 0.294260
vn -0.952365 0.132645 0.274602
vn -0.813676 0.027711 0.580657
vn -0.810177 0.040702 0.584771
vn -0.813676 0.027711 0.580657
vn -0.794999 0.017418 0.606361
vn -0.792802 0.025586 0.608942
vn -0.912844 0.252289 0.321040
vn -0.924192 0.347085 0.159376
vn -0.955576 0.268073 0.122518
vn -0.935651 0.194853 0.294260
vn -0.924192 0.347085 0.159376
vn -0.902972 0.429627 -0.007904
vn -0.941819 0.331831 -0.053535
vn -0.955576 0.268073 0.122518
vn -0.955576 0.268073 0.122518
vn -0.941819 0.331831 -0.053535
vn -0.970270 0.225867 -0.086952
vn -0.978562 0.182474 0.095501
vn -0.935651 0.194853 0.294260
vn -0.955576 0.268073 0.122518
vn -0.978562 0.182474 0.095501
vn -0.952365 0.132645 0.274602
vn -0.902972 0.429627 -0.007904
vn -0.850000 0.496965 -0.174717
vn -0.894935 0.383842 -0.227502
vn -0.941819 0.331831 -0.053535
vn -0.850000 0.496965 -0.174717
vn -0.767106 0.546843 -0.335426
vn -0.816552 0.422368 -0.393508
vn -0.894935 0.383842 -0.227502
vn -0.894935 0.383842 -0.227502
vn -0.816552 0.422368 -0.393508
vn -0.852766 0.287491 -0.436050
vn -0.927849 0.261266 -0.266152
vn -0.941819 0.331831 -0.053535
vn -0.894935 0.383842 -0.227502
vn -0.927849 0.261266 -0.266152
vn -0.970270 0.225867 -0.086952
vn -0.767106 0.546843 -0.335426
vn -0.527561 0.587781 -0.613346
vn -0.580707 0.453987 -0.675777
vn -0.816552 0.422368 -0.393508
vn -0.578108 0.453990 -0.678000
vn -0.580707 0.453987 -0.675777
vn -0.527561 0.587781 -0.613346
vn -0.524961 0.587785 -0.615569
vn -0.619632 0.309013 -0.721503
vn -0.580707 0.453987 -0.675777
vn -0.578108 0.453990 -0.678000
vn -0.617033 0.309016 -0.723726
vn -0.816552 0.422368 -0.393508
vn -0.580707 0.453987 -0.675777
vn -0.619632 0.309013 -0.721503
vn -0.852766 0.287491 -0.436050
vn -0.794999 0.017418 0.606361
vn -0.813676 0.027711 0.580657
vn -0.815796 0.014027 0.578170
vn -0.796333 0.008818 0.604794
vn -0.813676 0.027711 0.580657
vn -0.952365 0.132645 0.274602
vn -0.962552 0.067145 0.262652
vn -0.815796 0.014027 0.578170
vn -0.815796 0.014027 0.578170
vn -0.962552 0.067145 0.262652
vn -0.965982 -0.000001 0.258609
vn -0.816522 0.000000 0.577314
vn -0.815796 0.014027 0.578170
vn -0.816522 0.000000 0.577314
vn -0.796787 0.000000 0.604260
vn -0.796333 0.008818 0.604794
vn -0.952365 0.132645 0.274602
vn -0.978562 0.182474 0.095501
vn -0.992583 0.092373 0.079037
vn -0.962552 0.067145 0.262652
vn -0.978562 0.182474 0.095501
vn -0.970270 0.225867 -0.086952
vn -0.987625 0.114342 -0.107346
vn -0.992583 0.092373 0.079037
vn -0.992583 0.092373 0.079037
vn -0.987625 0.114342 -0.107346
vn -0.993457 0.000000 -0.114206
vn -0.997296 -0.000001 0.073491
vn -0.962552 0.067145 0.262652
vn -0.992583 0.092373 0.079037
vn -0.997296 -0.000001 0.073491
vn -0.965982 -0.000001 0.258609
vn -0.970270 0.225867 -0.086952
vn -0.927849 0.261266 -0.266152
vn -0.947924 0.132263 -0.289736
vn -0.987625 0.114342 -0.107346
vn -0.927849 0.261266 -0.266152
vn -0.852766 0.287491 -0.436050
vn -0.874853 0.145537 -0.462008
vn -0.947924 0.132263 -0.289736
vn -0.947924 0.132263 -0.289736
vn -0.874853 0.145537 -0.462008
vn -0.882282 0.000000 -0.470721
vn -0.954671 -0.000001 -0.297663
vn -0.987625 0.114342 -0.107346
vn -0.947924 0.132263 -0.289736
vn -0.954671 -0.000001 -0.297663
vn -0.993457 0.000000 -0.114206
vn -0.852766 0.287491 -0.436050
vn -0.619632 0.309013 -0.721503
vn -0.643377 0.156434 -0.749396
vn -0.874853 0.145537 -0.462008
vn -0.640777 0.156435 -0.751620
vn -0.643377 0.156434 -0.749396
vn -0.619632 0.309013 -0.721503
vn -0.617033 0.309016 -0.723726
vn -0.651358 0.000001 -0.758771
vn -0.643377 0.156434 -0.749396
vn -0.640777 0.156435 -0.751620
vn -0.648758 0.000001 -0.760995
vn -0.874853 0.145537 -0.462008
vn -0.643377 0.156434 -0.749396
vn -0.651358 0.000001 -0.758771
vn -0.882282 0.000000 -0.470721
vn -0.796787 0.000000 0.604260
vn -0.816522 0.000000 0.577314
vn -0.815796 -0.014026 0.578170
vn -0.796334 -0.008817 0.604793
vn -0.816522 0.000000 0.577314
vn -0.965982 -0.000001 0.258609
vn -0.962550 -0.067146 0.262656
vn -0.815796 -0.014026 0.578170
vn -0.815796 -0.014026 0.578170
vn -0.962550 -0.067146 0.262656
vn -0.952365 -0.132644 0.274604
vn -0.813677 -0.027710 0.580656
vn -0.815796 -0.014026 0.578170
vn -0.813677 -0.027710 0.580656
vn -0.795000 -0.017417 0.606360
vn -0.796334 -0.008817 0.604793
vn -0.965982 -0.000001 0.258609
vn -0.997296 -0.000001 0.073491
vn -0.992583 -0.092372 0.079037
vn -0.962550 -0.067146 0.262656
vn -0.997296 -0.000001 0.073491
vn -0.993457 0.000000 -0.114206
vn -0.987625 -0.114341 -0.107344
vn -0.992583 -0.092372 0.079037
vn -0.992583 -0.092372 0.079037
vn -0.987625 -0.114341 -0.107344
vn -0.970270 -0.225866 -0.086956
vn -0.978562 -0.182474 0.095499
vn -0.962550 -0.067146 0.262656
vn -0.992583 -0.092372 0.079037
vn -0.978562 -0.182474 0.095499
vn -0.952365 -0.132644 0.274604
vn -0.993457 0.000000 -0.114206
vn -0.954671 -0.000001 -0.297663
vn -0.947922 -0.132265 -0.289741
vn -0.987625 -0.114341 -0.107344
vn -0.954671 -0.000001 -0.297663
vn -0.882282 0.000000 -0.470721
vn -0.874856 -0.145542 -0.462000
vn -0.947922 -0.132265 -0.289741
vn -0.947922 -0.132265 -0.289741
vn -0.874856 -0.145542 -0.462000
vn -0.852766 -0.287497 -0.436045
vn -0.927846 -0.261271 -0.266157
vn -0.987625 -0.114341 -0.107344
vn -0.947922 -0.132265 -0.289741
vn -0.927846 -0.261271 -0.266157
vn -0.970270 -0.225866 -0.086956
vn -0.882282 0.000000 -0.470721
vn -0.651358 0.000001 -0.758771
vn -0.643377 -0.156433 -0.749396
vn -0.874856 -0.145542 -0.462000
vn -0.640777 -0.156435 -0.751620
vn -0.643377 -0.156433 -0.749396
vn -0.651358 0.000001 -0.758771
vn -0.648758 0.000001 -0.760995
vn -0.619632 -0.309014 -0.721503
vn -0.643377 -0.156433 -0.749396
vn -0.640777 -0.156435 -0.751620
vn -0.617032 -0.309017 -0.723726
vn -0.874856 -0.145542 -0.462000
vn -0.643377 -0.156433 -0.749396
vn -0.619632 -0.309014 -0.721503
vn -0.852766 -0.287497 -0.436045
vn -0.795000 -0.017417 0.606360
vn -0.813677 -0.027710 0.580656
vn -0.810177 -0.040704 0.584770
vn -0.792802 -0.025587 0.608942
vn -0.813677 -0.027710 0.580656
vn -0.952365 -0.132644 0.274604
vn -0.935651 -0.194863 0.294253
vn -0.810177 -0.040704 0.584770
vn -0.810177 -0.040704 0.584770
vn -0.935651 -0.194863 0.294253
vn -0.912842 -0.252304 0.321032
vn -0.805421 -0.052710 0.590355
vn -0.810177 -0.040704 0.584770
vn -0.805421 -0.052710 0.590355
vn -0.789810 -0.033131 0.612457
vn -0.792802 -0.025587 0.608942
vn -0.952365 -0.132644 0.274604
vn -0.978562 -0.182474 0.095499
vn -0.955576 -0.268077 0.122513
vn -0.935651 -0.194863 0.294253
vn -0.978562 -0.182474 0.095499
vn -0.970270 -0.225866 -0.086956
vn -0.941819 -0.331829 -0.053534
vn -0.955576 -0.268077 0.122513
vn -0.955576 -0.268077 0.122513
vn -0.941819 -0.331829 -0.053534
vn -0.902974 -0.429622 -0.007903
vn -0.924193 -0.347085 0.159369
vn -0.935651 -0.194863 0.294253
vn -0.955576 -0.268077 0.122513
vn -0.924193 -0.347085 0.159369
vn -0.912842 -0.252304 0.321032
vn -0.970270 -0.225866 -0.086956
vn -0.927846 -0.261271 -0.266157
vn -0.894932 -0.383849 -0.227500
vn -0.941819 -0.331829 -0.053534
vn -0.927846 -0.261271 -0.266157
vn -0.852766 -0.287497 -0.436045
vn -0.816552 -0.422368 -0.393509
vn -0.894932 -0.383849 -0.227500
vn -0.894932 -0.383849 -0.227500
vn -0.816552 -0.422368 -0.393509
vn -0.767110 -0.546841 -0.335422
vn -0.850002 -0.496965 -0.174705
vn -0.941819 -0.331829 -0.053534
vn -0.894932 -0.383849 -0.227500
vn -0.850002 -0.496965 -0.174705
vn -0.902974 -0.429622 -0.007903
vn -0.852766 -0.287497 -0.436045
vn -0.619632 -0.309014 -0.721503
vn -0.580708 -0.453986 -0.675777
vn -0.816552 -0.422368 -0.393509
vn -0.578108 -0.453990 -0.678001
vn -0.580708 -0.453986 -0.675777
vn -0.619632 -0.309014 -0.721503
vn -0.617032 -0.309017 -0.723726
vn -0.527562 -0.587780 -0.613346
vn -0.580708 -0.453986 -0.675777
vn -0.578108 -0.453990 -0.678001
vn -0.524961 -0.587785 -0.615569
vn -0.816552 -0.422368 -0.393509
vn -0.580708 -0.453986 -0.675777
vn -0.527562 -0.587780 -0.613346
vn -0.767110 -0.546841 -0.335422
vn -0.789810 -0.033131 0.612457
vn -0.805421 -0.052710 0.590355
vn -0.799490 -0.063397 0.597325
vn -0.786083 -0.039850 0.616835
vn -0.805421 -0.052710 0.590355
vn -0.912842 -0.252304 0.321032
vn -0.884486 -0.303505 0.354357
vn -0.799490 -0.063397 0.597325
vn -0.799490 -0.063397 0.597325
vn -0.884486 -0.303505 0.354357
vn -0.851287 -0.347270 0.393336
vn -0.792560 -0.072551 0.605462
vn -0.799490 -0.063397 0.597325
vn -0.792560 -0.072551 0.605462
vn -0.781726 -0.045600 0.621952
vn -0.786083 -0.039850 0.616835
vn -0.912842 -0.252304 0.321032
vn -0.924193 -0.347085 0.159369
vn -0.885188 -0.417534 0.205200
vn -0.884486 -0.303505 0.354357
vn -0.924193 -0.347085 0.159369
vn -0.902974 -0.429622 -0.007903
vn -0.854693 -0.516833 0.048820
vn -0.885188 -0.417534 0.205200
vn -0.885188 -0.417534 0.205200
vn -0.854693 -0.516833 0.048820
vn -0.798159 -0.591323 0.115233
vn -0.839518 -0.477713 0.258843
vn -0.884486 -0.303505 0.354357
vn -0.885188 -0.417534 0.205200
vn -0.839518 -0.477713 0.258843
vn -0.851287 -0.347270 0.393336
vn -0.902974 -0.429622 -0.007903
vn -0.850002 -0.496965 -0.174705
vn -0.794152 -0.597846 -0.109099
vn -0.854693 -0.516833 0.048820
vn -0.850002 -0.496965 -0.174705
vn -0.767110 -0.546841 -0.335422
vn -0.705648 -0.657853 -0.263230
vn -0.794152 -0.597846 -0.109099
vn -0.794152 -0.597846 -0.109099
vn -0.705648 -0.657853 -0.263230
vn -0.633685 -0.752668 -0.178701
vn -0.728759 -0.684010 -0.032279
vn -0.854693 -0.516833 0.048820
vn -0.794152 -0.597846 -0.109099
vn -0.728759 -0.684010 -0.032279
vn -0.798159 -0.591323 0.115233
vn -0.767110 -0.546841 -0.335422
vn -0.527562 -0.587780 -0.613346
vn -0.461502 -0.707102 -0.535745
vn -0.705648 -0.657853 -0.263230
vn -0.458902 -0.707107 -0.537968
vn -0.461502 -0.707102 -0.535745
vn -0.527562 -0.587780 -0.613346
vn -0.524961 -0.587785 -0.615569
vn -0.384158 -0.809011 -0.444887
vn -0.461502 -0.707102 -0.535745
vn -0.458902 -0.707107 -0.537968
vn -0.381557 -0.809017 -0.447109
vn -0.705648 -0.657853 -0.263230
vn -0.461502 -0.707102 -0.535745
vn -0.384158 -0.809011 -0.444887
vn -0.633685 -0.752668 -0.178701
vn -0.781726 -0.045600 0.621952
vn -0.792560 -0.072551 0.605462
vn -0.784779 -0.079886 0.614606
vn -0.776837 -0.050215 0.627697
vn -0.792560 -0.072551 0.605462
vn -0.851287 -0.347270 0.393336
vn -0.814061 -0.382445 0.437082
vn -0.784779 -0.079886 0.614606
vn -0.784779 -0.079886 0.614606
vn -0.814061 -0.382445 0.437082
vn -0.773725 -0.408231 0.484456
vn -0.776357 -0.085286 0.624497
vn -0.784779 -0.079886 0.614606
vn -0.776357 -0.085286 0.624497
vn -0.771542 -0.053607 0.633916
vn -0.776837 -0.050215 0.627697
vn -0.851287 -0.347270 0.393336
vn -0.839518 -0.477713 0.258843
vn -0.788307 -0.526122 0.319009
vn -0.814061 -0.382445 0.437082
vn -0.839518 -0.477713 0.258843
vn -0.798159 -0.591323 0.115233
vn -0.734770 -0.651249 0.189704
vn -0.788307 -0.526122 0.319009
vn -0.788307 -0.526122 0.319009
vn -0.734770 -0.651249 0.189704
vn -0.666077 -0.695149 0.270386
vn -0.732815 -0.561589 0.384188
vn -0.814061 -0.382445 0.437082
vn -0.788307 -0.526122 0.319009
vn -0.732815 -0.561589 0.384188
vn -0.773725 -0.408231 0.484456
vn -0.798159 -0.591323 0.115233
vn -0.728759 -0.684010 -0.032279
vn -0.655426 -0.753337 0.053860
vn -0.734770 -0.651249 0.189704
vn -0.728759 -0.684010 -0.032279
vn -0.633685 -0.752668 -0.178701
vn -0.552989 -0.828951 -0.083924
vn -0.655426 -0.753337 0.053860
vn -0.655426 -0.753337 0.053860
vn -0.552989 -0.828951 -0.083924
vn -0.465570 -0.884812 0.018781
vn -0.575974 -0.804106 0.147198
vn -0.734770 -0.651249 0.189704
vn -0.655426 -0.753337 0.053860
vn -0.575974 -0.804106 0.147198
vn -0.666077 -0.695149 0.270386
vn -0.633685 -0.752668 -0.178701
vn -0.384158 -0.809011 -0.444887
vn -0.297432 -0.890999 -0.343009
vn -0.552989 -0.828951 -0.083924
vn -0.294829 -0.891007 -0.345229
vn -0.297432 -0.890999 -0.343009
vn -0.384158 -0.809011 -0.444887
vn -0.381557 -0.809017 -0.447109
vn -0.203459 -0.951049 -0.232618
vn -0.297432 -0.890999 -0.343009
vn -0.294829 -0.891007 -0.345229
vn -0.200856 -0.951057 -0.234837
vn -0.552989 -0.828951 -0.083924
vn -0.297432 -0.890999 -0.343009
vn -0.203459 -0.951049 -0.232618
vn -0.465570 -0.884812 0.018781
vn -0.771542 -0.053607 0.633916
vn -0.776357 -0.085286 0.624497
vn -0.767487 -0.088553 0.634919
vn -0.765967 -0.055665 0.640466
vn -0.776357 -0.085286 0.624497
vn -0.773725 -0.408231 0.484456
vn -0.731284 -0.423912 0.534343
vn -0.767487 -0.088553 0.634919
vn -0.767487 -0.088553 0.634919
vn -0.731284 -0.423912 0.534343
vn -0.687751 -0.429223 0.585462
vn -0.758394 -0.089675 0.645598
vn -0.767487 -0.088553 0.634919
vn -0.758394 -0.089675 0.645598
vn -0.760252 -0.056364 0.647179
vn -0.765967 -0.055665 0.640466
vn -0.773725 -0.408231 0.484456
vn -0.732815 -0.561589 0.384188
vn -0.674416 -0.583212 0.452799
vn -0.731284 -0.423912 0.534343
vn -0.732815 -0.561589 0.384188
vn -0.666077 -0.695149 0.270386
vn -0.593773 -0.721939 0.355300
vn -0.674416 -0.583212 0.452799
vn -0.674416 -0.583212 0.452799
vn -0.593773 -0.721939 0.355300
vn -0.519652 -0.730941 0.442365
vn -0.614530 -0.590497 0.523130
vn -0.731284 -0.423912 0.534343
vn -0.674416 -0.583212 0.452799
vn -0.614530 -0.590497 0.523130
vn -0.687751 -0.429223 0.585462
vn -0.666077 -0.695149 0.270386
vn -0.575974 -0.804106 0.147198
vn -0.492351 -0.835079 0.245426
vn -0.593773 -0.721939 0.355300
vn -0.575974 -0.804106 0.147198
vn -0.465570 -0.884812 0.018781
vn -0.373562 -0.918888 0.126874
vn -0.492351 -0.835079 0.245426
vn -0.492351 -0.835079 0.245426
vn -0.373562 -0.918888 0.126874
vn -0.279234 -0.930336 0.237703
vn -0.406621 -0.845485 0.346144
vn -0.593773 -0.721939 0.355300
vn -0.492351 -0.835079 0.245426
vn -0.406621 -0.845485 0.346144
vn -0.519652 -0.730941 0.442365
vn -0.465570 -0.884812 0.018781
vn -0.203459 -0.951049 -0.232618
vn -0.104556 -0.987680 -0.116434
vn -0.373562 -0.918888 0.126874
vn -0.101951 -0.987688 -0.118652
vn -0.104556 -0.987680 -0.116434
vn -0.203459 -0.951049 -0.232618
vn -0.200856 -0.951057 -0.234837
vn -0.003153 -0.999991 0.002685
vn -0.104556 -0.987680 -0.116434
vn -0.101951 -0.987688 -0.118652
vn -0.000549 -1.000000 0.000467
vn -0.373562 -0.918888 0.126874
vn -0.104556 -0.987680 -0.116434
vn -0.003153 -0.999991 0.002685
vn -0.279234 -0.930336 0.237703
vn -0.760252 -0.056364 0.647179
vn -0.758394 -0.089675 0.645598
vn -0.749304 -0.088552 0.656279
vn -0.754537 -0.055664 0.653893
vn -0.758394 -0.089675 0.645598
vn -0.687751 -0.429223 0.585462
vn -0.644230 -0.423932 0.636592
vn -0.749304 -0.088552 0.656279
vn -0.749304 -0.088552 0.656279
vn -0.644230 -0.423932 0.636592
vn -0.601766 -0.408227 0.686461
vn -0.740431 -0.085286 0.666699
vn -0.749304 -0.088552 0.656279
vn -0.740431 -0.085286 0.666699
vn -0.748961 -0.053608 0.660442
vn -0.754537 -0.055664 0.653893
vn -0.687751 -0.429223 0.585462
vn -0.614530 -0.590497 0.523130
vn -0.554657 -0.583222 0.593472
vn -0.644230 -0.423932 0.636592
vn -0.614530 -0.590497 0.523130
vn -0.519652 -0.730941 0.442365
vn -0.445543 -0.721931 0.529441
vn -0.554657 -0.583222 0.593472
vn -0.554657 -0.583222 0.593472
vn -0.445543 -0.721931 0.529441
vn -0.373254 -0.695154 0.614364
vn -0.496252 -0.561592 0.662079
vn -0.644230 -0.423932 0.636592
vn -0.554657 -0.583222 0.593472
vn -0.496252 -0.561592 0.662079
vn -0.601766 -0.408227 0.686461
vn -0.519652 -0.730941 0.442365
vn -0.406621 -0.845485 0.346144
vn -0.320890 -0.835071 0.446862
vn -0.445543 -0.721931 0.529441
vn -0.406621 -0.845485 0.346144
vn -0.279234 -0.930336 0.237703
vn -0.184890 -0.918884 0.348523
vn -0.320890 -0.835071 0.446862
vn -0.320890 -0.835071 0.446862
vn -0.184890 -0.918884 0.348523
vn -0.092871 -0.884805 0.456612
vn -0.237264 -0.804100 0.545096
vn -0.445543 -0.721931 0.529441
vn -0.320890 -0.835071 0.446862
vn -0.237264 -0.804100 0.545096
vn -0.373254 -0.695154 0.614364
vn -0.279234 -0.930336 0.237703
vn -0.003153 -0.999991 0.002685
vn 0.098248 -0.987680 0.121803
vn -0.184890 -0.918884 0.348523
vn 0.100854 -0.987688 0.119586
vn 0.098248 -0.987680 0.121803
vn -0.003153 -0.999991 0.002685
vn -0.000549 -1.000000 0.000467
vn 0.197152 -0.951049 0.237987
vn 0.098248 -0.987680 0.121803
vn 0.100854 -0.987688 0.119586
vn 0.199759 -0.951056 0.235771
vn -0.184890 -0.918884 0.348523
vn 0.098248 -0.987680 0.121803
vn 0.197152 -0.951049 0.237987
vn -0.092871 -0.884805 0.456612
vn -0.748961 -0.053608 0.660442
vn -0.740431 -0.085286 0.666699
vn -0.732011 -0.079884 0.676593
vn -0.743666 -0.050217 0.666663
vn -0.740431 -0.085286 0.666699
vn -0.601766 -0.408227 0.686461
vn -0.561445 -0.382433 0.733843
vn -0.732011 -0.079884 0.676593
vn -0.732011 -0.079884 0.676593
vn -0.561445 -0.382433 0.733843
vn -0.524205 -0.347261 0.777572
vn -0.724228 -0.072548 0.685734
vn -0.732011 -0.079884 0.676593
vn -0.724228 -0.072548 0.685734
vn -0.738776 -0.045600 0.672407
vn -0.743666 -0.050217 0.666663
vn -0.601766 -0.408227 0.686461
vn -0.496252 -0.561592 0.662079
vn -0.440769 -0.526126 0.727265
vn -0.561445 -0.382433 0.733843
vn -0.496252 -0.561592 0.662079
vn -0.373254 -0.695154 0.614364
vn -0.304569 -0.651261 0.695052
vn -0.440769 -0.526126 0.727265
vn -0.440769 -0.526126 0.727265
vn -0.304569 -0.651261 0.695052
vn -0.241173 -0.591336 0.769518
vn -0.389549 -0.477720 0.787423
vn -0.561445 -0.382433 0.733843
vn -0.440769 -0.526126 0.727265
vn -0.389549 -0.477720 0.787423
vn -0.524205 -0.347261 0.777572
vn -0.373254 -0.695154 0.614364
vn -0.237264 -0.804100 0.545096
vn -0.157805 -0.753335 0.638423
vn -0.304569 -0.651261 0.695052
vn -0.237264 -0.804100 0.545096
vn -0.092871 -0.884805 0.456612
vn -0.005440 -0.828940 0.559311
vn -0.157805 -0.753335 0.638423
vn -0.157805 -0.753335 0.638423
vn -0.005440 -0.828940 0.559311
vn 0.075240 -0.752660 0.654096
vn -0.084481 -0.684014 0.724560
vn -0.304569 -0.651261 0.695052
vn -0.157805 -0.753335 0.638423
vn -0.084481 -0.684014 0.724560
vn -0.241173 -0.591336 0.769518
vn -0.092871 -0.884805 0.456612
vn 0.197152 -0.951049 0.237987
vn 0.291125 -0.890999 0.348378
vn -0.005440 -0.828940 0.559311
vn 0.293732 -0.891007 0.346163
vn 0.291125 -0.890999 0.348378
vn 0.197152 -0.951049 0.237987
vn 0.199759 -0.951056 0.235771
vn 0.377852 -0.809010 0.450257
vn 0.291125 -0.890999 0.348378
vn 0.293732 -0.891007 0.346163
vn 0.380460 -0.809017 0.448043
vn -0.005440 -0.828940 0.559311
vn 0.291125 -0.890999 0.348378
vn 0.377852 -0.809010 0.450257
vn 0.075240 -0.752660 0.654096
vn -0.738776 -0.045600 0.672407
vn -0.724228 -0.072548 0.685734
vn -0.717301 -0.063396 0.693873
vn -0.734420 -0.039850 0.677525
vn -0.724228 -0.072548 0.685734
vn -0.524205 -0.347261 0.777572
vn -0.491022 -0.303502 0.816568
vn -0.717301 -0.063396 0.693873
vn -0.717301 -0.063396 0.693873
vn -0.491022 -0.303502 0.816568
vn -0.462653 -0.252296 0.849882
vn -0.711368 -0.052709 0.700841
vn -0.717301 -0.063396 0.693873
vn -0.711368 -0.052709 0.700841
vn -0.730693 -0.033131 0.681902
vn -0.734420 -0.039850 0.677525
vn -0.524205 -0.347261 0.777572
vn -0.389549 -0.477720 0.787423
vn -0.343886 -0.417535 0.841075
vn -0.491022 -0.303502 0.816568
vn -0.389549 -0.477720 0.787423
vn -0.241173 -0.591336 0.769518
vn -0.184639 -0.516845 0.835930
vn -0.343886 -0.417535 0.841075
vn -0.343886 -0.417535 0.841075
vn -0.184639 -0.516845 0.835930
vn -0.136352 -0.429634 0.892649
vn -0.304870 -0.347087 0.886896
vn -0.491022 -0.303502 0.816568
vn -0.343886 -0.417535 0.841075
vn -0.304870 -0.347087 0.886896
vn -0.462653 -0.252296 0.849882
vn -0.241173 -0.591336 0.769518
vn -0.084481 -0.684014 0.724560
vn -0.019087 -0.597851 0.801380
vn -0.184639 -0.516845 0.835930
vn -0.084481 -0.684014 0.724560
vn 0.075240 -0.752660 0.654096
vn 0.147200 -0.657853 0.738622
vn -0.019087 -0.597851 0.801380
vn -0.019087 -0.597851 0.801380
vn 0.147200 -0.657853 0.738622
vn 0.208657 -0.546838 0.810821
vn 0.036764 -0.496960 0.866994
vn -0.184639 -0.516845 0.835930
vn -0.019087 -0.597851 0.801380
vn 0.036764 -0.496960 0.866994
vn -0.136352 -0.429634 0.892649
vn 0.075240 -0.752660 0.654096
vn 0.377852 -0.809010 0.450257
vn 0.455196 -0.707100 0.541115
vn 0.147200 -0.657853 0.738622
vn 0.457805 -0.707106 0.538902
vn 0.455196 -0.707100 0.541115
vn 0.377852 -0.809010 0.450257
vn 0.380460 -0.809017 0.448043
vn 0.521255 -0.587780 0.618715
vn 0.455196 -0.707100 0.541115
vn 0.457805 -0.707106 0.538902
vn 0.523864 -0.587785 0.616503
vn 0.147200 -0.657853 0.738622
vn 0.455196 -0.707100 0.541115
vn 0.521255 -0.587780 0.618715
vn 0.208657 -0.546838 0.810821
vn -0.730693 -0.033131 0.681902
vn -0.711368 -0.052709 0.700841
vn -0.706614 -0.040703 0.706428
vn -0.727702 -0.025586 0.685416
vn -0.711368 -0.052709 0.700841
vn -0.462653 -0.252296 0.849882
vn -0.439858 -0.194861 0.876672
vn -0.706614 -0.040703 0.706428
vn -0.706614 -0.040703 0.706428
vn -0.439858 -0.194861 0.876672
vn -0.423127 -0.132642 0.896309
vn -0.703111 -0.027711 0.710540
vn -0.706614 -0.040703 0.706428
vn -0.703111 -0.027711 0.710540
vn -0.725504 -0.017417 0.687998
vn -0.727702 -0.025586 0.685416
vn -0.462653 -0.252296 0.849882
vn -0.304870 -0.347087 0.886896
vn -0.273497 -0.268078 0.923761
vn -0.439858 -0.194861 0.876672
vn -0.304870 -0.347087 0.886896
vn -0.136352 -0.429634 0.892649
vn -0.097509 -0.331834 0.938285
vn -0.273497 -0.268078 0.923761
vn -0.273497 -0.268078 0.923761
vn -0.097509 -0.331834 0.938285
vn -0.069059 -0.225867 0.971707
vn -0.250505 -0.182473 0.950763
vn -0.439858 -0.194861 0.876672
vn -0.273497 -0.268078 0.923761
vn -0.250505 -0.182473 0.950763
vn -0.423127 -0.132642 0.896309
vn -0.136352 -0.429634 0.892649
vn 0.036764 -0.496960 0.866994
vn 0.081704 -0.383840 0.919778
vn -0.097509 -0.331834 0.938285
vn 0.036764 -0.496960 0.866994
vn 0.208657 -0.546838 0.810821
vn 0.258105 -0.422361 0.868903
vn 0.081704 -0.383840 0.919778
vn 0.081704 -0.383840 0.919778
vn 0.258105 -0.422361 0.868903
vn 0.294311 -0.287492 0.911444
vn 0.114611 -0.261267 0.958438
vn -0.097509 -0.331834 0.938285
vn 0.081704 -0.383840 0.919778
vn 0.114611 -0.261267 0.958438
vn -0.069059 -0.225867 0.971707
vn 0.208657 -0.546838 0.810821
vn 0.521255 -0.587780 0.618715
vn 0.574401 -0.453986 0.681147
vn 0.258105 -0.422361 0.868903
vn 0.577010 -0.453990 0.678935
vn 0.574401 -0.453986 0.681147
vn 0.521255 -0.587780 0.618715
vn 0.523864 -0.587785 0.616503
vn 0.613325 -0.309014 0.726872
vn 0.574401 -0.453986 0.681147
vn 0.577010 -0.453990 0.678935
vn 0.615935 -0.309017 0.724660
vn 0.258105 -0.422361 0.868903
vn 0.574401 -0.453986 0.681147
vn 0.613325 -0.309014 0.726872
vn 0.294311 -0.287492 0.911444
vn -0.725504 -0.017417 0.687998
vn -0.703111 -0.027711 0.710540
vn -0.700994 -0.014025 0.713029
vn -0.724170 -0.008816 0.689565
vn -0.703111 -0.027711 0.710540
vn -0.423127 -0.132642 0.896309
vn -0.412957 -0.067145 0.908272
vn -0.700994 -0.014025 0.713029
vn -0.700994 -0.014025 0.713029
vn -0.412957 -0.067145 0.908272
vn -0.409509 -0.000001 0.912306
vn -0.700266 0.000000 0.713882
vn -0.700994 -0.014025 0.713029
vn -0.700266 0.000000 0.713882
vn -0.723715 0.000001 0.690099
vn -0.724170 -0.008816 0.689565
vn -0.423127 -0.132642 0.896309
vn -0.250505 -0.182473 0.950763
vn -0.236493 -0.092371 0.967233
vn -0.412957 -0.067145 0.908272
vn -0.250505 -0.182473 0.950763
vn -0.069059 -0.225867 0.971707
vn -0.051706 -0.114341 0.992095
vn -0.236493 -0.092371 0.967233
vn -0.236493 -0.092371 0.967233
vn -0.051706 -0.114341 0.992095
vn -0.045869 0.000000 0.998947
vn -0.231766 0.000000 0.972772
vn -0.412957 -0.067145 0.908272
vn -0.236493 -0.092371 0.967233
vn -0.231766 0.000000 0.972772
vn -0.409509 -0.000001 0.912306
vn -0.069059 -0.225867 0.971707
vn 0.114611 -0.261267 0.958438
vn 0.134689 -0.132263 0.982021
vn -0.051706 -0.114341 0.992095
vn 0.114611 -0.261267 0.958438
vn 0.294311 -0.287492 0.911444
vn 0.316407 -0.145538 0.937393
vn 0.134689 -0.132263 0.982021
vn 0.134689 -0.132263 0.982021
vn 0.316407 -0.145538 0.937393
vn 0.323829 0.000000 0.946116
vn 0.141434 0.000000 0.989948
vn -0.051706 -0.114341 0.992095
vn 0.134689 -0.132263 0.982021
vn 0.141434 0.000000 0.989948
vn -0.045869 0.000000 0.998947
vn 0.294311 -0.287492 0.911444
vn 0.613325 -0.309014 0.726872
vn 0.637070 -0.156433 0.754765
vn 0.316407 -0.145538 0.937393
vn 0.639680 -0.156435 0.752554
vn 0.637070 -0.156433 0.754765
vn 0.613325 -0.309014 0.726872
vn 0.615935 -0.309017 0.724660
vn 0.645051 0.000000 0.764140
vn 0.637070 -0.156433 0.754765
vn 0.639680 -0.156435 0.752554
vn 0.647661 0.000000 0.761929
vn 0.316407 -0.145538 0.937393
vn 0.637070 -0.156433 0.754765
vn 0.645051 0.000000 0.764140
vn 0.323829 0.000000 0.946116
vn -0.723715 0.000001 0.690099
vn -0.700266 0.000000 0.713882
vn -0.700995 0.014025 0.713028
vn -0.724170 0.008816 0.689565
vn -0.700266 0.000000 0.713882
vn -0.409509 -0.000001 0.912306
vn -0.412954 0.067145 0.908273
vn -0.700995 0.014025 0.713028
vn -0.700995 0.014025 0.713028
vn -0.412954 0.067145 0.908273
vn -0.423125 0.132646 0.896309
vn -0.703111 0.027711 0.710540
vn -0.700995 0.014025 0.713028
vn -0.703111 0.027711 0.710540
vn -0.725503 0.017417 0.687998
vn -0.724170 0.008816 0.689565
vn -0.409509 -0.000001 0.912306
vn -0.231766 0.000000 0.972772
vn -0.236492 0.092371 0.967233
vn -0.412954 0.067145 0.908273
vn -0.231766 0.000000 0.972772
vn -0.045869 0.000000 0.998947
vn -0.051706 0.114341 0.992095
vn -0.236492 0.092371 0.967233
vn -0.236492 0.092371 0.967233
vn -0.051706 0.114341 0.992095
vn -0.069060 0.225866 0.971707
vn -0.250502 0.182475 0.950764
vn -0.412954 0.067145 0.908273
vn -0.236492 0.092371 0.967233
vn -0.250502 0.182475 0.950764
vn -0.423125 0.132646 0.896309
vn -0.045869 0.000000 0.998947
vn 0.141434 0.000000 0.989948
vn 0.134690 0.132263 0.982021
vn -0.051706 0.114341 0.992095
vn 0.141434 0.000000 0.989948
vn 0.323829 0.000000 0.946116
vn 0.316405 0.145538 0.937394
vn 0.134690 0.132263 0.982021
vn 0.134690 0.132263 0.982021
vn 0.316405 0.145538 0.937394
vn 0.294307 0.287494 0.911444
vn 0.114609 0.261271 0.958437
vn -0.051706 0.114341 0.992095
vn 0.134690 0.132263 0.982021
vn 0.114609 0.261271 0.958437
vn -0.069060 0.225866 0.971707
vn 0.323829 0.000000 0.946116
vn 0.645051 0.000000 0.764140
vn 0.637070 0.156433 0.754765
vn 0.316405 0.145538 0.937394
vn 0.639680 0.156434 0.752554
vn 0.637070 0.156433 0.754765
vn 0.645051 0.000000 0.764140
vn 0.647661 0.000000 0.761929
vn 0.613325 0.309014 0.726872
vn 0.637070 0.156433 0.754765
vn 0.639680 0.156434 0.752554
vn 0.615935 0.309017 0.724660
vn 0.316405 0.145538 0.937394
vn 0.637070 0.156433 0.754765
vn 0.613325 0.309014 0.726872
vn 0.294307 0.287494 0.911444
vn -0.725503 0.017417 0.687998
vn -0.703111 0.027711 0.710540
vn -0.706614 0.040703 0.706428
vn -0.727702 0.025587 0.685416
vn -0.703111 0.027711 0.710540
vn -0.423125 0.132646 0.896309
vn -0.439859 0.194863 0.876671
vn -0.706614 0.040703 0.706428
vn -0.706614 0.040703 0.706428
vn -0.439859 0.194863 0.876671
vn -0.462650 0.252301 0.849882
vn -0.711368 0.052709 0.700841
vn -0.706614 0.040703 0.706428
vn -0.711368 0.052709 0.700841
vn -0.730693 0.033131 0.681902
vn -0.727702 0.025587 0.685416
vn -0.423125 0.132646 0.896309
vn -0.250502 0.182475 0.950764
vn -0.273496 0.268080 0.923760
vn -0.439859 0.194863 0.876671
vn -0.250502 0.182475 0.950764
vn -0.069060 0.225866 0.971707
vn -0.097512 0.331833 0.938285
vn -0.273496 0.268080 0.923760
vn -0.273496 0.268080 0.923760
vn -0.097512 0.331833 0.938285
vn -0.136357 0.429627 0.892652
vn -0.304872 0.347085 0.886897
vn -0.439859 0.194863 0.876671
vn -0.273496 0.268080 0.923760
vn -0.304872 0.347085 0.886897
vn -0.462650 0.252301 0.849882
vn -0.069060 0.225866 0.971707
vn 0.114609 0.261271 0.958437
vn 0.081703 0.383844 0.919776
vn -0.097512 0.331833 0.938285
vn 0.114609 0.261271 0.958437
vn 0.294307 0.287494 0.911444
vn 0.258101 0.422362 0.868904
vn 0.081703 0.383844 0.919776
vn 0.081703 0.383844 0.919776
vn 0.258101 0.422362 0.868904
vn 0.208654 0.546837 0.810823
vn 0.036767 0.496964 0.866992
vn -0.097512 0.331833 0.938285
vn 0.081703 0.383844 0.919776
vn 0.036767 0.496964 0.866992
vn -0.136357 0.429627 0.892652
vn 0.294307 0.287494 0.911444
vn 0.613325 0.309014 0.726872
vn 0.574400 0.453987 0.681146
vn 0.258101 0.422362 0.868904
vn 0.577010 0.453991 0.678934
vn 0.574400 0.453987 0.681146
vn 0.613325 0.309014 0.726872
vn 0.615935 0.309017 0.724660
vn 0.521255 0.587780 0.618715
vn 0.574400 0.453987 0.681146
vn 0.577010 0.453991 0.678934
vn 0.523864 0.587785 0.616502
vn 0.258101 0.422362 0.868904
vn 0.574400 0.453987 0.681146
vn 0.521255 0.587780 0.618715
vn 0.208654 0.546837 0.810823
vn -0.730693 0.033131 0.681902
vn -0.711368 0.052709 0.700841
vn -0.717301 0.063396 0.693873
vn -0.734420 0.039850 0.677525
vn -0.711368 0.052709 0.700841
vn -0.462650 0.252301 0.849882
vn -0.491019 0.303505 0.816569
vn -0.717301 0.063396 0.693873
vn -0.717301 0.063396 0.693873
vn -0.491019 0.303505 0.816569
vn -0.524202 0.347265 0.777573
vn -0.724228 0.072548 0.685734
vn -0.717301 0.063396 0.693873
vn -0.724228 0.072548 0.685734
vn -0.738777 0.045600 0.672406
vn -0.734420 0.039850 0.677525
vn -0.462650 0.252301 0.849882
vn -0.304872 0.347085 0.886897
vn -0.343888 0.417534 0.841075
vn -0.491019 0.303505 0.816569
vn -0.304872 0.347085 0.886897
vn -0.136357 0.429627 0.892652
vn -0.184643 0.516837 0.835934
vn -0.343888 0.417534 0.841075
vn -0.343888 0.417534 0.841075
vn -0.184643 0.516837 0.835934
vn -0.241172 0.591332 0.769521
vn -0.389548 0.477720 0.787423
vn -0.491019 0.303505 0.816569
vn -0.343888 0.417534 0.841075
vn -0.389548 0.477720 0.787423
vn -0.524202 0.347265 0.777573
vn -0.136357 0.429627 0.892652
vn 0.036767 0.496964 0.866992
vn -0.019082 0.597851 0.801380
vn -0.184643 0.516837 0.835934
vn 0.036767 0.496964 0.866992
vn 0.208654 0.546837 0.810823
vn 0.147199 0.657853 0.738622
vn -0.019082 0.597851 0.801380
vn -0.019082 0.597851 0.801380
vn 0.147199 0.657853 0.738622
vn 0.075239 0.752661 0.654095
vn -0.084479 0.684015 0.724560
vn -0.184643 0.516837 0.835934
vn -0.019082 0.597851 0.801380
vn -0.084479 0.684015 0.724560
vn -0.241172 0.591332 0.769521
vn 0.208654 0.546837 0.810823
vn 0.521255 0.587780 0.618715
vn 0.455196 0.707100 0.541115
vn 0.147199 0.657853 0.738622
vn 0.457805 0.707106 0.538902
vn 0.455196 0.707100 0.541115
vn 0.521255 0.587780 0.618715
vn 0.523864 0.587785 0.616502
vn 0.377851 0.809010 0.450257
vn 0.455196 0.707100 0.541115
vn 0.457805 0.707106 0.538902
vn 0.380459 0.809017 0.448043
vn 0.147199 0.657853 0.738622
vn 0.455196 0.707100 0.541115
vn 0.377851 0.809010 0.450257
vn 0.075239 0.752661 0.654095
vn -0.738777 0.045600 0.672406
vn -0.724228 0.072548 0.685734
vn -0.732011 0.079884 0.676593
vn -0.743667 0.050216 0.666662
vn -0.724228 0.072548 0.685734
vn -0.524202 0.347265 0.777573
vn -0.561443 0.382435 0.733842
vn -0.732011 0.079884 0.676593
vn -0.732011 0.079884 0.676593
vn -0.561443 0.382435 0.733842
vn -0.601763 0.408231 0.686461
vn -0.740431 0.085285 0.666699
vn -0.732011 0.079884 0.676593
vn -0.740431 0.085285 0.666699
vn -0.748961 0.053605 0.660443
vn -0.743667 0.050216 0.666662
vn -0.524202 0.347265 0.777573
vn -0.389548 0.477720 0.787423
vn -0.440764 0.526129 0.727266
vn -0.561443 0.382435 0.733842
vn -0.389548 0.477720 0.787423
vn -0.241172 0.591332 0.769521
vn -0.304566 0.651263 0.695051
vn -0.440764 0.526129 0.727266
vn -0.440764 0.526129 0.727266
vn -0.304566 0.651263 0.695051
vn -0.373254 0.695154 0.614364
vn -0.496247 0.561594 0.662081
vn -0.561443 0.382435 0.733842
vn -0.440764 0.526129 0.727266
vn -0.496247 0.561594 0.662081
vn -0.601763 0.408231 0.686461
vn -0.241172 0.591332 0.769521
vn -0.084479 0.684015 0.724560
vn -0.157806 0.753337 0.638421
vn -0.304566 0.651263 0.695051
vn -0.084479 0.684015 0.724560
vn 0.075239 0.752661 0.654095
vn -0.005439 0.828938 0.559314
vn -0.157806 0.753337 0.638421
vn -0.157806 0.753337 0.638421
vn -0.005439 0.828938 0.559314
vn -0.092871 0.884806 0.456610
vn -0.237261 0.804107 0.545086
vn -0.304566 0.651263 0.695051
vn -0.157806 0.753337 0.638421
vn -0.237261 0.804107 0.545086
vn -0.373254 0.695154 0.614364
vn 0.075239 0.752661 0.654095
vn 0.377851 0.809010 0.450257
vn 0.291124 0.891000 0.348377
vn -0.005439 0.828938 0.559314
vn 0.293732 0.891007 0.346163
vn 0.291124 0.891000 0.348377
vn 0.377851 0.809010 0.450257
vn 0.380459 0.809017 0.448043
vn 0.197153 0.951048 0.237987
vn 0.291124 0.891000 0.348377
vn 0.293732 0.891007 0.346163
vn 0.199759 0.951056 0.235771
vn -0.005439 0.828938 0.559314
vn 0.291124 0.891000 0.348377
vn 0.197153 0.951048 0.237987
vn -0.092871 0.884806 0.456610
vn -0.748961 0.053605 0.660443
vn -0.740431 0.085285 0.666699
vn -0.749304 0.088554 0.656279
vn -0.754537 0.055663 0.653893
vn -0.740431 0.085285 0.666699
vn -0.601763 0.408231 0.686461
vn -0.644227 0.423940 0.636590
vn -0.749304 0.088554 0.656279
vn -0.749304 0.088554 0.656279
vn -0.644227 0.423940 0.636590
vn -0.687747 0.429233 0.585459
vn -0.758394 0.089677 0.645598
vn -0.749304 0.088554 0.656279
vn -0.758394 0.089677 0.645598
vn -0.760251 0.056365 0.647179
vn -0.754537 0.055663 0.653893
vn -0.601763 0.408231 0.686461
vn -0.496247 0.561594 0.662081
vn -0.554653 0.583226 0.593471
vn -0.644227 0.423940 0.636590
vn -0.496247 0.561594 0.662081
vn -0.373254 0.695154 0.614364
vn -0.445547 0.721926 0.529444
vn -0.554653 0.583226 0.593471
vn -0.554653 0.583226 0.593471
vn -0.445547 0.721926 0.529444
vn -0.519658 0.730935 0.442369
vn -0.614525 0.590508 0.523124
vn -0.644227 0.423940 0.636590
vn -0.554653 0.583226 0.593471
vn -0.614525 0.590508 0.523124
vn -0.687747 0.429233 0.585459
vn -0.373254 0.695154 0.614364
vn -0.237261 0.804107 0.545086
vn -0.320882 0.835081 0.446849
vn -0.445547 0.721926 0.529444
vn -0.237261 0.804107 0.545086
vn -0.092871 0.884806 0.456610
vn -0.184887 0.918887 0.348516
vn -0.320882 0.835081 0.446849
vn -0.320882 0.835081 0.446849
vn -0.184887 0.918887 0.348516
vn -0.279233 0.930337 0.237704
vn -0.406611 0.845491 0.346139
vn -0.445547 0.721926 0.529444
vn -0.320882 0.835081 0.446849
vn -0.406611 0.845491 0.346139
vn -0.519658 0.730935 0.442369
vn -0.092871 0.884806 0.456610
vn 0.197153 0.951048 0.237987
vn 0.098248 0.987680 0.121803
vn -0.184887 0.918887 0.348516
vn 0.100854 0.987688 0.119586
vn 0.098248 0.987680 0.121803
vn 0.197153 0.951048 0.237987
vn 0.199759 0.951056 0.235771
vn -0.003153 0.999991 0.002685
vn 0.098248 0.987680 0.121803
vn 0.100854 0.987688 0.119586
vn -0.000548 1.000000 0.000468
vn -0.184887 0.918887 0.348516
vn 0.098248 0.987680 0.121803
vn -0.003153 0.999991 0.002685
vn -0.279233 0.930337 0.237704
vn -0.126409 0.946680 -0.296341
vn -0.112889 0.944953 -0.307115
vn -0.014637 0.981352 -0.191660
vn -0.027961 0.983143 -0.180690
vn -0.112889 0.944953 -0.307115
vn 0.402276 0.667039 -0.627082
vn 0.471569 0.692821 -0.545547
vn -0.014637 0.981352 -0.191660
vn -0.014637 0.981352 -0.191660
vn 0.471569 0.692821 -0.545547
vn 0.542769 0.701369 -0.462042
vn 0.086133 0.993582 -0.073322
vn -0.014637 0.981352 -0.191660
vn 0.086133 0.993582 -0.073322
vn 0.072976 0.995397 -0.062123
vn -0.027961 0.983143 -0.180690
vn 0.402276 0.667039 -0.627082
vn 0.754047 0.033028 -0.655990
vn 0.757479 0.034316 -0.651957
vn 0.471569 0.692821 -0.545547
vn 0.471569 0.692821 -0.545547
vn 0.757479 0.034316 -0.651957
vn 0.761002 0.034728 -0.647819
vn 0.542769 0.701369 -0.462042
vn 0.754047 0.033028 -0.655990
vn 0.402276 0.667039 -0.627082
vn 0.336268 0.625005 -0.704480
vn 0.750777 0.030957 -0.659830
vn 0.750777 0.030957 -0.659830
vn 0.336268 0.625005 -0.704480
vn 0.275536 0.567418 -0.775962
vn 0.747771 0.028096 -0.663362
vn 0.402276 0.667039 -0.627082
vn -0.112889 0.944953 -0.307115
vn -0.206279 0.885291 -0.416784
vn 0.336268 0.625005 -0.704480
vn -0.206279 0.885291 -0.416784
vn -0.112889 0.944953 -0.307115
vn -0.126409 0.946680 -0.296341
vn -0.219951 0.886906 -0.406225
vn -0.292431 0.803824 -0.518026
vn -0.206279 0.885291 -0.416784
vn -0.219951 0.886906 -0.406225
vn -0.306282 0.805292 -0.507638
vn 0.336268 0.625005 -0.704480
vn -0.206279 0.885291 -0.416784
vn -0.292431 0.803824 -0.518026
vn 0.275536 0.567418 -0.775962
vn 0.747771 0.028096 -0.663362
vn 0.275536 0.567418 -0.775962
vn 0.221190 0.496006 -0.839675
vn 0.745078 0.024568 -0.666525
vn 0.745078 0.024568 -0.666525
vn 0.221190 0.496006 -0.839675
vn 0.174951 0.412259 -0.894111
vn 0.742791 0.020412 -0.669213
vn 0.275536 0.567418 -0.775962
vn -0.292431 0.803824 -0.518026
vn -0.369300 0.702571 -0.608286
vn 0.221190 0.496006 -0.839675
vn -0.369300 0.702571 -0.608286
vn -0.292431 0.803824 -0.518026
vn -0.306282 0.805292 -0.507638
vn -0.383273 0.703851 -0.598076
vn -0.434914 0.584014 -0.685403
vn -0.369300 0.702571 -0.608286
vn -0.383273 0.703851 -0.598076
vn -0.449023 0.585081 -0.675322
vn 0.221190 0.496006 -0.839675
vn -0.369300 0.702571 -0.608286
vn -0.434914 0.584014 -0.685403
vn 0.174951 0.412259 -0.894111
vn 0.742791 0.020412 -0.669213
vn 0.174951 0.412259 -0.894111
vn 0.137565 0.318458 -0.937902
vn 0.740935 0.015774 -0.671392
vn 0.740935 0.015774 -0.671392
vn 0.137565 0.318458 -0.937902
vn 0.110384 0.216737 -0.969969
vn 0.739593 0.010732 -0.672969
vn 0.174951 0.412259 -0.894111
vn -0.434914 0.584014 -0.685403
vn -0.487741 0.451077 -0.747421
vn 0.137565 0.318458 -0.937902
vn -0.487741 0.451077 -0.747421
vn -0.434914 0.584014 -0.685403
vn -0.449023 0.585081 -0.675322
vn -0.501926 0.451900 -0.737466
vn -0.526396 0.307034 -0.792867
vn -0.487741 0.451077 -0.747421
vn -0.501926 0.451900 -0.737466
vn -0.540670 0.307595 -0.782983
vn 0.137565 0.318458 -0.937902
vn -0.487741 0.451077 -0.747421
vn -0.526396 0.307034 -0.792867
vn 0.110384 0.216737 -0.969969
vn 0.739593 0.010732 -0.672969
vn 0.110384 0.216737 -0.969969
vn 0.093616 0.109733 -0.989543
vn 0.738757 0.005436 -0.673950
vn 0.738757 0.005436 -0.673950
vn 0.093616 0.109733 -0.989543
vn 0.088164 0.000000 -0.996106
vn 0.738491 0.000000 -0.674263
vn 0.110384 0.216737 -0.969969
vn -0.526396 0.307034 -0.792867
vn -0.550007 0.155431 -0.820569
vn 0.093616 0.109733 -0.989543
vn -0.550007 0.155431 -0.820569
vn -0.526396 0.307034 -0.792867
vn -0.540670 0.307595 -0.782983
vn -0.564307 0.155714 -0.810747
vn -0.557915 0.000000 -0.829898
vn -0.550007 0.155431 -0.820569
vn -0.564307 0.155714 -0.810747
vn -0.572251 0.000000 -0.820078
vn 0.093616 0.109733 -0.989543
vn -0.550007 0.155431 -0.820569
vn -0.557915 0.000000 -0.829898
vn 0.088164 0.000000 -0.996106
vn 0.738491 0.000000 -0.674263
vn 0.088164 0.000000 -0.996106
vn 0.093607 -0.109732 -0.989544
vn 0.738757 -0.005436 -0.673950
vn 0.738757 -0.005436 -0.673950
vn 0.093607 -0.109732 -0.989544
vn 0.110375 -0.216737 -0.969970
vn 0.739593 -0.010732 -0.672969
vn 0.088164 0.000000 -0.996106
vn -0.557915 0.000000 -0.829898
vn -0.550007 -0.155430 -0.820569
vn 0.093607 -0.109732 -0.989544
vn -0.550007 -0.155430 -0.820569
vn -0.557915 0.000000 -0.829898
vn -0.572251 0.000000 -0.820078
vn -0.564306 -0.155715 -0.810748
vn -0.526393 -0.307034 -0.792868
vn -0.550007 -0.155430 -0.820569
vn -0.564306 -0.155715 -0.810748
vn -0.540668 -0.307595 -0.782983
vn 0.093607 -0.109732 -0.989544
vn -0.550007 -0.155430 -0.820569
vn -0.526393 -0.307034 -0.792868
vn 0.110375 -0.216737 -0.969970
vn 0.739593 -0.010732 -0.672969
vn 0.110375 -0.216737 -0.969970
vn 0.137557 -0.318459 -0.937903
vn 0.740935 -0.015773 -0.671392
vn 0.740935 -0.015773 -0.671392
vn 0.137557 -0.318459 -0.937903
vn 0.174944 -0.412260 -0.894112
vn 0.742790 -0.020413 -0.669213
vn 0.110375 -0.216737 -0.969970
vn -0.526393 -0.307034 -0.792868
vn -0.487737 -0.451078 -0.747423
vn 0.137557 -0.318459 -0.937903
vn -0.487737 -0.451078 -0.747423
vn -0.526393 -0.307034 -0.792868
vn -0.540668 -0.307595 -0.782983
vn -0.501925 -0.451901 -0.737467
vn -0.434912 -0.584014 -0.685405
vn -0.487737 -0.451078 -0.747423
vn -0.501925 -0.451901 -0.737467
vn -0.449023 -0.585080 -0.675322
vn 0.137557 -0.318459 -0.937903
vn -0.487737 -0.451078 -0.747423
vn -0.434912 -0.584014 -0.685405
vn 0.174944 -0.412260 -0.894112
vn 0.742790 -0.020413 -0.669213
vn 0.174944 -0.412260 -0.894112
vn 0.221175 -0.496009 -0.839677
vn 0.745076 -0.024568 -0.666526
vn 0.745076 -0.024568 -0.666526
vn 0.221175 -0.496009 -0.839677
vn 0.275535 -0.567419 -0.775961
vn 0.747772 -0.028095 -0.663361
vn 0.174944 -0.412260 -0.894112
vn -0.434912 -0.584014 -0.685405
vn -0.369299 -0.702571 -0.608287
vn 0.221175 -0.496009 -0.839677
vn -0.369299 -0.702571 -0.608287
vn -0.434912 -0.584014 -0.685405
vn -0.449023 -0.585080 -0.675322
vn -0.383272 -0.703852 -0.598076
vn -0.292431 -0.803825 -0.518025
vn -0.369299 -0.702571 -0.608287
vn -0.383272 -0.703852 -0.598076
vn -0.306279 -0.805293 -0.507638
vn 0.221175 -0.496009 -0.839677
vn -0.369299 -0.702571 -0.608287
vn -0.292431 -0.803825 -0.518025
vn 0.275535 -0.567419 -0.775961
vn 0.747772 -0.028095 -0.663361
vn 0.275535 -0.567419 -0.775961
vn 0.336270 -0.625004 -0.704480
vn 0.750778 -0.030957 -0.659829
vn 0.750778 -0.030957 -0.659829
vn 0.336270 -0.625004 -0.704480
vn 0.402277 -0.667043 -0.627079
vn 0.754046 -0.033029 -0.655990
vn 0.275535 -0.567419 -0.775961
vn -0.292431 -0.803825 -0.518025
vn -0.206280 -0.885290 -0.416785
vn 0.336270 -0.625004 -0.704480
vn -0.206280 -0.885290 -0.416785
vn -0.292431 -0.803825 -0.518025
vn -0.306279 -0.805293 -0.507638
vn -0.219950 -0.886906 -0.406226
vn -0.112889 -0.944953 -0.307117
vn -0.206280 -0.885290 -0.416785
vn -0.219950 -0.886906 -0.406226
vn -0.126410 -0.946679 -0.296343
vn 0.336270 -0.625004 -0.704480
vn -0.206280 -0.885290 -0.416785
vn -0.112889 -0.944953 -0.307117
vn 0.402277 -0.667043 -0.627079
vn 0.754046 -0.033029 -0.655990
vn 0.402277 -0.667043 -0.627079
vn 0.471571 -0.692824 -0.545542
vn 0.757481 -0.034317 -0.651955
vn 0.757481 -0.034317 -0.651955
vn 0.471571 -0.692824 -0.545542
vn 0.542765 -0.701372 -0.462042
vn 0.761002 -0.034728 -0.647819
vn 0.402277 -0.667043 -0.627079
vn -0.112889 -0.944953 -0.307117
vn -0.014637 -0.981352 -0.191661
vn 0.471571 -0.692824 -0.545542
vn -0.014637 -0.981352 -0.191661
vn -0.112889 -0.944953 -0.307117
vn -0.126410 -0.946679 -0.296343
vn -0.027961 -0.983142 -0.180692
vn 0.086133 -0.993582 -0.073322
vn -0.014637 -0.981352 -0.191661
vn -0.027961 -0.983142 -0.180692
vn 0.072976 -0.995397 -0.062122
vn 0.471571 -0.692824 -0.545542
vn -0.014637 -0.981352 -0.191661
vn 0.086133 -0.993582 -0.073322
vn 0.542765 -0.701372 -0.462042
vn 0.761002 -0.034728 -0.647819
vn 0.542765 -0.701372 -0.462042
vn 0.613827 -0.692828 -0.378427
vn 0.764524 -0.034317 -0.643681
vn 0.764524 -0.034317 -0.643681
vn 0.613827 -0.692828 -0.378427
vn 0.683254 -0.667048 -0.297004
vn 0.767959 -0.033028 -0.639647
vn 0.542765 -0.701372 -0.462042
vn 0.086133 -0.993582 -0.073322
vn 0.186865 -0.981352 0.045048
vn 0.613827 -0.692828 -0.378427
vn 0.186865 -0.981352 0.045048
vn 0.086133 -0.993582 -0.073322
vn 0.072976 -0.995397 -0.062122
vn 0.173911 -0.983142 0.056449
vn 0.285154 -0.944953 0.160473
vn 0.186865 -0.981352 0.045048
vn 0.173911 -0.983142 0.056449
vn 0.272362 -0.946679 0.172100
vn 0.613827 -0.692828 -0.378427
vn 0.186865 -0.981352 0.045048
vn 0.285154 -0.944953 0.160473
vn 0.683254 -0.667048 -0.297004
vn 0.767959 -0.033028 -0.639647
vn 0.683254 -0.667048 -0.297004
vn 0.749127 -0.625006 -0.219490
vn 0.771226 -0.030958 -0.635808
vn 0.771226 -0.030958 -0.635808
vn 0.749127 -0.625006 -0.219490
vn 0.809996 -0.567421 -0.148123
vn 0.774235 -0.028096 -0.632275
vn 0.683254 -0.667048 -0.297004
vn 0.285154 -0.944953 0.160473
vn 0.378508 -0.885290 0.270172
vn 0.749127 -0.625006 -0.219490
vn 0.378508 -0.885290 0.270172
vn 0.285154 -0.944953 0.160473
vn 0.272362 -0.946679 0.172100
vn 0.365900 -0.886906 0.281985
vn 0.464695 -0.803825 0.371382
vn 0.378508 -0.885290 0.270172
vn 0.365900 -0.886906 0.281985
vn 0.452231 -0.805292 0.383394
vn 0.749127 -0.625006 -0.219490
vn 0.378508 -0.885290 0.270172
vn 0.464695 -0.803825 0.371382
vn 0.809996 -0.567421 -0.148123
vn 0.774235 -0.028096 -0.632275
vn 0.809996 -0.567421 -0.148123
vn 0.864218 -0.496006 -0.084293
vn 0.776928 -0.024569 -0.629110
vn 0.776928 -0.024569 -0.629110
vn 0.864218 -0.496006 -0.084293
vn 0.910578 -0.412250 -0.029974
vn 0.779214 -0.020412 -0.626425
vn 0.809996 -0.567421 -0.148123
vn 0.464695 -0.803825 0.371382
vn 0.541527 -0.702570 0.461676
vn 0.864218 -0.496006 -0.084293
vn 0.541527 -0.702570 0.461676
vn 0.464695 -0.803825 0.371382
vn 0.452231 -0.805292 0.383394
vn 0.529222 -0.703850 0.473835
vn 0.607180 -0.584013 0.538759
vn 0.541527 -0.702570 0.461676
vn 0.529222 -0.703850 0.473835
vn 0.594977 -0.585079 0.551076
vn 0.864218 -0.496006 -0.084293
vn 0.541527 -0.702570 0.461676
vn 0.607180 -0.584013 0.538759
vn 0.910578 -0.412250 -0.029974
vn 0.779214 -0.020412 -0.626425
vn 0.910578 -0.412250 -0.029974
vn 0.947836 -0.318455 0.013931
vn 0.781069 -0.015773 -0.624246
vn 0.781069 -0.015773 -0.624246
vn 0.947836 -0.318455 0.013931
vn 0.975152 -0.216735 0.045883
vn 0.782411 -0.010731 -0.622669
vn 0.910578 -0.412250 -0.029974
vn 0.607180 -0.584013 0.538759
vn 0.659970 -0.451077 0.600807
vn 0.947836 -0.318455 0.013931
vn 0.659970 -0.451077 0.600807
vn 0.607180 -0.584013 0.538759
vn 0.594977 -0.585079 0.551076
vn 0.647876 -0.451900 0.613223
vn 0.698661 -0.307034 0.646222
vn 0.659970 -0.451077 0.600807
vn 0.647876 -0.451900 0.613223
vn 0.686622 -0.307595 0.658737
vn 0.947836 -0.318455 0.013931
vn 0.659970 -0.451077 0.600807
vn 0.698661 -0.307034 0.646222
vn 0.975152 -0.216735 0.045883
vn 0.782411 -0.010731 -0.622669
vn 0.975152 -0.216735 0.045883
vn 0.991796 -0.109732 0.065572
vn 0.783247 -0.005435 -0.621687
vn 0.783247 -0.005435 -0.621687
vn 0.991796 -0.109732 0.065572
vn 0.997403 0.000000 0.072024
vn 0.783514 0.000000 -0.621374
vn 0.975152 -0.216735 0.045883
vn 0.698661 -0.307034 0.646222
vn 0.722236 -0.155432 0.673955
vn 0.991796 -0.109732 0.065572
vn 0.722236 -0.155432 0.673955
vn 0.698661 -0.307034 0.646222
vn 0.686622 -0.307595 0.658737
vn 0.710257 -0.155716 0.686504
vn 0.730182 0.000000 0.683253
vn 0.722236 -0.155432 0.673955
vn 0.710257 -0.155716 0.686504
vn 0.718202 0.000000 0.695835
vn 0.991796 -0.109732 0.065572
vn 0.722236 -0.155432 0.673955
vn 0.730182 0.000000 0.683253
vn 0.997403 0.000000 0.072024
vn 0.783514 0.000000 -0.621374
vn 0.997403 0.000000 0.072024
vn 0.991796 0.109731 0.065572
vn 0.783246 0.005435 -0.621688
vn 0.783246 0.005435 -0.621688
vn 0.991796 0.109731 0.065572
vn 0.975152 0.216733 0.045882
vn 0.782411 0.010731 -0.622670
vn 0.997403 0.000000 0.072024
vn 0.730182 0.000000 0.683253
vn 0.722236 0.155432 0.673956
vn 0.991796 0.109731 0.065572
vn 0.722236 0.155432 0.673956
vn 0.730182 0.000000 0.683253
vn 0.718202 0.000000 0.695835
vn 0.710256 0.155715 0.686505
vn 0.698661 0.307034 0.646222
vn 0.722236 0.155432 0.673956
vn 0.710256 0.155715 0.686505
vn 0.686622 0.307595 0.658738
vn 0.991796 0.109731 0.065572
vn 0.722236 0.155432 0.673956
vn 0.698661 0.307034 0.646222
vn 0.975152 0.216733 0.045882
vn 0.782411 0.010731 -0.622670
vn 0.975152 0.216733 0.045882
vn 0.947836 0.318454 0.013931
vn 0.781069 0.015773 -0.624246
vn 0.781069 0.015773 -0.624246
vn 0.947836 0.318454 0.013931
vn 0.910576 0.412255 -0.029970
vn 0.779215 0.020412 -0.626424
vn 0.975152 0.216733 0.045882
vn 0.698661 0.307034 0.646222
vn 0.659970 0.451077 0.600807
vn 0.947836 0.318454 0.013931
vn 0.659970 0.451077 0.600807
vn 0.698661 0.307034 0.646222
vn 0.686622 0.307595 0.658738
vn 0.647875 0.451901 0.613224
vn 0.607179 0.584014 0.538760
vn 0.659970 0.451077 0.600807
vn 0.647875 0.451901 0.613224
vn 0.594976 0.585079 0.551077
vn 0.947836 0.318454 0.013931
vn 0.659970 0.451077 0.600807
vn 0.607179 0.584014 0.538760
vn 0.910576 0.412255 -0.029970
vn 0.779215 0.020412 -0.626424
vn 0.910576 0.412255 -0.029970
vn 0.864216 0.496010 -0.084293
vn 0.776928 0.024568 -0.629110
vn 0.776928 0.024568 -0.629110
vn 0.864216 0.496010 -0.084293
vn 0.809995 0.567422 -0.148122
vn 0.774235 0.028096 -0.632274
vn 0.910576 0.412255 -0.029970
vn 0.607179 0.584014 0.538760
vn 0.541526 0.702571 0.461674
vn 0.864216 0.496010 -0.084293
vn 0.541526 0.702571 0.461674
vn 0.607179 0.584014 0.538760
vn 0.594976 0.585079 0.551077
vn 0.529222 0.703851 0.473834
vn 0.464696 0.803825 0.371380
vn 0.541526 0.702571 0.461674
vn 0.529222 0.703851 0.473834
vn 0.452231 0.805293 0.383394
vn 0.864216 0.496010 -0.084293
vn 0.541526 0.702571 0.461674
vn 0.464696 0.803825 0.371380
vn 0.809995 0.567422 -0.148122
vn 0.774235 0.028096 -0.632274
vn 0.809995 0.567422 -0.148122
vn 0.749131 0.625003 -0.219486
vn 0.771227 0.030957 -0.635807
vn 0.771227 0.030957 -0.635807
vn 0.749131 0.625003 -0.219486
vn 0.683262 0.667039 -0.297007
vn 0.767959 0.033028 -0.639647
vn 0.809995 0.567422 -0.148122
vn 0.464696 0.803825 0.371380
vn 0.378507 0.885291 0.270173
vn 0.749131 0.625003 -0.219486
vn 0.378507 0.885291 0.270173
vn 0.464696 0.803825 0.371380
vn 0.452231 0.805293 0.383394
vn 0.365900 0.886906 0.281985
vn 0.285154 0.944953 0.160474
vn 0.378507 0.885291 0.270173
vn 0.365900 0.886906 0.281985
vn 0.272361 0.946679 0.172101
vn 0.749131 0.625003 -0.219486
vn 0.378507 0.885291 0.270173
vn 0.285154 0.944953 0.160474
vn 0.683262 0.667039 -0.297007
vn 0.767959 0.033028 -0.639647
vn 0.683262 0.667039 -0.297007
vn 0.613830 0.692822 -0.378432
vn 0.764526 0.034317 -0.643679
vn 0.764526 0.034317 -0.643679
vn 0.613830 0.692822 -0.378432
vn 0.542769 0.701369 -0.462042
vn 0.761002 0.034728 -0.647819
vn 0.683262 0.667039 -0.297007
vn 0.285154 0.944953 0.160474
vn 0.186865 0.981352 0.045049
vn 0.613830 0.692822 -0.378432
vn 0.186865 0.981352 0.045049
vn 0.285154 0.944953 0.160474
vn 0.272361 0.946679 0.172101
vn 0.173911 0.983142 0.056449
vn 0.086133 0.993582 -0.073322
vn 0.186865 0.981352 0.045049
vn 0.173911 0.983142 0.056449
vn 0.072976 0.995397 -0.062123
vn 0.613830 0.692822 -0.378432
vn 0.186865 0.981352 0.045049
vn 0.086133 0.993582 -0.073322
vn 0.542769 0.701369 -0.462042
vn 0.104589 0.879477 -0.464308
vn -0.126409 0.946680 -0.296341
vn -0.027961 0.983143 -0.180690
vn 0.196048 0.913352 -0.356865
vn 0.196048 0.913352 -0.356865
vn -0.027961 0.983143 -0.180690
vn 0.072976 0.995397 -0.062123
vn 0.289819 0.924736 -0.246715
vn 0.393953 0.675296 -0.623519
vn 0.254115 0.792457 -0.554470
vn 0.336524 0.822984 -0.457657
vn 0.464185 0.701305 -0.541021
vn 0.254115 0.792457 -0.554470
vn 0.104589 0.879477 -0.464308
vn 0.196048 0.913352 -0.356865
vn 0.336524 0.822984 -0.457657
vn 0.336524 0.822984 -0.457657
vn 0.196048 0.913352 -0.356865
vn 0.289819 0.924736 -0.246715
vn 0.421019 0.833243 -0.358398
vn 0.464185 0.701305 -0.541021
vn 0.336524 0.822984 -0.457657
vn 0.421019 0.833243 -0.358398
vn 0.536182 0.710054 -0.456434
vn 0.758886 0.011947 -0.651114
vn 0.760131 0.012394 -0.649652
vn 0.761462 0.000000 -0.648209
vn 0.758886 0.011947 -0.651114
vn 0.624220 0.368771 -0.688736
vn 0.662585 0.382944 -0.643689
vn 0.760131 0.012394 -0.649652
vn 0.760131 0.012394 -0.649652
vn 0.662585 0.382944 -0.643689
vn 0.701892 0.387738 -0.597500
vn 0.761403 0.012562 -0.648158
vn 0.761462 0.000000 -0.648209
vn 0.760131 0.012394 -0.649652
vn 0.761403 0.012562 -0.648158
vn 0.624220 0.368771 -0.688736
vn 0.518991 0.532192 -0.668895
vn 0.574348 0.552674 -0.603884
vn 0.662585 0.382944 -0.643689
vn 0.518991 0.532192 -0.668895
vn 0.393953 0.675296 -0.623519
vn 0.464185 0.701305 -0.541021
vn 0.574348 0.552674 -0.603884
vn 0.574348 0.552674 -0.603884
vn 0.464185 0.701305 -0.541021
vn 0.536182 0.710054 -0.456434
vn 0.631083 0.559577 -0.537222
vn 0.662585 0.382944 -0.643689
vn 0.574348 0.552674 -0.603884
vn 0.631083 0.559577 -0.537222
vn 0.701892 0.387738 -0.597500
vn -0.126409 0.946680 -0.296341
vn 0.104589 0.879477 -0.464308
vn 0.017685 0.823947 -0.566390
vn -0.219951 0.886906 -0.406225
vn -0.219951 0.886906 -0.406225
vn 0.017685 0.823947 -0.566390
vn -0.062508 0.748127 -0.660605
vn -0.306282 0.805292 -0.507638
vn 0.104589 0.879477 -0.464308
vn 0.254115 0.792457 -0.554470
vn 0.175807 0.742424 -0.646451
vn 0.017685 0.823947 -0.566390
vn 0.254115 0.792457 -0.554470
vn 0.393953 0.675296 -0.623519
vn 0.327231 0.632657 -0.701901
vn 0.175807 0.742424 -0.646451
vn 0.175807 0.742424 -0.646451
vn 0.327231 0.632657 -0.701901
vn 0.265638 0.574444 -0.774242
vn 0.103549 0.674104 -0.731343
vn 0.017685 0.823947 -0.566390
vn 0.175807 0.742424 -0.646451
vn 0.103549 0.674104 -0.731343
vn -0.062508 0.748127 -0.660605
vn 0.393953 0.675296 -0.623519
vn 0.518991 0.532192 -0.668895
vn 0.466419 0.498578 -0.730666
vn 0.327231 0.632657 -0.701901
vn 0.518991 0.532192 -0.668895
vn 0.624220 0.368771 -0.688736
vn 0.587798 0.345460 -0.731541
vn 0.466419 0.498578 -0.730666
vn 0.466419 0.498578 -0.730666
vn 0.587798 0.345460 -0.731541
vn 0.554160 0.313690 -0.771042
vn 0.417880 0.452709 -0.787675
vn 0.327231 0.632657 -0.701901
vn 0.466419 0.498578 -0.730666
vn 0.417880 0.452709 -0.787675
vn 0.265638 0.574444 -0.774242
vn 0.624220 0.368771 -0.688736
vn 0.758886 0.011947 -0.651114
vn 0.757710 0.011180 -0.652496
vn 0.587798 0.345460 -0.731541
vn 0.761462 0.000000 -0.648209
vn 0.757710 0.011180 -0.652496
vn 0.758886 0.011947 -0.651114
vn 0.756615 0.010163 -0.653782
vn 0.757710 0.011180 -0.652496
vn 0.761462 0.000000 -0.648209
vn 0.587798 0.345460 -0.731541
vn 0.757710 0.011180 -0.652496
vn 0.756615 0.010163 -0.653782
vn 0.554160 0.313690 -0.771042
vn -0.306282 0.805292 -0.507638
vn -0.062508 0.748127 -0.660605
vn -0.134025 0.653887 -0.744627
vn -0.383273 0.703851 -0.598076
vn -0.383273 0.703851 -0.598076
vn -0.134025 0.653887 -0.744627
vn -0.195113 0.543546 -0.816388
vn -0.449023 0.585081 -0.675322
vn -0.062508 0.748127 -0.660605
vn 0.103549 0.674104 -0.731343
vn 0.039120 0.589186 -0.807050
vn -0.134025 0.653887 -0.744627
vn 0.103549 0.674104 -0.731343
vn 0.265638 0.574444 -0.774242
vn 0.210725 0.502077 -0.838757
vn 0.039120 0.589186 -0.807050
vn 0.039120 0.589186 -0.807050
vn 0.210725 0.502077 -0.838757
vn 0.163832 0.417354 -0.893854
vn -0.015918 0.489761 -0.871711
vn -0.134025 0.653887 -0.744627
vn 0.039120 0.589186 -0.807050
vn -0.015918 0.489761 -0.871711
vn -0.195113 0.543546 -0.816388
vn 0.265638 0.574444 -0.774242
vn 0.417880 0.452709 -0.787675
vn 0.374600 0.395676 -0.838520
vn 0.210725 0.502077 -0.838757
vn 0.417880 0.452709 -0.787675
vn 0.554160 0.313690 -0.771042
vn 0.524188 0.274157 -0.806266
vn 0.374600 0.395676 -0.838520
vn 0.374600 0.395676 -0.838520
vn 0.524188 0.274157 -0.806266
vn 0.498544 0.227913 -0.836367
vn 0.337617 0.328917 -0.881946
vn 0.210725 0.502077 -0.838757
vn 0.374600 0.395676 -0.838520
vn 0.337617 0.328917 -0.881946
vn 0.163832 0.417354 -0.893854
vn 0.554160 0.313690 -0.771042
vn 0.756615 0.010163 -0.653782
vn 0.755651 0.008872 -0.654914
vn 0.524188 0.274157 -0.806266
vn 0.761462 0.000000 -0.648209
vn 0.755651 0.008872 -0.654914
vn 0.756615 0.010163 -0.653782
vn 0.754815 0.007384 -0.655896
vn 0.755651 0.008872 -0.654914
vn 0.761462 0.000000 -0.648209
vn 0.524188 0.274157 -0.806266
vn 0.755651 0.008872 -0.654914
vn 0.754815 0.007384 -0.655896
vn 0.498544 0.227913 -0.836367
vn -0.449023 0.585081 -0.675322
vn -0.195113 0.543546 -0.816388
vn -0.244280 0.419820 -0.874116
vn -0.501926 0.451900 -0.737466
vn -0.501926 0.451900 -0.737466
vn -0.244280 0.419820 -0.874116
vn -0.280264 0.285759 -0.916403
vn -0.540670 0.307595 -0.782983
vn -0.195113 0.543546 -0.816388
vn -0.015918 0.489761 -0.871711
vn -0.060211 0.378280 -0.923731
vn -0.244280 0.419820 -0.874116
vn -0.015918 0.489761 -0.871711
vn 0.163832 0.417354 -0.893854
vn 0.126104 0.322354 -0.938182
vn -0.060211 0.378280 -0.923731
vn -0.060211 0.378280 -0.923731
vn 0.126104 0.322354 -0.938182
vn 0.098440 0.219420 -0.970652
vn -0.092659 0.257484 -0.961830
vn -0.244280 0.419820 -0.874116
vn -0.060211 0.378280 -0.923731
vn -0.092659 0.257484 -0.961830
vn -0.280264 0.285759 -0.916403
vn 0.163832 0.417354 -0.893854
vn 0.337617 0.328917 -0.881946
vn 0.307894 0.254041 -0.916878
vn 0.126104 0.322354 -0.938182
vn 0.337617 0.328917 -0.881946
vn 0.498544 0.227913 -0.836367
vn 0.477964 0.176020 -0.860562
vn 0.307894 0.254041 -0.916878
vn 0.307894 0.254041 -0.916878
vn 0.477964 0.176020 -0.860562
vn 0.462857 0.119817 -0.878298
vn 0.286109 0.172920 -0.942465
vn 0.126104 0.322354 -0.938182
vn 0.307894 0.254041 -0.916878
vn 0.286109 0.172920 -0.942465
vn 0.098440 0.219420 -0.970652
vn 0.498544 0.227913 -0.836367
vn 0.754815 0.007384 -0.655896
vn 0.754156 0.005697 -0.656671
vn 0.477964 0.176020 -0.860562
vn 0.761462 0.000000 -0.648209
vn 0.754156 0.005697 -0.656671
vn 0.754815 0.007384 -0.655896
vn 0.753657 0.003882 -0.657257
vn 0.754156 0.005697 -0.656671
vn 0.761462 0.000000 -0.648209
vn 0.477964 0.176020 -0.860562
vn 0.754156 0.005697 -0.656671
vn 0.753657 0.003882 -0.657257
vn 0.462857 0.119817 -0.878298
vn -0.540670 0.307595 -0.782983
vn -0.280264 0.285759 -0.916403
vn -0.302216 0.144662 -0.942199
vn -0.564307 0.155714 -0.810747
vn -0.564307 0.155714 -0.810747
vn -0.302216 0.144662 -0.942199
vn -0.309594 0.000000 -0.950869
vn -0.572251 0.000000 -0.820078
vn -0.280264 0.285759 -0.916403
vn -0.092659 0.257484 -0.961830
vn -0.112452 0.130348 -0.985071
vn -0.302216 0.144662 -0.942199
vn -0.092659 0.257484 -0.961830
vn 0.098440 0.219420 -0.970652
vn 0.081581 0.111077 -0.990458
vn -0.112452 0.130348 -0.985071
vn -0.112452 0.130348 -0.985071
vn 0.081581 0.111077 -0.990458
vn 0.075920 0.000000 -0.997114
vn -0.119089 0.000000 -0.992884
vn -0.302216 0.144662 -0.942199
vn -0.112452 0.130348 -0.985071
vn -0.119089 0.000000 -0.992884
vn -0.309594 0.000000 -0.950869
vn 0.098440 0.219420 -0.970652
vn 0.286109 0.172920 -0.942465
vn 0.272835 0.087535 -0.958070
vn 0.081581 0.111077 -0.990458
vn 0.286109 0.172920 -0.942465
vn 0.462857 0.119817 -0.878298
vn 0.453678 0.060651 -0.889099
vn 0.272835 0.087535 -0.958070
vn 0.272835 0.087535 -0.958070
vn 0.453678 0.060651 -0.889099
vn 0.450551 0.000000 -0.892751
vn 0.268353 0.000000 -0.963321
vn 0.081581 0.111077 -0.990458
vn 0.272835 0.087535 -0.958070
vn 0.268353 0.000000 -0.963321
vn 0.075920 0.000000 -0.997114
vn 0.462857 0.119817 -0.878298
vn 0.753657 0.003882 -0.657257
vn 0.753368 0.001963 -0.657596
vn 0.453678 0.060651 -0.889099
vn 0.761462 0.000000 -0.648209
vn 0.753368 0.001963 -0.657596
vn 0.753657 0.003882 -0.657257
vn 0.753259 0.000000 -0.657724
vn 0.753368 0.001963 -0.657596
vn 0.761462 0.000000 -0.648209
vn 0.453678 0.060651 -0.889099
vn 0.753368 0.001963 -0.657596
vn 0.753259 0.000000 -0.657724
vn 0.450551 0.000000 -0.892751
vn -0.572251 0.000000 -0.820078
vn -0.309594 0.000000 -0.950869
vn -0.302211 -0.144662 -0.942200
vn -0.564306 -0.155715 -0.810748
vn -0.564306 -0.155715 -0.810748
vn -0.302211 -0.144662 -0.942200
vn -0.280275 -0.285758 -0.916400
vn -0.540668 -0.307595 -0.782983
vn -0.309594 0.000000 -0.950869
vn -0.119089 0.000000 -0.992884
vn -0.112446 -0.130348 -0.985071
vn -0.302211 -0.144662 -0.942200
vn -0.119089 0.000000 -0.992884
vn 0.075920 0.000000 -0.997114
vn 0.081581 -0.111076 -0.990458
vn -0.112446 -0.130348 -0.985071
vn -0.112446 -0.130348 -0.985071
vn 0.081581 -0.111076 -0.990458
vn 0.098440 -0.219420 -0.970652
vn -0.092671 -0.257485 -0.961828
vn -0.302211 -0.144662 -0.942200
vn -0.112446 -0.130348 -0.985071
vn -0.092671 -0.257485 -0.961828
vn -0.280275 -0.285758 -0.916400
vn 0.075920 0.000000 -0.997114
vn 0.268353 0.000000 -0.963321
vn 0.272841 -0.087534 -0.958069
vn 0.081581 -0.111076 -0.990458
vn 0.268353 0.000000 -0.963321
vn 0.450551 0.000000 -0.892751
vn 0.453674 -0.060651 -0.889101
vn 0.272841 -0.087534 -0.958069
vn 0.272841 -0.087534 -0.958069
vn 0.453674 -0.060651 -0.889101
vn 0.462851 -0.119818 -0.878301
vn 0.286110 -0.172919 -0.942465
vn 0.081581 -0.111076 -0.990458
vn 0.272841 -0.087534 -0.958069
vn 0.286110 -0.172919 -0.942465
vn 0.098440 -0.219420 -0.970652
vn 0.450551 0.000000 -0.892751
vn 0.753259 0.000000 -0.657724
vn 0.753369 -0.001963 -0.657596
vn 0.453674 -0.060651 -0.889101
vn 0.761462 0.000000 -0.648209
vn 0.753369 -0.001963 -0.657596
vn 0.753259 0.000000 -0.657724
vn 0.753657 -0.003882 -0.657256
vn 0.753369 -0.001963 -0.657596
vn 0.761462 0.000000 -0.648209
vn 0.453674 -0.060651 -0.889101
vn 0.753369 -0.001963 -0.657596
vn 0.753657 -0.003882 -0.657256
vn 0.462851 -0.119818 -0.878301
vn -0.540668 -0.307595 -0.782983
vn -0.280275 -0.285758 -0.916400
vn -0.244297 -0.419821 -0.874111
vn -0.501925 -0.451901 -0.737467
vn -0.501925 -0.451901 -0.737467
vn -0.244297 -0.419821 -0.874111
vn -0.195124 -0.543547 -0.816384
vn -0.449023 -0.585080 -0.675322
vn -0.280275 -0.285758 -0.916400
vn -0.092671 -0.257485 -0.961828
vn -0.060229 -0.378283 -0.923729
vn -0.244297 -0.419821 -0.874111
vn -0.092671 -0.257485 -0.961828
vn 0.098440 -0.219420 -0.970652
vn 0.126104 -0.322355 -0.938182
vn -0.060229 -0.378283 -0.923729
vn -0.060229 -0.378283 -0.923729
vn 0.126104 -0.322355 -0.938182
vn 0.163832 -0.417355 -0.893854
vn -0.015924 -0.489764 -0.871710
vn -0.244297 -0.419821 -0.874111
vn -0.060229 -0.378283 -0.923729
vn -0.015924 -0.489764 -0.871710
vn -0.195124 -0.543547 -0.816384
vn 0.098440 -0.219420 -0.970652
vn 0.286110 -0.172919 -0.942465
vn 0.307900 -0.254040 -0.916876
vn 0.126104 -0.322355 -0.938182
vn 0.286110 -0.172919 -0.942465
vn 0.462851 -0.119818 -0.878301
vn 0.477967 -0.176020 -0.860560
vn 0.307900 -0.254040 -0.916876
vn 0.307900 -0.254040 -0.916876
vn 0.477967 -0.176020 -0.860560
vn 0.498549 -0.227914 -0.836364
vn 0.337622 -0.328916 -0.881944
vn 0.126104 -0.322355 -0.938182
vn 0.307900 -0.254040 -0.916876
vn 0.337622 -0.328916 -0.881944
vn 0.163832 -0.417355 -0.893854
vn 0.462851 -0.119818 -0.878301
vn 0.753657 -0.003882 -0.657256
vn 0.754154 -0.005696 -0.656673
vn 0.477967 -0.176020 -0.860560
vn 0.761462 0.000000 -0.648209
vn 0.754154 -0.005696 -0.656673
vn 0.753657 -0.003882 -0.657256
vn 0.754816 -0.007384 -0.655895
vn 0.754154 -0.005696 -0.656673
vn 0.761462 0.000000 -0.648209
vn 0.477967 -0.176020 -0.860560
vn 0.754154 -0.005696 -0.656673
vn 0.754816 -0.007384 -0.655895
vn 0.498549 -0.227914 -0.836364
vn -0.449023 -0.585080 -0.675322
vn -0.195124 -0.543547 -0.816384
vn -0.134037 -0.653886 -0.744625
vn -0.383272 -0.703852 -0.598076
vn -0.383272 -0.703852 -0.598076
vn -0.134037 -0.653886 -0.744625
vn -0.062517 -0.748126 -0.660605
vn -0.306279 -0.805293 -0.507638
vn -0.195124 -0.543547 -0.816384
vn -0.015924 -0.489764 -0.871710
vn 0.039120 -0.589189 -0.807048
vn -0.134037 -0.653886 -0.744625
vn -0.015924 -0.489764 -0.871710
vn 0.163832 -0.417355 -0.893854
vn 0.210731 -0.502077 -0.838756
vn 0.039120 -0.589189 -0.807048
vn 0.039120 -0.589189 -0.807048
vn 0.210731 -0.502077 -0.838756
vn 0.265648 -0.574443 -0.774239
vn 0.103550 -0.674106 -0.731340
vn -0.134037 -0.653886 -0.744625
vn 0.039120 -0.589189 -0.807048
vn 0.103550 -0.674106 -0.731340
vn -0.062517 -0.748126 -0.660605
vn 0.163832 -0.417355 -0.893854
vn 0.337622 -0.328916 -0.881944
vn 0.374601 -0.395676 -0.838520
vn 0.210731 -0.502077 -0.838756
vn 0.337622 -0.328916 -0.881944
vn 0.498549 -0.227914 -0.836364
vn 0.524182 -0.274163 -0.806268
vn 0.374601 -0.395676 -0.838520
vn 0.374601 -0.395676 -0.838520
vn 0.524182 -0.274163 -0.806268
vn 0.554155 -0.313695 -0.771043
vn 0.417875 -0.452709 -0.787677
vn 0.210731 -0.502077 -0.838756
vn 0.374601 -0.395676 -0.838520
vn 0.417875 -0.452709 -0.787677
vn 0.265648 -0.574443 -0.774239
vn 0.498549 -0.227914 -0.836364
vn 0.754816 -0.007384 -0.655895
vn 0.755653 -0.008872 -0.654912
vn 0.524182 -0.274163 -0.806268
vn 0.761462 0.000000 -0.648209
vn 0.755653 -0.008872 -0.654912
vn 0.754816 -0.007384 -0.655895
vn 0.756616 -0.010163 -0.653781
vn 0.755653 -0.008872 -0.654912
vn 0.761462 0.000000 -0.648209
vn 0.524182 -0.274163 -0.806268
vn 0.755653 -0.008872 -0.654912
vn 0.756616 -0.010163 -0.653781
vn 0.554155 -0.313695 -0.771043
vn -0.306279 -0.805293 -0.507638
vn -0.062517 -0.748126 -0.660605
vn 0.017680 -0.823947 -0.566391
vn -0.219950 -0.886906 -0.406226
vn -0.219950 -0.886906 -0.406226
vn 0.017680 -0.823947 -0.566391
vn 0.104588 -0.879476 -0.464310
vn -0.126410 -0.946679 -0.296343
vn -0.062517 -0.748126 -0.660605
vn 0.103550 -0.674106 -0.731340
vn 0.175807 -0.742423 -0.646451
vn 0.017680 -0.823947 -0.566391
vn 0.103550 -0.674106 -0.731340
vn 0.265648 -0.574443 -0.774239
vn 0.327238 -0.632656 -0.701899
vn 0.175807 -0.742423 -0.646451
vn 0.175807 -0.742423 -0.646451
vn 0.327238 -0.632656 -0.701899
vn 0.393957 -0.675297 -0.623516
vn 0.254119 -0.792456 -0.554470
vn 0.017680 -0.823947 -0.566391
vn 0.175807 -0.742423 -0.646451
vn 0.254119 -0.792456 -0.554470
vn 0.104588 -0.879476 -0.464310
vn 0.265648 -0.574443 -0.774239
vn 0.417875 -0.452709 -0.787677
vn 0.466419 -0.498578 -0.730667
vn 0.327238 -0.632656 -0.701899
vn 0.417875 -0.452709 -0.787677
vn 0.554155 -0.313695 -0.771043
vn 0.587802 -0.345456 -0.731539
vn 0.466419 -0.498578 -0.730667
vn 0.466419 -0.498578 -0.730667
vn 0.587802 -0.345456 -0.731539
vn 0.624224 -0.368764 -0.688736
vn 0.518995 -0.532193 -0.668891
vn 0.327238 -0.632656 -0.701899
vn 0.466419 -0.498578 -0.730667
vn 0.518995 -0.532193 -0.668891
vn 0.393957 -0.675297 -0.623516
vn 0.554155 -0.313695 -0.771043
vn 0.756616 -0.010163 -0.653781
vn 0.757709 -0.011181 -0.652497
vn 0.587802 -0.345456 -0.731539
vn 0.761462 0.000000 -0.648209
vn 0.757709 -0.011181 -0.652497
vn 0.756616 -0.010163 -0.653781
vn 0.758883 -0.011947 -0.651117
vn 0.757709 -0.011181 -0.652497
vn 0.761462 0.000000 -0.648209
vn 0.587802 -0.345456 -0.731539
vn 0.757709 -0.011181 -0.652497
vn 0.758883 -0.011947 -0.651117
vn 0.624224 -0.368764 -0.688736
vn -0.126410 -0.946679 -0.296343
vn 0.104588 -0.879476 -0.464310
vn 0.196051 -0.913351 -0.356867
vn -0.027961 -0.983142 -0.180692
vn -0.027961 -0.983142 -0.180692
vn 0.196051 -0.913351 -0.356867
vn 0.289820 -0.924736 -0.246715
vn 0.072976 -0.995397 -0.062122
vn 0.104588 -0.879476 -0.464310
vn 0.254119 -0.792456 -0.554470
vn 0.336529 -0.822982 -0.457656
vn 0.196051 -0.913351 -0.356867
vn 0.254119 -0.792456 -0.554470
vn 0.393957 -0.675297 -0.623516
vn 0.464187 -0.701305 -0.541019
vn 0.336529 -0.822982 -0.457656
vn 0.336529 -0.822982 -0.457656
vn 0.464187 -0.701305 -0.541019
vn 0.536183 -0.710051 -0.456437
vn 0.421019 -0.833242 -0.358401
vn 0.196051 -0.913351 -0.356867
vn 0.336529 -0.822982 -0.457656
vn 0.421019 -0.833242 -0.358401
vn 0.289820 -0.924736 -0.246715
vn 0.393957 -0.675297 -0.623516
vn 0.518995 -0.532193 -0.668891
vn 0.574347 -0.552677 -0.603882
vn 0.464187 -0.701305 -0.541019
vn 0.518995 -0.532193 -0.668891
vn 0.624224 -0.368764 -0.688736
vn 0.662584 -0.382943 -0.643690
vn 0.574347 -0.552677 -0.603882
vn 0.574347 -0.552677 -0.603882
vn 0.662584 -0.382943 -0.643690
vn 0.701890 -0.387744 -0.597499
vn 0.631083 -0.559577 -0.537223
vn 0.464187 -0.701305 -0.541019
vn 0.574347 -0.552677 -0.603882
vn 0.631083 -0.559577 -0.537223
vn 0.536183 -0.710051 -0.456437
vn 0.624224 -0.368764 -0.688736
vn 0.758883 -0.011947 -0.651117
vn 0.760129 -0.012393 -0.649654
vn 0.662584 -0.382943 -0.643690
vn 0.761462 0.000000 -0.648209
vn 0.760129 -0.012393 -0.649654
vn 0.758883 -0.011947 -0.651117
vn 0.761403 -0.012562 -0.648158
vn 0.760129 -0.012393 -0.649654
vn 0.761462 0.000000 -0.648209
vn 0.662584 -0.382943 -0.643690
vn 0.760129 -0.012393 -0.649654
vn 0.761403 -0.012562 -0.648158
vn 0.701890 -0.387744 -0.597499
vn 0.072976 -0.995397 -0.062122
vn 0.289820 -0.924736 -0.246715
vn 0.383588 -0.913352 -0.136559
vn 0.173911 -0.983142 0.056449
vn 0.173911 -0.983142 0.056449
vn 0.383588 -0.913352 -0.136559
vn 0.475051 -0.879476 -0.029121
vn 0.272362 -0.946679 0.172100
vn 0.289820 -0.924736 -0.246715
vn 0.421019 -0.833242 -0.358401
vn 0.505510 -0.822984 -0.259146
vn 0.383588 -0.913352 -0.136559
vn 0.421019 -0.833242 -0.358401
vn 0.536183 -0.710051 -0.456437
vn 0.608186 -0.701307 -0.371858
vn 0.505510 -0.822984 -0.259146
vn 0.505510 -0.822984 -0.259146
vn 0.608186 -0.701307 -0.371858
vn 0.678415 -0.675297 -0.289356
vn 0.587928 -0.792456 -0.162337
vn 0.383588 -0.913352 -0.136559
vn 0.505510 -0.822984 -0.259146
vn 0.587928 -0.792456 -0.162337
vn 0.475051 -0.879476 -0.029121
vn 0.536183 -0.710051 -0.456437
vn 0.631083 -0.559577 -0.537223
vn 0.687832 -0.552675 -0.470572
vn 0.608186 -0.701307 -0.371858
vn 0.631083 -0.559577 -0.537223
vn 0.701890 -0.387744 -0.597499
vn 0.741216 -0.382941 -0.551322
vn 0.687832 -0.552675 -0.470572
vn 0.687832 -0.552675 -0.470572
vn 0.741216 -0.382941 -0.551322
vn 0.779559 -0.368764 -0.506262
vn 0.743173 -0.532189 -0.405548
vn 0.608186 -0.701307 -0.371858
vn 0.687832 -0.552675 -0.470572
vn 0.743173 -0.532189 -0.405548
vn 0.678415 -0.675297 -0.289356
vn 0.701890 -0.387744 -0.597499
vn 0.761403 -0.012562 -0.648158
vn 0.762675 -0.012393 -0.646663
vn 0.741216 -0.382941 -0.551322
vn 0.761462 0.000000 -0.648209
vn 0.762675 -0.012393 -0.646663
vn 0.761403 -0.012562 -0.648158
vn 0.763919 -0.011947 -0.645202
vn 0.762675 -0.012393 -0.646663
vn 0.761462 0.000000 -0.648209
vn 0.741216 -0.382941 -0.551322
vn 0.762675 -0.012393 -0.646663
vn 0.763919 -0.011947 -0.645202
vn 0.779559 -0.368764 -0.506262
vn 0.272362 -0.946679 0.172100
vn 0.475051 -0.879476 -0.029121
vn 0.561950 -0.823947 0.072965
vn 0.365900 -0.886906 0.281985
vn 0.365900 -0.886906 0.281985
vn 0.561950 -0.823947 0.072965
vn 0.642157 -0.748123 0.167172
vn 0.452231 -0.805292 0.383394
vn 0.475051 -0.879476 -0.029121
vn 0.587928 -0.792456 -0.162337
vn 0.666228 -0.742422 -0.070354
vn 0.561950 -0.823947 0.072965
vn 0.587928 -0.792456 -0.162337
vn 0.678415 -0.675297 -0.289356
vn 0.745144 -0.632653 -0.210976
vn 0.666228 -0.742422 -0.070354
vn 0.666228 -0.742422 -0.070354
vn 0.745144 -0.632653 -0.210976
vn 0.806718 -0.574445 -0.138634
vn 0.738486 -0.674112 0.014535
vn 0.561950 -0.823947 0.072965
vn 0.666228 -0.742422 -0.070354
vn 0.738486 -0.674112 0.014535
vn 0.642157 -0.748123 0.167172
vn 0.678415 -0.675297 -0.289356
vn 0.743173 -0.532189 -0.405548
vn 0.795759 -0.498577 -0.343785
vn 0.745144 -0.632653 -0.210976
vn 0.743173 -0.532189 -0.405548
vn 0.779559 -0.368764 -0.506262
vn 0.815996 -0.345457 -0.463476
vn 0.795759 -0.498577 -0.343785
vn 0.795759 -0.498577 -0.343785
vn 0.815996 -0.345457 -0.463476
vn 0.849623 -0.313690 -0.423957
vn 0.844288 -0.452708 -0.286764
vn 0.745144 -0.632653 -0.210976
vn 0.795759 -0.498577 -0.343785
vn 0.844288 -0.452708 -0.286764
vn 0.806718 -0.574445 -0.138634
vn 0.779559 -0.368764 -0.506262
vn 0.763919 -0.011947 -0.645202
vn 0.765095 -0.011180 -0.643821
vn 0.815996 -0.345457 -0.463476
vn 0.761462 0.000000 -0.648209
vn 0.765095 -0.011180 -0.643821
vn 0.763919 -0.011947 -0.645202
vn 0.766189 -0.010163 -0.642535
vn 0.765095 -0.011180 -0.643821
vn 0.761462 0.000000 -0.648209
vn 0.815996 -0.345457 -0.463476
vn 0.765095 -0.011180 -0.643821
vn 0.766189 -0.010163 -0.642535
vn 0.849623 -0.313690 -0.423957
vn 0.452231 -0.805292 0.383394
vn 0.642157 -0.748123 0.167172
vn 0.713685 -0.653878 0.251192
vn 0.529222 -0.703850 0.473835
vn 0.529222 -0.703850 0.473835
vn 0.713685 -0.653878 0.251192
vn 0.774771 -0.543539 0.322948
vn 0.594977 -0.585079 0.551076
vn 0.642157 -0.748123 0.167172
vn 0.738486 -0.674112 0.014535
vn 0.802935 -0.589195 0.090246
vn 0.713685 -0.653878 0.251192
vn 0.738486 -0.674112 0.014535
vn 0.806718 -0.574445 -0.138634
vn 0.861637 -0.502083 -0.074127
vn 0.802935 -0.589195 0.090246
vn 0.802935 -0.589195 0.090246
vn 0.861637 -0.502083 -0.074127
vn 0.908543 -0.417358 -0.019022
vn 0.857982 -0.489766 0.154905
vn 0.713685 -0.653878 0.251192
vn 0.802935 -0.589195 0.090246
vn 0.857982 -0.489766 0.154905
vn 0.774771 -0.543539 0.322948
vn 0.806718 -0.574445 -0.138634
vn 0.844288 -0.452708 -0.286764
vn 0.887566 -0.395676 -0.235937
vn 0.861637 -0.502083 -0.074127
vn 0.844288 -0.452708 -0.286764
vn 0.849623 -0.313690 -0.423957
vn 0.879609 -0.274157 -0.388749
vn 0.887566 -0.395676 -0.235937
vn 0.887566 -0.395676 -0.235937
vn 0.879609 -0.274157 -0.388749
vn 0.905227 -0.227912 -0.358637
vn 0.924531 -0.328915 -0.192501
vn 0.861637 -0.502083 -0.074127
vn 0.887566 -0.395676 -0.235937
vn 0.924531 -0.328915 -0.192501
vn 0.908543 -0.417358 -0.019022
vn 0.849623 -0.313690 -0.423957
vn 0.766189 -0.010163 -0.642535
vn 0.767152 -0.008873 -0.641404
vn 0.879609 -0.274157 -0.388749
vn 0.761462 0.000000 -0.648209
vn 0.767152 -0.008873 -0.641404
vn 0.766189 -0.010163 -0.642535
vn 0.767990 -0.007384 -0.640420
vn 0.767152 -0.008873 -0.641404
vn 0.761462 0.000000 -0.648209
vn 0.879609 -0.274157 -0.388749
vn 0.767152 -0.008873 -0.641404
vn 0.767990 -0.007384 -0.640420
vn 0.905227 -0.227912 -0.358637
vn 0.594977 -0.585079 0.551076
vn 0.774771 -0.543539 0.322948
vn 0.823911 -0.419819 0.380688
vn 0.647876 -0.451900 0.613223
vn 0.647876 -0.451900 0.613223
vn 0.823911 -0.419819 0.380688
vn 0.859906 -0.285757 0.422970
vn 0.686622 -0.307595 0.658737
vn 0.774771 -0.543539 0.322948
vn 0.857982 -0.489766 0.154905
vn 0.902267 -0.378282 0.206924
vn 0.823911 -0.419819 0.380688
vn 0.857982 -0.489766 0.154905
vn 0.908543 -0.417358 -0.019022
vn 0.946282 -0.322352 0.025302
vn 0.902267 -0.378282 0.206924
vn 0.902267 -0.378282 0.206924
vn 0.946282 -0.322352 0.025302
vn 0.973919 -0.219418 0.057776
vn 0.934701 -0.257483 0.245023
vn 0.823911 -0.419819 0.380688
vn 0.902267 -0.378282 0.206924
vn 0.934701 -0.257483 0.245023
vn 0.859906 -0.285757 0.422970
vn 0.908543 -0.417358 -0.019022
vn 0.924531 -0.328915 -0.192501
vn 0.954272 -0.254036 -0.157578
vn 0.946282 -0.322352 0.025302
vn 0.924531 -0.328915 -0.192501
vn 0.905227 -0.227912 -0.358637
vn 0.925828 -0.176021 -0.334454
vn 0.954272 -0.254036 -0.157578
vn 0.954272 -0.254036 -0.157578
vn 0.925828 -0.176021 -0.334454
vn 0.940929 -0.119820 -0.316696
vn 0.976054 -0.172920 -0.131978
vn 0.946282 -0.322352 0.025302
vn 0.954272 -0.254036 -0.157578
vn 0.976054 -0.172920 -0.131978
vn 0.973919 -0.219418 0.057776
vn 0.905227 -0.227912 -0.358637
vn 0.767990 -0.007384 -0.640420
vn 0.768649 -0.005697 -0.639645
vn 0.925828 -0.176021 -0.334454
vn 0.761462 0.000000 -0.648209
vn 0.768649 -0.005697 -0.639645
vn 0.767990 -0.007384 -0.640420
vn 0.769146 -0.003882 -0.639061
vn 0.768649 -0.005697 -0.639645
vn 0.761462 0.000000 -0.648209
vn 0.925828 -0.176021 -0.334454
vn 0.768649 -0.005697 -0.639645
vn 0.769146 -0.003882 -0.639061
vn 0.940929 -0.119820 -0.316696
vn 0.686622 -0.307595 0.658737
vn 0.859906 -0.285757 0.422970
vn 0.881862 -0.144661 0.448768
vn 0.710257 -0.155716 0.686504
vn 0.710257 -0.155716 0.686504
vn 0.881862 -0.144661 0.448768
vn 0.889241 0.000000 0.457439
vn 0.718202 0.000000 0.695835
vn 0.859906 -0.285757 0.422970
vn 0.934701 -0.257483 0.245023
vn 0.954485 -0.130347 0.268268
vn 0.881862 -0.144661 0.448768
vn 0.934701 -0.257483 0.245023
vn 0.973919 -0.219418 0.057776
vn 0.990779 -0.111077 0.077578
vn 0.954485 -0.130347 0.268268
vn 0.954485 -0.130347 0.268268
vn 0.990779 -0.111077 0.077578
vn 0.996445 0.000000 0.084240
vn 0.961135 0.000000 0.276080
vn 0.881862 -0.144661 0.448768
vn 0.954485 -0.130347 0.268268
vn 0.961135 0.000000 0.276080
vn 0.889241 0.000000 0.457439
vn 0.973919 -0.219418 0.057776
vn 0.976054 -0.172920 -0.131978
vn 0.989339 -0.087537 -0.116383
vn 0.990779 -0.111077 0.077578
vn 0.976054 -0.172920 -0.131978
vn 0.940929 -0.119820 -0.316696
vn 0.950127 -0.060652 -0.305907
vn 0.989339 -0.087537 -0.116383
vn 0.989339 -0.087537 -0.116383
vn 0.950127 -0.060652 -0.305907
vn 0.953230 0.000000 -0.302246
vn 0.993807 0.000000 -0.111123
vn 0.990779 -0.111077 0.077578
vn 0.989339 -0.087537 -0.116383
vn 0.993807 0.000000 -0.111123
vn 0.996445 0.000000 0.084240
vn 0.940929 -0.119820 -0.316696
vn 0.769146 -0.003882 -0.639061
vn 0.769435 -0.001962 -0.638722
vn 0.950127 -0.060652 -0.305907
vn 0.761462 0.000000 -0.648209
vn 0.769435 -0.001962 -0.638722
vn 0.769146 -0.003882 -0.639061
vn 0.769545 0.000000 -0.638593
vn 0.769435 -0.001962 -0.638722
vn 0.761462 0.000000 -0.648209
vn 0.950127 -0.060652 -0.305907
vn 0.769435 -0.001962 -0.638722
vn 0.769545 0.000000 -0.638593
vn 0.953230 0.000000 -0.302246
vn 0.718202 0.000000 0.695835
vn 0.889241 0.000000 0.457439
vn 0.881862 0.144661 0.448768
vn 0.710256 0.155715 0.686505
vn 0.710256 0.155715 0.686505
vn 0.881862 0.144661 0.448768
vn 0.859908 0.285757 0.422968
vn 0.686622 0.307595 0.658738
vn 0.889241 0.000000 0.457439
vn 0.961135 0.000000 0.276080
vn 0.954485 0.130349 0.268269
vn 0.881862 0.144661 0.448768
vn 0.961135 0.000000 0.276080
vn 0.996445 0.000000 0.084240
vn 0.990779 0.111077 0.077578
vn 0.954485 0.130349 0.268269
vn 0.954485 0.130349 0.268269
vn 0.990779 0.111077 0.077578
vn 0.973918 0.219419 0.057776
vn 0.934701 0.257484 0.245023
vn 0.881862 0.144661 0.448768
vn 0.954485 0.130349 0.268269
vn 0.934701 0.257484 0.245023
vn 0.859908 0.285757 0.422968
vn 0.996445 0.000000 0.084240
vn 0.993807 0.000000 -0.111123
vn 0.989339 0.087535 -0.116384
vn 0.990779 0.111077 0.077578
vn 0.993807 0.000000 -0.111123
vn 0.953230 0.000000 -0.302246
vn 0.950127 0.060652 -0.305909
vn 0.989339 0.087535 -0.116384
vn 0.989339 0.087535 -0.116384
vn 0.950127 0.060652 -0.305909
vn 0.940928 0.119820 -0.316699
vn 0.976054 0.172920 -0.131977
vn 0.990779 0.111077 0.077578
vn 0.989339 0.087535 -0.116384
vn 0.976054 0.172920 -0.131977
vn 0.973918 0.219419 0.057776
vn 0.953230 0.000000 -0.302246
vn 0.769545 0.000000 -0.638593
vn 0.769436 0.001962 -0.638721
vn 0.950127 0.060652 -0.305909
vn 0.761462 0.000000 -0.648209
vn 0.769436 0.001962 -0.638721
vn 0.769545 0.000000 -0.638593
vn 0.769147 0.003882 -0.639061
vn 0.769436 0.001962 -0.638721
vn 0.761462 0.000000 -0.648209
vn 0.950127 0.060652 -0.305909
vn 0.769436 0.001962 -0.638721
vn 0.769147 0.003882 -0.639061
vn 0.940928 0.119820 -0.316699
vn 0.686622 0.307595 0.658738
vn 0.859908 0.285757 0.422968
vn 0.823908 0.419822 0.380690
vn 0.647875 0.451901 0.613224
vn 0.647875 0.451901 0.613224
vn 0.823908 0.419822 0.380690
vn 0.774767 0.543543 0.322951
vn 0.594976 0.585079 0.551077
vn 0.859908 0.285757 0.422968
vn 0.934701 0.257484 0.245023
vn 0.902267 0.378282 0.206923
vn 0.823908 0.419822 0.380690
vn 0.934701 0.257484 0.245023
vn 0.973918 0.219419 0.057776
vn 0.946280 0.322356 0.025303
vn 0.902267 0.378282 0.206923
vn 0.902267 0.378282 0.206923
vn 0.946280 0.322356 0.025303
vn 0.908542 0.417361 -0.019022
vn 0.857982 0.489767 0.154903
vn 0.823908 0.419822 0.380690
vn 0.902267 0.378282 0.206923
vn 0.857982 0.489767 0.154903
vn 0.774767 0.543543 0.322951
vn 0.973918 0.219419 0.057776
vn 0.976054 0.172920 -0.131977
vn 0.954272 0.254037 -0.157575
vn 0.946280 0.322356 0.025303
vn 0.976054 0.172920 -0.131977
vn 0.940928 0.119820 -0.316699
vn 0.925828 0.176021 -0.334455
vn 0.954272 0.254037 -0.157575
vn 0.954272 0.254037 -0.157575
vn 0.925828 0.176021 -0.334455
vn 0.905228 0.227909 -0.358635
vn 0.924532 0.328914 -0.192501
vn 0.946280 0.322356 0.025303
vn 0.954272 0.254037 -0.157575
vn 0.924532 0.328914 -0.192501
vn 0.908542 0.417361 -0.019022
vn 0.940928 0.119820 -0.316699
vn 0.769147 0.003882 -0.639061
vn 0.768648 0.005697 -0.639646
vn 0.925828 0.176021 -0.334455
vn 0.761462 0.000000 -0.648209
vn 0.768648 0.005697 -0.639646
vn 0.769147 0.003882 -0.639061
vn 0.767989 0.007384 -0.640421
vn 0.768648 0.005697 -0.639646
vn 0.761462 0.000000 -0.648209
vn 0.925828 0.176021 -0.334455
vn 0.768648 0.005697 -0.639646
vn 0.767989 0.007384 -0.640421
vn 0.905228 0.227909 -0.358635
vn 0.594976 0.585079 0.551077
vn 0.774767 0.543543 0.322951
vn 0.713683 0.653879 0.251193
vn 0.529222 0.703851 0.473834
vn 0.529222 0.703851 0.473834
vn 0.713683 0.653879 0.251193
vn 0.642154 0.748125 0.167175
vn 0.452231 0.805293 0.383394
vn 0.774767 0.543543 0.322951
vn 0.857982 0.489767 0.154903
vn 0.802937 0.589192 0.090244
vn 0.713683 0.653879 0.251193
vn 0.857982 0.489767 0.154903
vn 0.908542 0.417361 -0.019022
vn 0.861637 0.502082 -0.074129
vn 0.802937 0.589192 0.090244
vn 0.802937 0.589192 0.090244
vn 0.861637 0.502082 -0.074129
vn 0.806718 0.574445 -0.138635
vn 0.738490 0.674108 0.014533
vn 0.713683 0.653879 0.251193
vn 0.802937 0.589192 0.090244
vn 0.738490 0.674108 0.014533
vn 0.642154 0.748125 0.167175
vn 0.908542 0.417361 -0.019022
vn 0.924532 0.328914 -0.192501
vn 0.887566 0.395675 -0.235939
vn 0.861637 0.502082 -0.074129
vn 0.924532 0.328914 -0.192501
vn 0.905228 0.227909 -0.358635
vn 0.879610 0.274157 -0.388747
vn 0.887566 0.395675 -0.235939
vn 0.887566 0.395675 -0.235939
vn 0.879610 0.274157 -0.388747
vn 0.849623 0.313691 -0.423956
vn 0.844286 0.452712 -0.286765
vn 0.861637 0.502082 -0.074129
vn 0.887566 0.395675 -0.235939
vn 0.844286 0.452712 -0.286765
vn 0.806718 0.574445 -0.138635
vn 0.905228 0.227909 -0.358635
vn 0.767989 0.007384 -0.640421
vn 0.767153 0.008873 -0.641403
vn 0.879610 0.274157 -0.388747
vn 0.761462 0.000000 -0.648209
vn 0.767153 0.008873 -0.641403
vn 0.767989 0.007384 -0.640421
vn 0.766189 0.010163 -0.642535
vn 0.767153 0.008873 -0.641403
vn 0.761462 0.000000 -0.648209
vn 0.879610 0.274157 -0.388747
vn 0.767153 0.008873 -0.641403
vn 0.766189 0.010163 -0.642535
vn 0.849623 0.313691 -0.423956
vn 0.452231 0.805293 0.383394
vn 0.642154 0.748125 0.167175
vn 0.561948 0.823948 0.072968
vn 0.365900 0.886906 0.281985
vn 0.365900 0.886906 0.281985
vn 0.561948 0.823948 0.072968
vn 0.475053 0.879475 -0.029120
vn 0.272361 0.946679 0.172101
vn 0.642154 0.748125 0.167175
vn 0.738490 0.674108 0.014533
vn 0.666228 0.742422 -0.070354
vn 0.561948 0.823948 0.072968
vn 0.738490 0.674108 0.014533
vn 0.806718 0.574445 -0.138635
vn 0.745142 0.632655 -0.210978
vn 0.666228 0.742422 -0.070354
vn 0.666228 0.742422 -0.070354
vn 0.745142 0.632655 -0.210978
vn 0.678412 0.675297 -0.289363
vn 0.587930 0.792455 -0.162337
vn 0.561948 0.823948 0.072968
vn 0.666228 0.742422 -0.070354
vn 0.587930 0.792455 -0.162337
vn 0.475053 0.879475 -0.029120
vn 0.806718 0.574445 -0.138635
vn 0.844286 0.452712 -0.286765
vn 0.795758 0.498580 -0.343784
vn 0.745142 0.632655 -0.210978
vn 0.844286 0.452712 -0.286765
vn 0.849623 0.313691 -0.423956
vn 0.815997 0.345459 -0.463474
vn 0.795758 0.498580 -0.343784
vn 0.795758 0.498580 -0.343784
vn 0.815997 0.345459 -0.463474
vn 0.779561 0.368765 -0.506259
vn 0.743172 0.532189 -0.405549
vn 0.745142 0.632655 -0.210978
vn 0.795758 0.498580 -0.343784
vn 0.743172 0.532189 -0.405549
vn 0.678412 0.675297 -0.289363
vn 0.849623 0.313691 -0.423956
vn 0.766189 0.010163 -0.642535
vn 0.765095 0.011180 -0.643821
vn 0.815997 0.345459 -0.463474
vn 0.761462 0.000000 -0.648209
vn 0.765095 0.011180 -0.643821
vn 0.766189 0.010163 -0.642535
vn 0.763919 0.011947 -0.645201
vn 0.765095 0.011180 -0.643821
vn 0.761462 0.000000 -0.648209
vn 0.815997 0.345459 -0.463474
vn 0.765095 0.011180 -0.643821
vn 0.763919 0.011947 -0.645201
vn 0.779561 0.368765 -0.506259
vn 0.272361 0.946679 0.172101
vn 0.475053 0.879475 -0.029120
vn 0.383589 0.913351 -0.136562
vn 0.173911 0.983142 0.056449
vn 0.173911 0.983142 0.056449
vn 0.383589 0.913351 -0.136562
vn 0.289819 0.924736 -0.246715
vn 0.072976 0.995397 -0.062123
vn 0.475053 0.879475 -0.029120
vn 0.587930 0.792455 -0.162337
vn 0.505514 0.822982 -0.259145
vn 0.383589 0.913351 -0.136562
vn 0.587930 0.792455 -0.162337
vn 0.678412 0.675297 -0.289363
vn 0.608184 0.701308 -0.371859
vn 0.505514 0.822982 -0.259145
vn 0.505514 0.822982 -0.259145
vn 0.608184 0.701308 -0.371859
vn 0.536182 0.710054 -0.456434
vn 0.421019 0.833243 -0.358398
vn 0.383589 0.913351 -0.136562
vn 0.505514 0.822982 -0.259145
vn 0.421019 0.833243 -0.358398
vn 0.289819 0.924736 -0.246715
vn 0.678412 0.675297 -0.289363
vn 0.743172 0.532189 -0.405549
vn 0.687830 0.552676 -0.470574
vn 0.608184 0.701308 -0.371859
vn 0.743172 0.532189 -0.405549
vn 0.779561 0.368765 -0.506259
vn 0.741216 0.382937 -0.551323
vn 0.687830 0.552676 -0.470574
vn 0.687830 0.552676 -0.470574
vn 0.741216 0.382937 -0.551323
vn 0.701892 0.387738 -0.597500
vn 0.631083 0.559577 -0.537222
vn 0.608184 0.701308 -0.371859
vn 0.687830 0.552676 -0.470574
vn 0.631083 0.559577 -0.537222
vn 0.536182 0.710054 -0.456434
vn 0.779561 0.368765 -0.506259
vn 0.763919 0.011947 -0.645201
vn 0.762675 0.012393 -0.646663
vn 0.741216 0.382937 -0.551323
vn 0.761462 0.000000 -0.648209
vn 0.762675 0.012393 -0.646663
vn 0.763919 0.011947 -0.645201
vn 0.761403 0.012562 -0.648158
vn 0.762675 0.012393 -0.646663
vn 0.761462 0.000000 -0.648209
vn 0.741216 0.382937 -0.551323
vn 0.762675 0.012393 -0.646663
vn 0.761403 0.012562 -0.648158
vn 0.701892 0.387738 -0.597500
vn -0.293706 0.891007 -0.346185
vn -0.380433 0.809017 -0.448066
vn -0.381008 0.809017 -0.447576
vn -0.294281 0.891007 -0.345696
vn -0.199732 0.951057 -0.235793
vn -0.293706 0.891007 -0.346185
vn -0.294281 0.891007 -0.345696
vn -0.200308 0.951057 -0.235304
vn -0.457779 0.707106 -0.538925
vn -0.523838 0.587785 -0.616525
vn -0.524413 0.587785 -0.616036
vn -0.458354 0.707106 -0.538436
vn -0.380433 0.809017 -0.448066
vn -0.457779 0.707106 -0.538925
vn -0.458354 0.707106 -0.538436
vn -0.381008 0.809017 -0.447576
vn -0.576984 0.453990 -0.678957
vn -0.615909 0.309017 -0.724683
vn -0.616484 0.309017 -0.724193
vn -0.577559 0.453990 -0.678468
vn -0.523838 0.587785 -0.616525
vn -0.576984 0.453990 -0.678957
vn -0.577559 0.453990 -0.678468
vn -0.524413 0.587785 -0.616036
vn -0.639654 0.156435 -0.752576
vn -0.647635 0.000000 -0.761951
vn -0.648210 0.000001 -0.761462
vn -0.640229 0.156435 -0.752087
vn -0.615909 0.309017 -0.724683
vn -0.639654 0.156435 -0.752576
vn -0.640229 0.156435 -0.752087
vn -0.616484 0.309017 -0.724193
vn -0.639654 -0.156435 -0.752576
vn -0.615909 -0.309017 -0.724683
vn -0.616484 -0.309017 -0.724193
vn -0.640229 -0.156435 -0.752087
vn -0.647635 0.000000 -0.761951
vn -0.639654 -0.156435 -0.752576
vn -0.640229 -0.156435 -0.752087
vn -0.648210 0.000001 -0.761462
vn -0.576984 -0.453990 -0.678957
vn -0.523838 -0.587785 -0.616525
vn -0.524413 -0.587785 -0.616036
vn -0.577559 -0.453990 -0.678468
vn -0.615909 -0.309017 -0.724683
vn -0.576984 -0.453990 -0.678957
vn -0.577559 -0.453990 -0.678468
vn -0.616484 -0.309017 -0.724193
vn -0.457778 -0.707107 -0.538924
vn -0.380433 -0.809017 -0.448066
vn -0.381008 -0.809017 -0.447576
vn -0.458353 -0.707107 -0.538435
vn -0.523838 -0.587785 -0.616525
vn -0.457778 -0.707107 -0.538924
vn -0.458353 -0.707107 -0.538435
vn -0.524413 -0.587785 -0.616036
vn -0.293706 -0.891006 -0.346186
vn -0.199732 -0.951056 -0.235794
vn -0.200307 -0.951057 -0.235304
vn -0.294281 -0.891007 -0.345696
vn -0.380433 -0.809017 -0.448066
vn -0.293706 -0.891006 -0.346186
vn -0.294281 -0.891007 -0.345696
vn -0.381008 -0.809017 -0.447576
vn -0.100827 -0.987688 -0.119608
vn 0.000575 -1.000000 -0.000489
vn 0.000000 -1.000000 0.000000
vn -0.101402 -0.987688 -0.119119
vn -0.199732 -0.951056 -0.235794
vn -0.100827 -0.987688 -0.119608
vn -0.101402 -0.987688 -0.119119
vn -0.200307 -0.951057 -0.235304
vn 0.101977 -0.987688 0.118629
vn 0.200883 -0.951056 0.234815
vn 0.200308 -0.951057 0.235304
vn 0.101402 -0.987688 0.119119
vn 0.000575 -1.000000 -0.000489
vn 0.101977 -0.987688 0.118629
vn 0.101402 -0.987688 0.119119
vn 0.000000 -1.000000 0.000000
vn 0.294856 -0.891006 0.345207
vn 0.381583 -0.809017 0.447087
vn 0.381008 -0.809017 0.447576
vn 0.294281 -0.891007 0.345696
vn 0.200883 -0.951056 0.234815
vn 0.294856 -0.891006 0.345207
vn 0.294281 -0.891007 0.345696
vn 0.200308 -0.951057 0.235304
vn 0.458928 -0.707107 0.537945
vn 0.524988 -0.587785 0.615546
vn 0.524413 -0.587785 0.616036
vn 0.458353 -0.707107 0.538435
vn 0.381583 -0.809017 0.447087
vn 0.458928 -0.707107 0.537945
vn 0.458353 -0.707107 0.538435
vn 0.381008 -0.809017 0.447576
vn 0.578134 -0.453990 0.677978
vn 0.617059 -0.309017 0.723704
vn 0.616484 -0.309017 0.724193
vn 0.577559 -0.453990 0.678468
vn 0.524988 -0.587785 0.615546
vn 0.578134 -0.453990 0.677978
vn 0.577559 -0.453990 0.678468
vn 0.524413 -0.587785 0.616036
vn 0.640804 -0.156435 0.751598
vn 0.648784 0.000000 0.760972
vn 0.648210 0.000000 0.761462
vn 0.640229 -0.156435 0.752087
vn 0.617059 -0.309017 0.723704
vn 0.640804 -0.156435 0.751598
vn 0.640229 -0.156435 0.752087
vn 0.616484 -0.309017 0.724193
vn 0.640804 0.156435 0.751597
vn 0.617059 0.309017 0.723704
vn 0.616484 0.309018 0.724193
vn 0.640229 0.156435 0.752087
vn 0.648784 0.000000 0.760972
vn 0.640804 0.156435 0.751597
vn 0.640229 0.156435 0.752087
vn 0.648210 0.000000 0.761462
vn 0.578134 0.453990 0.677978
vn 0.524988 0.587785 0.615546
vn 0.524413 0.587785 0.616036
vn 0.577559 0.453991 0.678467
vn 0.617059 0.309017 0.723704
vn 0.578134 0.453990 0.677978
vn 0.577559 0.453991 0.678467
vn 0.616484 0.309018 0.724193
vn 0.458928 0.707107 0.537946
vn 0.381583 0.809017 0.447087
vn 0.381008 0.809017 0.447577
vn 0.458353 0.707107 0.538435
vn 0.524988 0.587785 0.615546
vn 0.458928 0.707107 0.537946
vn 0.458353 0.707107 0.538435
vn 0.524413 0.587785 0.616036
vn 0.294856 0.891006 0.345207
vn 0.200882 0.951056 0.234815
vn 0.200308 0.951057 0.235304
vn 0.294281 0.891007 0.345697
vn 0.381583 0.809017 0.447087
vn 0.294856 0.891006 0.345207
vn 0.294281 0.891007 0.345697
vn 0.381008 0.809017 0.447577
vn 0.101977 0.987688 0.118630
vn 0.000576 1.000000 -0.000489
vn 0.000001 1.000000 0.000001
vn 0.101402 0.987688 0.119119
vn 0.200882 0.951056 0.234815
vn 0.101977 0.987688 0.118630
vn 0.101402 0.987688 0.119119
vn 0.200308 0.951057 0.235304
vn -0.100827 0.987688 -0.119607
vn -0.199732 0.951057 -0.235793
vn -0.200308 0.951057 -0.235304
vn -0.101402 0.987689 -0.119118
vn 0.000576 1.000000 -0.000489
vn -0.100827 0.987688 -0.119607
vn -0.101402 0.987689 -0.119118
vn 0.000001 1.000000 0.000001
s off
g AABattery_002
usemtl AABattery_MatSG
f 5/1/1 863/2/2 1223/3/3 865/4/4
f 1223/3/5 863/2/6 1126/5/7 1365/6/8
f 864/7/9 1223/3/10 1365/6/11 1129/8/12
f 865/4/13 1223/3/14 864/7/15 8/9/16
f 4/10/17 866/11/18 1224/12/19 868/13/20
f 866/11/21 5/1/22 865/4/23 1224/12/24
f 1224/12/25 865/4/26 8/9/27 867/14/28
f 868/13/29 1224/12/30 867/14/31 7/15/32
f 3/16/33 869/17/34 983/18/35 64/19/36
f 869/17/37 6/20/38 66/21/39 983/18/40
f 3/16/41 870/22/42 1225/23/43 869/17/44
f 870/22/45 4/24/46 868/25/47 1225/23/48
f 1225/23/49 868/25/50 7/26/51 871/27/52
f 869/17/53 1225/23/54 871/27/55 6/20/56
f 8/9/57 864/7/58 1226/28/59 873/29/60
f 1226/28/61 864/7/62 1129/8/63 1367/30/64
f 872/31/65 1226/28/66 1367/30/67 1132/32/68
f 873/29/69 1226/28/70 872/31/71 11/33/72
f 7/15/73 867/14/74 1227/34/75 875/35/76
f 867/14/77 8/9/78 873/29/79 1227/34/80
f 1227/34/81 873/29/82 11/33/83 874/36/84
f 875/35/85 1227/34/86 874/36/87 10/37/88
f 66/21/89 6/20/90 876/38/91 984/39/92
f 876/38/93 9/40/94 68/41/95 984/39/96
f 6/20/97 871/27/98 1228/42/99 876/38/100
f 871/27/101 7/26/102 875/43/103 1228/42/104
f 1228/42/105 875/43/106 10/44/107 877/45/108
f 876/38/109 1228/42/110 877/45/111 9/40/112
f 11/33/113 872/31/114 1229/46/115 879/47/116
f 1229/46/117 872/31/118 1132/32/119 1369/48/120
f 878/49/121 1229/46/122 1369/48/123 1135/50/124
f 879/47/125 1229/46/126 878/49/127 14/51/128
f 10/37/129 874/36/130 1230/52/131 881/53/132
f 874/36/133 11/33/134 879/47/135 1230/52/136
f 1230/52/137 879/47/138 14/51/139 880/54/140
f 881/53/141 1230/52/142 880/54/143 13/55/144
f 68/41/145 9/40/146 882/56/147 985/57/148
f 882/56/149 12/58/150 70/59/151 985/57/152
f 9/40/153 877/45/154 1231/60/155 882/56/156
f 877/45/157 10/44/158 881/61/159 1231/60/160
f 1231/60/161 881/61/162 13/62/163 883/63/164
f 882/56/165 1231/60/166 883/63/167 12/58/168
f 14/51/169 878/49/170 1232/64/171 885/65/172
f 1232/64/173 878/49/174 1135/50/175 1371/66/176
f 884/67/177 1232/64/178 1371/66/179 1138/68/180
f 885/65/181 1232/64/182 884/67/183 17/69/184
f 13/55/185 880/54/186 1233/70/187 887/71/188
f 880/54/189 14/51/190 885/65/191 1233/70/192
f 1233/70/193 885/65/194 17/69/195 886/72/196
f 887/71/197 1233/70/198 886/72/199 16/73/200
f 70/59/201 12/58/202 888/74/203 986/75/204
f 888/74/205 15/76/206 72/77/207 986/75/208
f 12/58/209 883/63/210 1234/78/211 888/74/212
f 883/63/213 13/62/214 887/79/215 1234/78/216
f 1234/78/217 887/79/218 16/80/219 889/81/220
f 888/74/221 1234/78/222 889/81/223 15/76/224
f 17/69/225 884/67/226 1235/82/227 891/83/228
f 1235/82/229 884/67/230 1138/68/231 1373/84/232
f 890/85/233 1235/82/234 1373/84/235 1141/86/236
f 891/83/237 1235/82/238 890/85/239 20/87/240
f 16/73/241 886/72/242 1236/88/243 893/89/244
f 886/72/245 17/69/246 891/83/247 1236/88/248
f 1236/88/249 891/83/250 20/87/251 892/90/252
f 893/89/253 1236/88/254 892/90/255 19/91/256
f 72/92/257 15/93/258 894/94/259 987/95/260
f 894/94/261 18/96/262 74/97/263 987/95/264
f 15/93/265 889/98/266 1237/99/267 894/94/268
f 889/98/269 16/100/270 893/101/271 1237/99/272
f 1237/99/273 893/101/274 19/102/275 895/103/276
f 894/94/277 1237/99/278 895/103/279 18/96/280
f 20/87/281 890/85/282 1238/104/283 897/105/284
f 1238/104/285 890/85/286 1141/86/287 1375/106/288
f 896/107/289 1238/104/290 1375/106/291 1144/108/292
f 897/105/293 1238/104/294 896/107/295 23/109/296
f 19/91/297 892/90/298 1239/110/299 899/111/300
f 892/90/301 20/87/302 897/105/303 1239/110/304
f 1239/110/305 897/105/306 23/109/307 898/112/308
f 899/111/309 1239/110/310 898/112/311 22/113/312
f 74/97/313 18/96/314 900/114/315 988/115/316
f 900/114/317 21/116/318 76/117/319 988/115/320
f 18/96/321 895/103/322 1240/118/323 900/114/324
f 895/103/325 19/102/326 899/119/327 1240/118/328
f 1240/118/329 899/119/330 22/120/331 901/121/332
f 900/114/333 1240/118/334 901/121/335 21/116/336
f 23/109/337 896/107/338 1241/122/339 903/123/340
f 1241/122/341 896/107/342 1144/108/343 1377/124/344
f 902/125/345 1241/122/346 1377/124/347 1147/126/348
f 903/123/349 1241/122/350 902/125/351 26/127/352
f 22/113/353 898/112/354 1242/128/355 905/129/356
f 898/112/357 23/109/358 903/123/359 1242/128/360
f 1242/128/361 903/123/362 26/127/363 904/130/364
f 905/129/365 1242/128/366 904/130/367 25/131/368
f 76/117/369 21/116/370 906/132/371 989/133/372
f 906/132/373 24/134/374 78/135/375 989/133/376
f 21/116/377 901/121/378 1243/136/379 906/132/380
f 901/121/381 22/120/382 905/137/383 1243/136/384
f 1243/136/385 905/137/386 25/138/387 907/139/388
f 906/132/389 1243/136/390 907/139/391 24/134/392
f 26/127/393 902/125/394 1244/140/395 909/141/396
f 1244/140/397 902/125/398 1147/126/399 1379/142/400
f 908/143/401 1244/140/402 1379/142/403 1150/144/404
f 909/141/405 1244/140/406 908/143/407 29/145/408
f 25/131/409 904/130/410 1245/146/411 911/147/412
f 904/130/413 26/127/414 909/141/415 1245/146/416
f 1245/146/417 909/141/418 29/145/419 910/148/420
f 911/147/421 1245/146/422 910/148/423 28/149/424
f 78/135/425 24/134/426 912/150/427 990/151/428
f 912/150/429 27/152/430 80/153/431 990/151/432
f 24/134/433 907/139/434 1246/154/435 912/150/436
f 907/139/437 25/138/438 911/155/439 1246/154/440
f 1246/154/441 911/155/442 28/156/443 913/157/444
f 912/150/445 1246/154/446 913/157/447 27/152/448
f 29/145/449 908/143/450 1247/158/451 915/159/452
f 1247/158/453 908/143/454 1150/144/455 1381/160/456
f 914/161/457 1247/158/458 1381/160/459 1153/162/460
f 915/159/461 1247/158/462 914/161/463 32/163/464
f 28/149/465 910/148/466 1248/164/467 917/165/468
f 910/148/469 29/145/470 915/159/471 1248/164/472
f 1248/164/473 915/159/474 32/163/475 916/166/476
f 917/165/477 1248/164/478 916/166/479 31/167/480
f 80/153/481 27/152/482 918/168/483 991/169/484
f 918/168/485 30/170/486 82/171/487 991/169/488
f 27/152/489 913/157/490 1249/172/491 918/168/492
f 913/157/493 28/156/494 917/173/495 1249/172/496
f 1249/172/497 917/173/498 31/174/499 919/175/500
f 918/168/501 1249/172/502 919/175/503 30/170/504
f 32/163/505 914/161/506 1250/176/507 921/177/508
f 1250/176/509 914/161/510 1153/162/511 1383/178/512
f 920/179/513 1250/176/514 1383/178/515 1156/180/516
f 921/177/517 1250/176/518 920/179/519 35/181/520
f 31/167/521 916/166/522 1251/182/523 923/183/524
f 916/166/525 32/163/526 921/177/527 1251/182/528
f 1251/182/529 921/177/530 35/181/531 922/184/532
f 923/183/533 1251/182/534 922/184/535 34/185/536
f 82/171/537 30/170/538 924/186/539 992/187/540
f 924/186/541 33/188/542 84/189/543 992/187/544
f 30/170/545 919/175/546 1252/190/547 924/186/548
f 919/175/549 31/174/550 923/191/551 1252/190/552
f 1252/190/553 923/191/554 34/192/555 925/193/556
f 924/186/557 1252/190/558 925/193/559 33/188/560
f 35/181/561 920/179/562 1253/194/563 927/195/564
f 1253/194/565 920/179/566 1156/180/567 1385/196/568
f 926/197/569 1253/194/570 1385/196/571 1159/198/572
f 927/195/573 1253/194/574 926/197/575 38/199/576
f 34/185/577 922/184/578 1254/200/579 929/201/580
f 922/184/581 35/181/582 927/195/583 1254/200/584
f 1254/200/585 927/195/586 38/199/587 928/202/588
f 929/201/589 1254/200/590 928/202/591 37/203/592
f 84/189/593 33/188/594 930/204/595 993/205/596
f 930/204/597 36/206/598 86/207/599 993/205/600
f 33/188/601 925/193/602 1255/208/603 930/204/604
f 925/193/605 34/192/606 929/209/607 1255/208/608
f 1255/208/609 929/209/610 37/210/611 931/211/612
f 930/204/613 1255/208/614 931/211/615 36/206/616
f 38/199/617 926/197/618 1256/212/619 933/213/620
f 1256/212/621 926/197/622 1159/198/623 1387/214/624
f 932/215/625 1256/212/626 1387/214/627 1162/216/628
f 933/213/629 1256/212/630 932/215/631 41/217/632
f 37/203/633 928/202/634 1257/218/635 935/219/636
f 928/202/637 38/199/638 933/213/639 1257/218/640
f 1257/218/641 933/213/642 41/217/643 934/220/644
f 935/219/645 1257/218/646 934/220/647 40/221/648
f 86/207/649 36/206/650 936/222/651 994/223/652
f 936/222/653 39/224/654 88/225/655 994/223/656
f 36/206/657 931/211/658 1258/226/659 936/222/660
f 931/211/661 37/210/662 935/227/663 1258/226/664
f 1258/226/665 935/227/666 40/228/667 937/229/668
f 936/222/669 1258/226/670 937/229/671 39/224/672
f 41/217/673 932/215/674 1259/230/675 939/231/676
f 1259/230/677 932/215/678 1162/216/679 1389/232/680
f 938/233/681 1259/230/682 1389/232/683 1165/234/684
f 939/231/685 1259/230/686 938/233/687 44/235/688
f 40/221/689 934/220/690 1260/236/691 941/237/692
f 934/220/693 41/217/694 939/231/695 1260/236/696
f 1260/236/697 939/231/698 44/235/699 940/238/700
f 941/237/701 1260/236/702 940/238/703 43/239/704
f 88/225/705 39/224/706 942/240/707 995/241/708
f 942/240/709 42/242/710 90/243/711 995/241/712
f 39/224/713 937/229/714 1261/244/715 942/240/716
f 937/229/717 40/228/718 941/245/719 1261/244/720
f 1261/244/721 941/245/722 43/246/723 943/247/724
f 942/240/725 1261/244/726 943/247/727 42/242/728
f 44/235/729 938/233/730 1262/248/731 945/249/732
f 1262/248/733 938/233/734 1165/234/735 1391/250/736
f 944/251/737 1262/248/738 1391/250/739 1168/252/740
f 945/249/741 1262/248/742 944/251/743 47/253/744
f 43/239/745 940/238/746 1263/254/747 947/255/748
f 940/238/749 44/235/750 945/249/751 1263/254/752
f 1263/254/753 945/249/754 47/253/755 946/256/756
f 947/255/757 1263/254/758 946/256/759 46/257/760
f 90/243/761 42/242/762 948/258/763 996/259/764
f 948/258/765 45/260/766 92/261/767 996/259/768
f 42/242/769 943/247/770 1264/262/771 948/258/772
f 943/247/773 43/246/774 947/263/775 1264/262/776
f 1264/262/777 947/263/778 46/264/779 949/265/780
f 948/258/781 1264/262/782 949/265/783 45/260/784
f 47/253/785 944/251/786 1265/266/787 951/267/788
f 1265/266/789 944/251/790 1168/252/791 1393/268/792
f 950/269/793 1265/266/794 1393/268/795 1171/270/796
f 951/267/797 1265/266/798 950/269/799 50/271/800
f 46/257/801 946/256/802 1266/272/803 953/273/804
f 946/256/805 47/253/806 951/267/807 1266/272/808
f 1266/272/809 951/267/810 50/271/811 952/274/812
f 953/273/813 1266/272/814 952/274/815 49/275/816
f 92/261/817 45/260/818 954/276/819 997/277/820
f 954/276/821 48/278/822 94/279/823 997/277/824
f 45/260/825 949/265/826 1267/280/827 954/276/828
f 949/265/829 46/264/830 953/281/831 1267/280/832
f 1267/280/833 953/281/834 49/282/835 955/283/836
f 954/276/837 1267/280/838 955/283/839 48/278/840
f 50/271/841 950/269/842 1268/284/843 957/285/844
f 1268/284/845 950/269/846 1171/270/847 1395/286/848
f 956/287/849 1268/284/850 1395/286/851 1174/288/852
f 957/285/853 1268/284/854 956/287/855 53/289/856
f 49/275/857 952/274/858 1269/290/859 959/291/860
f 952/274/861 50/271/862 957/285/863 1269/290/864
f 1269/290/865 957/285/866 53/289/867 958/292/868
f 959/291/869 1269/290/870 958/292/871 52/293/872
f 94/279/873 48/278/874 960/294/875 998/295/876
f 960/294/877 51/296/878 96/297/879 998/295/880
f 48/278/881 955/283/882 1270/298/883 960/294/884
f 955/283/885 49/282/886 959/299/887 1270/298/888
f 1270/298/889 959/299/890 52/300/891 961/301/892
f 960/294/893 1270/298/894 961/301/895 51/296/896
f 53/289/897 956/287/898 1271/302/899 963/303/900
f 1271/302/901 956/287/902 1174/288/903 1397/304/904
f 962/305/905 1271/302/906 1397/304/907 1177/306/908
f 963/303/909 1271/302/910 962/305/911 56/307/912
f 52/293/913 958/292/914 1272/308/915 965/309/916
f 958/292/917 53/289/918 963/303/919 1272/308/920
f 1272/308/921 963/303/922 56/307/923 964/310/924
f 965/309/925 1272/308/926 964/310/927 55/311/928
f 96/297/929 51/296/930 966/312/931 999/313/932
f 966/312/933 54/314/934 98/315/935 999/313/936
f 51/296/937 961/301/938 1273/316/939 966/312/940
f 961/301/941 52/300/942 965/317/943 1273/316/944
f 1273/316/945 965/317/946 55/318/947 967/319/948
f 966/312/949 1273/316/950 967/319/951 54/314/952
f 56/307/953 962/305/954 1274/320/955 969/321/956
f 1274/320/957 962/305/958 1177/306/959 1399/322/960
f 968/323/961 1274/320/962 1399/322/963 1180/324/964
f 969/321/965 1274/320/966 968/323/967 59/325/968
f 55/311/969 964/310/970 1275/326/971 971/327/972
f 964/310/973 56/307/974 969/321/975 1275/326/976
f 1275/326/977 969/321/978 59/325/979 970/328/980
f 971/327/981 1275/326/982 970/328/983 58/329/984
f 98/315/985 54/314/986 972/330/987 1000/331/988
f 972/330/989 57/332/990 100/333/991 1000/331/992
f 54/314/993 967/319/994 1276/334/995 972/330/996
f 967/319/997 55/318/998 971/335/999 1276/334/1000
f 1276/334/1001 971/335/1002 58/336/1003 973/337/1004
f 972/330/1005 1276/334/1006 973/337/1007 57/332/1008
f 59/325/1009 968/323/1010 1277/338/1011 975/339/1012
f 1277/338/1013 968/323/1014 1180/324/1015 1401/340/1016
f 974/341/1017 1277/338/1018 1401/340/1019 1127/342/1020
f 975/339/1021 1277/338/1022 974/341/1023 62/343/1024
f 58/329/1025 970/328/1026 1278/344/1027 977/345/1028
f 970/328/1029 59/325/1030 975/339/1031 1278/344/1032
f 1278/344/1033 975/339/1034 62/343/1035 976/346/1036
f 977/345/1037 1278/344/1038 976/346/1039 61/347/1040
f 100/333/1041 57/332/1042 978/348/1043 1001/349/1044
f 978/348/1045 60/350/1046 102/351/1047 1001/349/1048
f 57/332/1049 973/337/1050 1279/352/1051 978/348/1052
f 973/337/1053 58/336/1054 977/353/1055 1279/352/1056
f 1279/352/1057 977/353/1058 61/354/1059 979/355/1060
f 978/348/1061 1279/352/1062 979/355/1063 60/350/1064
f 863/2/1065 5/1/1066 980/356/1067 1280/357/1068
f 1280/357/1069 980/356/1070 62/343/1071 974/341/1072
f 1364/358/1073 1280/357/1074 974/341/1075 1127/342/1076
f 5/1/1077 866/11/1078 1281/359/1079 980/356/1080
f 866/11/1081 4/10/1082 981/360/1083 1281/359/1084
f 1281/359/1085 981/360/1086 61/347/1087 976/346/1088
f 980/356/1089 1281/359/1090 976/346/1091 62/343/1092
f 4/24/1093 870/22/1094 1282/361/1095 981/362/1096
f 870/22/1097 3/16/1098 982/363/1099 1282/361/1100
f 1282/361/1101 982/363/1102 60/350/1103 979/355/1104
f 981/362/1105 1282/361/1106 979/355/1107 61/354/1108
f 982/363/1109 3/16/1110 64/19/1111 1002/364/1112
f 102/351/1113 60/350/1114 982/363/1115 1002/364/1116
f 1003/365/1117 1283/366/1118 2/367/1119
f 1003/365/1120 63/368/1121 1004/369/1122 1283/366/1123
f 1283/366/1124 1004/369/1125 65/370/1126 1005/371/1127
f 2/367/1128 1283/366/1129 1005/371/1130
f 63/372/1131 1006/373/1132 1284/374/1133 1004/375/1134
f 1006/373/1135 64/19/1136 983/18/1137 1284/374/1138
f 1284/374/1139 983/18/1140 66/21/1141 1007/376/1142
f 1004/375/1143 1284/374/1144 1007/376/1145 65/377/1146
f 1005/371/1147 1285/378/1148 2/367/1149
f 1005/371/1150 65/370/1151 1008/379/1152 1285/378/1153
f 1285/378/1154 1008/379/1155 67/380/1156 1009/381/1157
f 2/367/1158 1285/378/1159 1009/381/1160
f 65/377/1161 1007/376/1162 1286/382/1163 1008/383/1164
f 1007/376/1165 66/21/1166 984/39/1167 1286/382/1168
f 1286/382/1169 984/39/1170 68/41/1171 1010/384/1172
f 1008/383/1173 1286/382/1174 1010/384/1175 67/385/1176
f 1009/381/1177 1287/386/1178 2/367/1179
f 1009/381/1180 67/380/1181 1011/387/1182 1287/386/1183
f 1287/386/1184 1011/387/1185 69/388/1186 1012/389/1187
f 2/367/1188 1287/386/1189 1012/389/1190
f 67/385/1191 1010/384/1192 1288/390/1193 1011/391/1194
f 1010/384/1195 68/41/1196 985/57/1197 1288/390/1198
f 1288/390/1199 985/57/1200 70/59/1201 1013/392/1202
f 1011/391/1203 1288/390/1204 1013/392/1205 69/393/1206
f 1012/389/1207 1289/394/1208 2/367/1209
f 1012/389/1210 69/388/1211 1014/395/1212 1289/394/1213
f 1289/394/1214 1014/395/1215 71/396/1216 1015/397/1217
f 2/367/1218 1289/394/1219 1015/397/1220
f 69/393/1221 1013/392/1222 1290/398/1223 1014/399/1224
f 1013/392/1225 70/59/1226 986/75/1227 1290/398/1228
f 1290/398/1229 986/75/1230 72/77/1231 1016/400/1232
f 1014/399/1233 1290/398/1234 1016/400/1235 71/401/1236
f 1015/397/1237 1291/402/1238 2/367/1239
f 1015/397/1240 71/396/1241 1017/403/1242 1291/402/1243
f 1291/402/1244 1017/403/1245 73/404/1246 1018/405/1247
f 2/367/1248 1291/402/1249 1018/405/1250
f 71/406/1251 1016/407/1252 1292/408/1253 1017/409/1254
f 1016/407/1255 72/92/1256 987/95/1257 1292/408/1258
f 1292/408/1259 987/95/1260 74/97/1261 1019/410/1262
f 1017/409/1263 1292/408/1264 1019/410/1265 73/411/1266
f 1018/405/1267 1293/412/1268 2/367/1269
f 1018/405/1270 73/404/1271 1020/413/1272 1293/412/1273
f 1293/412/1274 1020/413/1275 75/414/1276 1021/415/1277
f 2/367/1278 1293/412/1279 1021/415/1280
f 73/411/1281 1019/410/1282 1294/416/1283 1020/417/1284
f 1019/410/1285 74/97/1286 988/115/1287 1294/416/1288
f 1294/416/1289 988/115/1290 76/117/1291 1022/418/1292
f 1020/417/1293 1294/416/1294 1022/418/1295 75/419/1296
f 1021/415/1297 1295/420/1298 2/367/1299
f 1021/415/1300 75/414/1301 1023/421/1302 1295/420/1303
f 1295/420/1304 1023/421/1305 77/422/1306 1024/423/1307
f 2/367/1308 1295/420/1309 1024/423/1310
f 75/419/1311 1022/418/1312 1296/424/1313 1023/425/1314
f 1022/418/1315 76/117/1316 989/133/1317 1296/424/1318
f 1296/424/1319 989/133/1320 78/135/1321 1025/426/1322
f 1023/425/1323 1296/424/1324 1025/426/1325 77/427/1326
f 1024/423/1327 1297/428/1328 2/367/1329
f 1024/423/1330 77/422/1331 1026/429/1332 1297/428/1333
f 1297/428/1334 1026/429/1335 79/430/1336 1027/431/1337
f 2/367/1338 1297/428/1339 1027/431/1340
f 77/427/1341 1025/426/1342 1298/432/1343 1026/433/1344
f 1025/426/1345 78/135/1346 990/151/1347 1298/432/1348
f 1298/432/1349 990/151/1350 80/153/1351 1028/434/1352
f 1026/433/1353 1298/432/1354 1028/434/1355 79/435/1356
f 1027/431/1357 1299/436/1358 2/367/1359
f 1027/431/1360 79/430/1361 1029/437/1362 1299/436/1363
f 1299/436/1364 1029/437/1365 81/438/1366 1030/439/1367
f 2/367/1368 1299/436/1369 1030/439/1370
f 79/435/1371 1028/434/1372 1300/440/1373 1029/441/1374
f 1028/434/1375 80/153/1376 991/169/1377 1300/440/1378
f 1300/440/1379 991/169/1380 82/171/1381 1031/442/1382
f 1029/441/1383 1300/440/1384 1031/442/1385 81/443/1386
f 1030/439/1387 1301/444/1388 2/367/1389
f 1030/439/1390 81/438/1391 1032/445/1392 1301/444/1393
f 1301/444/1394 1032/445/1395 83/446/1396 1033/447/1397
f 2/367/1398 1301/444/1399 1033/447/1400
f 81/443/1401 1031/442/1402 1302/448/1403 1032/449/1404
f 1031/442/1405 82/171/1406 992/187/1407 1302/448/1408
f 1302/448/1409 992/187/1410 84/189/1411 1034/450/1412
f 1032/449/1413 1302/448/1414 1034/450/1415 83/451/1416
f 1033/447/1417 1303/452/1418 2/367/1419
f 1033/447/1420 83/446/1421 1035/453/1422 1303/452/1423
f 1303/452/1424 1035/453/1425 85/454/1426 1036/455/1427
f 2/367/1428 1303/452/1429 1036/455/1430
f 83/451/1431 1034/450/1432 1304/456/1433 1035/457/1434
f 1034/450/1435 84/189/1436 993/205/1437 1304/456/1438
f 1304/456/1439 993/205/1440 86/207/1441 1037/458/1442
f 1035/457/1443 1304/456/1444 1037/458/1445 85/459/1446
f 1036/455/1447 1305/460/1448 2/367/1449
f 1036/455/1450 85/454/1451 1038/461/1452 1305/460/1453
f 1305/460/1454 1038/461/1455 87/462/1456 1039/463/1457
f 2/367/1458 1305/460/1459 1039/463/1460
f 85/459/1461 1037/458/1462 1306/464/1463 1038/465/1464
f 1037/458/1465 86/207/1466 994/223/1467 1306/464/1468
f 1306/464/1469 994/223/1470 88/225/1471 1040/466/1472
f 1038/465/1473 1306/464/1474 1040/466/1475 87/467/1476
f 1039/463/1477 1307/468/1478 2/367/1479
f 1039/463/1480 87/462/1481 1041/469/1482 1307/468/1483
f 1307/468/1484 1041/469/1485 89/470/1486 1042/471/1487
f 2/367/1488 1307/468/1489 1042/471/1490
f 87/467/1491 1040/466/1492 1308/472/1493 1041/473/1494
f 1040/466/1495 88/225/1496 995/241/1497 1308/472/1498
f 1308/472/1499 995/241/1500 90/243/1501 1043/474/1502
f 1041/473/1503 1308/472/1504 1043/474/1505 89/475/1506
f 1042/471/1507 1309/476/1508 2/367/1509
f 1042/471/1510 89/470/1511 1044/477/1512 1309/476/1513
f 1309/476/1514 1044/477/1515 91/478/1516 1045/479/1517
f 2/367/1518 1309/476/1519 1045/479/1520
f 89/475/1521 1043/474/1522 1310/480/1523 1044/481/1524
f 1043/474/1525 90/243/1526 996/259/1527 1310/480/1528
f 1310/480/1529 996/259/1530 92/261/1531 1046/482/1532
f 1044/481/1533 1310/480/1534 1046/482/1535 91/483/1536
f 1045/479/1537 1311/484/1538 2/367/1539
f 1045/479/1540 91/478/1541 1047/485/1542 1311/484/1543
f 1311/484/1544 1047/485/1545 93/486/1546 1048/487/1547
f 2/367/1548 1311/484/1549 1048/487/1550
f 91/483/1551 1046/482/1552 1312/488/1553 1047/489/1554
f 1046/482/1555 92/261/1556 997/277/1557 1312/488/1558
f 1312/488/1559 997/277/1560 94/279/1561 1049/490/1562
f 1047/489/1563 1312/488/1564 1049/490/1565 93/491/1566
f 1048/487/1567 1313/492/1568 2/367/1569
f 1048/487/1570 93/486/1571 1050/493/1572 1313/492/1573
f 1313/492/1574 1050/493/1575 95/494/1576 1051/495/1577
f 2/367/1578 1313/492/1579 1051/495/1580
f 93/491/1581 1049/490/1582 1314/496/1583 1050/497/1584
f 1049/490/1585 94/279/1586 998/295/1587 1314/496/1588
f 1314/496/1589 998/295/1590 96/297/1591 1052/498/1592
f 1050/497/1593 1314/496/1594 1052/498/1595 95/499/1596
f 1051/495/1597 1315/500/1598 2/367/1599
f 1051/495/1600 95/494/1601 1053/501/1602 1315/500/1603
f 1315/500/1604 1053/501/1605 97/502/1606 1054/503/1607
f 2/367/1608 1315/500/1609 1054/503/1610
f 95/499/1611 1052/498/1612 1316/504/1613 1053/505/1614
f 1052/498/1615 96/297/1616 999/313/1617 1316/504/1618
f 1316/504/1619 999/313/1620 98/315/1621 1055/506/1622
f 1053/505/1623 1316/504/1624 1055/506/1625 97/507/1626
f 1054/503/1627 1317/508/1628 2/367/1629
f 1054/503/1630 97/502/1631 1056/509/1632 1317/508/1633
f 1317/508/1634 1056/509/1635 99/510/1636 1057/511/1637
f 2/367/1638 1317/508/1639 1057/511/1640
f 97/507/1641 1055/506/1642 1318/512/1643 1056/513/1644
f 1055/506/1645 98/315/1646 1000/331/1647 1318/512/1648
f 1318/512/1649 1000/331/1650 100/333/1651 1058/514/1652
f 1056/513/1653 1318/512/1654 1058/514/1655 99/515/1656
f 1057/511/1657 1319/516/1658 2/367/1659
f 1057/511/1660 99/510/1661 1059/517/1662 1319/516/1663
f 1319/516/1664 1059/517/1665 101/518/1666 1060/519/1667
f 2/367/1668 1319/516/1669 1060/519/1670
f 99/515/1671 1058/514/1672 1320/520/1673 1059/521/1674
f 1058/514/1675 100/333/1676 1001/349/1677 1320/520/1678
f 1320/520/1679 1001/349/1680 102/351/1681 1061/522/1682
f 1059/521/1683 1320/520/1684 1061/522/1685 101/523/1686
f 64/19/1687 1006/373/1688 1321/524/1689 1002/364/1690
f 1006/373/1691 63/372/1692 1062/525/1693 1321/524/1694
f 1321/524/1695 1062/525/1696 101/523/1697 1061/522/1698
f 1002/364/1699 1321/524/1700 1061/522/1701 102/351/1702
f 63/368/1703 1003/365/1704 1322/526/1705 1062/527/1706
f 2/367/1707 1322/526/1708 1003/365/1709
f 1060/519/1710 1322/526/1711 2/367/1712
f 1062/527/1713 1322/526/1714 1060/519/1715 101/518/1716
f 1063/528/1717 103/529/1718 1064/530/1719 1323/531/1720
f 1323/531/1721 1064/530/1722 122/532/1723 1065/533/1724
f 103/529/1725 1066/534/1726 1324/535/1727 1064/530/1728
f 1324/535/1729 1066/534/1730 1123/536/1731 1363/537/1732
f 1125/538/1733 1067/539/1734 1324/535/1735 1363/537/1736
f 1064/530/1737 1324/535/1738 1067/539/1739 122/532/1740
f 1066/534/1741 1325/540/1742 1366/541/1743 1123/536/1744
f 1066/534/1745 103/529/1746 1068/542/1747 1325/540/1748
f 1325/540/1749 1068/542/1750 104/543/1751 1069/544/1752
f 1325/540/1753 1069/544/1754 1130/545/1755 1366/541/1756
f 103/529/1757 1063/528/1758 1326/546/1759 1068/542/1760
f 1068/542/1761 1326/546/1762 1070/547/1763 104/543/1764
f 1130/545/1765 1069/544/1766 1327/548/1767 1368/549/1768
f 1069/544/1769 104/543/1770 1071/550/1771 1327/548/1772
f 1327/548/1773 1071/550/1774 105/551/1775 1072/552/1776
f 1327/548/1777 1072/552/1778 1133/553/1779 1368/549/1780
f 104/543/1781 1070/547/1782 1328/554/1783 1071/550/1784
f 1071/550/1785 1328/554/1786 1073/555/1787 105/551/1788
f 1133/553/1789 1072/552/1790 1329/556/1791 1370/557/1792
f 1072/552/1793 105/551/1794 1074/558/1795 1329/556/1796
f 1329/556/1797 1074/558/1798 106/559/1799 1075/560/1800
f 1329/556/1801 1075/560/1802 1136/561/1803 1370/557/1804
f 105/551/1805 1073/555/1806 1330/562/1807 1074/558/1808
f 1074/558/1809 1330/562/1810 1076/563/1811 106/559/1812
f 1136/561/1813 1075/560/1814 1331/564/1815 1372/565/1816
f 1075/560/1817 106/559/1818 1077/566/1819 1331/564/1820
f 1331/564/1821 1077/566/1822 107/567/1823 1078/568/1824
f 1331/564/1825 1078/568/1826 1139/569/1827 1372/565/1828
f 106/559/1829 1076/563/1830 1332/570/1831 1077/566/1832
f 1077/566/1833 1332/570/1834 1079/571/1835 107/567/1836
f 1139/569/1837 1078/568/1838 1333/572/1839 1374/573/1840
f 1078/568/1841 107/567/1842 1080/574/1843 1333/572/1844
f 1333/572/1845 1080/574/1846 108/575/1847 1081/576/1848
f 1333/572/1849 1081/576/1850 1142/577/1851 1374/573/1852
f 107/567/1853 1079/571/1854 1334/578/1855 1080/574/1856
f 1080/574/1857 1334/578/1858 1082/579/1859 108/575/1860
f 1142/577/1861 1081/576/1862 1335/580/1863 1376/581/1864
f 1081/576/1865 108/575/1866 1083/582/1867 1335/580/1868
f 1335/580/1869 1083/582/1870 109/583/1871 1084/584/1872
f 1335/580/1873 1084/584/1874 1145/585/1875 1376/581/1876
f 108/575/1877 1082/579/1878 1336/586/1879 1083/582/1880
f 1083/582/1881 1336/586/1882 1085/587/1883 109/583/1884
f 1145/585/1885 1084/584/1886 1337/588/1887 1378/589/1888
f 1084/584/1889 109/583/1890 1086/590/1891 1337/588/1892
f 1337/588/1893 1086/590/1894 110/591/1895 1087/592/1896
f 1337/588/1897 1087/592/1898 1148/593/1899 1378/589/1900
f 109/583/1901 1085/587/1902 1338/594/1903 1086/590/1904
f 1086/590/1905 1338/594/1906 1088/595/1907 110/591/1908
f 1148/593/1909 1087/592/1910 1339/596/1911 1380/597/1912
f 1087/592/1913 110/591/1914 1089/598/1915 1339/596/1916
f 1339/596/1917 1089/598/1918 111/599/1919 1090/600/1920
f 1339/596/1921 1090/600/1922 1151/601/1923 1380/597/1924
f 110/591/1925 1088/595/1926 1340/602/1927 1089/598/1928
f 1089/598/1929 1340/602/1930 1091/603/1931 111/599/1932
f 1151/601/1933 1090/600/1934 1341/604/1935 1382/605/1936
f 1090/600/1937 111/599/1938 1092/606/1939 1341/604/1940
f 1341/604/1941 1092/606/1942 112/607/1943 1093/608/1944
f 1341/604/1945 1093/608/1946 1154/609/1947 1382/605/1948
f 111/599/1949 1091/603/1950 1342/610/1951 1092/606/1952
f 1092/606/1953 1342/610/1954 1094/611/1955 112/607/1956
f 1154/609/1957 1093/608/1958 1343/612/1959 1384/613/1960
f 1093/608/1961 112/607/1962 1095/614/1963 1343/612/1964
f 1343/612/1965 1095/614/1966 113/615/1967 1096/616/1968
f 1343/612/1969 1096/616/1970 1157/617/1971 1384/613/1972
f 112/607/1973 1094/611/1974 1344/618/1975 1095/614/1976
f 1095/614/1977 1344/618/1978 1097/619/1979 113/615/1980
f 1157/617/1981 1096/616/1982 1345/620/1983 1386/621/1984
f 1096/616/1985 113/615/1986 1098/622/1987 1345/620/1988
f 1345/620/1989 1098/622/1990 114/623/1991 1099/624/1992
f 1345/620/1993 1099/624/1994 1160/625/1995 1386/621/1996
f 113/615/1997 1097/619/1998 1346/626/1999 1098/622/2000
f 1098/622/2001 1346/626/2002 1100/627/2003 114/623/2004
f 1160/625/2005 1099/624/2006 1347/628/2007 1388/629/2008
f 1099/624/2009 114/623/2010 1101/630/2011 1347/628/2012
f 1347/628/2013 1101/630/2014 115/631/2015 1102/632/2016
f 1347/628/2017 1102/632/2018 1163/633/2019 1388/629/2020
f 114/623/2021 1100/627/2022 1348/634/2023 1101/630/2024
f 1101/630/2025 1348/634/2026 1103/635/2027 115/631/2028
f 1163/633/2029 1102/632/2030 1349/636/2031 1390/637/2032
f 1102/632/2033 115/631/2034 1104/638/2035 1349/636/2036
f 1349/636/2037 1104/638/2038 116/639/2039 1105/640/2040
f 1349/636/2041 1105/640/2042 1166/641/2043 1390/637/2044
f 115/631/2045 1103/635/2046 1350/642/2047 1104/638/2048
f 1104/638/2049 1350/642/2050 1106/643/2051 116/639/2052
f 1166/641/2053 1105/640/2054 1351/644/2055 1392/645/2056
f 1105/640/2057 116/639/2058 1107/646/2059 1351/644/2060
f 1351/644/2061 1107/646/2062 117/647/2063 1108/648/2064
f 1351/644/2065 1108/648/2066 1169/649/2067 1392/645/2068
f 116/639/2069 1106/643/2070 1352/650/2071 1107/646/2072
f 1107/646/2073 1352/650/2074 1109/651/2075 117/647/2076
f 1169/649/2077 1108/648/2078 1353/652/2079 1394/653/2080
f 1108/648/2081 117/647/2082 1110/654/2083 1353/652/2084
f 1353/652/2085 1110/654/2086 118/655/2087 1111/656/2088
f 1353/652/2089 1111/656/2090 1172/657/2091 1394/653/2092
f 117/647/2093 1109/651/2094 1354/658/2095 1110/654/2096
f 1110/654/2097 1354/658/2098 1112/659/2099 118/655/2100
f 1172/657/2101 1111/656/2102 1355/660/2103 1396/661/2104
f 1111/656/2105 118/655/2106 1113/662/2107 1355/660/2108
f 1355/660/2109 1113/662/2110 119/663/2111 1114/664/2112
f 1355/660/2113 1114/664/2114 1175/665/2115 1396/661/2116
f 118/655/2117 1112/659/2118 1356/666/2119 1113/662/2120
f 1113/662/2121 1356/666/2122 1115/667/2123 119/663/2124
f 1175/665/2125 1114/664/2126 1357/668/2127 1398/669/2128
f 1114/664/2129 119/663/2130 1116/670/2131 1357/668/2132
f 1357/668/2133 1116/670/2134 120/671/2135 1117/672/2136
f 1357/668/2137 1117/672/2138 1178/673/2139 1398/669/2140
f 119/663/2141 1115/667/2142 1358/674/2143 1116/670/2144
f 1116/670/2145 1358/674/2146 1118/675/2147 120/671/2148
f 1178/673/2149 1117/672/2150 1359/676/2151 1400/677/2152
f 1117/672/2153 120/671/2154 1119/678/2155 1359/676/2156
f 1359/676/2157 1119/678/2158 121/679/2159 1120/680/2160
f 1359/676/2161 1120/680/2162 1181/681/2163 1400/677/2164
f 120/671/2165 1118/675/2166 1360/682/2167 1119/678/2168
f 1119/678/2169 1360/682/2170 1121/683/2171 121/679/2172
f 1181/681/2173 1120/680/2174 1361/684/2175 1402/685/2176
f 1120/680/2177 121/679/2178 1122/686/2179 1361/684/2180
f 1361/684/2181 1122/686/2182 122/532/2183 1067/539/2184
f 1361/684/2185 1067/539/2186 1125/538/2187 1402/685/2188
f 121/679/2189 1121/683/2190 1362/687/2191 1122/686/2192
f 1122/686/2193 1362/687/2194 1065/533/2195 122/532/2196
f 1123/536/2197 123/688/2198 1124/689/2199 1363/537/2200
f 1363/537/2201 1124/689/2202 142/690/2203 1125/538/2204
f 123/691/2205 1126/5/2206 1364/358/2207 1124/692/2208
f 1364/358/2209 1126/5/2210 863/2/2211 1280/357/2212
f 1124/692/2213 1364/358/2214 1127/342/2215 142/693/2216
f 1126/5/2217 123/691/2218 1128/694/2219 1365/6/2220
f 1365/6/2221 1128/694/2222 124/695/2223 1129/8/2224
f 123/688/2225 1123/536/2226 1366/541/2227 1128/696/2228
f 1128/696/2229 1366/541/2230 1130/545/2231 124/697/2232
f 1129/8/2233 124/695/2234 1131/698/2235 1367/30/2236
f 1367/30/2237 1131/698/2238 125/699/2239 1132/32/2240
f 124/697/2241 1130/545/2242 1368/549/2243 1131/700/2244
f 1131/700/2245 1368/549/2246 1133/553/2247 125/701/2248
f 1132/32/2249 125/699/2250 1134/702/2251 1369/48/2252
f 1369/48/2253 1134/702/2254 126/703/2255 1135/50/2256
f 125/701/2257 1133/553/2258 1370/557/2259 1134/704/2260
f 1134/704/2261 1370/557/2262 1136/561/2263 126/705/2264
f 1135/50/2265 126/703/2266 1137/706/2267 1371/66/2268
f 1371/66/2269 1137/706/2270 127/707/2271 1138/68/2272
f 126/705/2273 1136/561/2274 1372/565/2275 1137/708/2276
f 1137/708/2277 1372/565/2278 1139/569/2279 127/709/2280
f 1138/68/2281 127/707/2282 1140/710/2283 1373/84/2284
f 1373/84/2285 1140/710/2286 128/711/2287 1141/86/2288
f 127/709/2289 1139/569/2290 1374/573/2291 1140/712/2292
f 1140/712/2293 1374/573/2294 1142/577/2295 128/713/2296
f 1141/86/2297 128/711/2298 1143/714/2299 1375/106/2300
f 1375/106/2301 1143/714/2302 129/715/2303 1144/108/2304
f 128/713/2305 1142/577/2306 1376/581/2307 1143/716/2308
f 1143/716/2309 1376/581/2310 1145/585/2311 129/717/2312
f 1144/108/2313 129/715/2314 1146/718/2315 1377/124/2316
f 1377/124/2317 1146/718/2318 130/719/2319 1147/126/2320
f 129/717/2321 1145/585/2322 1378/589/2323 1146/720/2324
f 1146/720/2325 1378/589/2326 1148/593/2327 130/721/2328
f 1147/126/2329 130/719/2330 1149/722/2331 1379/142/2332
f 1379/142/2333 1149/722/2334 131/723/2335 1150/144/2336
f 130/721/2337 1148/593/2338 1380/597/2339 1149/724/2340
f 1149/724/2341 1380/597/2342 1151/601/2343 131/725/2344
f 1150/144/2345 131/723/2346 1152/726/2347 1381/160/2348
f 1381/160/2349 1152/726/2350 132/727/2351 1153/162/2352
f 131/725/2353 1151/601/2354 1382/605/2355 1152/728/2356
f 1152/728/2357 1382/605/2358 1154/609/2359 132/729/2360
f 1153/162/2361 132/727/2362 1155/730/2363 1383/178/2364
f 1383/178/2365 1155/730/2366 133/731/2367 1156/180/2368
f 132/729/2369 1154/609/2370 1384/613/2371 1155/732/2372
f 1155/732/2373 1384/613/2374 1157/617/2375 133/733/2376
f 1156/180/2377 133/731/2378 1158/734/2379 1385/196/2380
f 1385/196/2381 1158/734/2382 134/735/2383 1159/198/2384
f 133/733/2385 1157/617/2386 1386/621/2387 1158/736/2388
f 1158/736/2389 1386/621/2390 1160/625/2391 134/737/2392
f 1159/198/2393 134/735/2394 1161/738/2395 1387/214/2396
f 1387/214/2397 1161/738/2398 135/739/2399 1162/216/2400
f 134/737/2401 1160/625/2402 1388/629/2403 1161/740/2404
f 1161/740/2405 1388/629/2406 1163/633/2407 135/741/2408
f 1162/216/2409 135/739/2410 1164/742/2411 1389/232/2412
f 1389/232/2413 1164/742/2414 136/743/2415 1165/234/2416
f 135/741/2417 1163/633/2418 1390/637/2419 1164/744/2420
f 1164/744/2421 1390/637/2422 1166/641/2423 136/745/2424
f 1165/234/2425 136/743/2426 1167/746/2427 1391/250/2428
f 1391/250/2429 1167/746/2430 137/747/2431 1168/252/2432
f 136/745/2433 1166/641/2434 1392/645/2435 1167/748/2436
f 1167/748/2437 1392/645/2438 1169/649/2439 137/749/2440
f 1168/252/2441 137/747/2442 1170/750/2443 1393/268/2444
f 1393/268/2445 1170/750/2446 138/751/2447 1171/270/2448
f 137/749/2449 1169/649/2450 1394/653/2451 1170/752/2452
f 1170/752/2453 1394/653/2454 1172/657/2455 138/753/2456
f 1171/270/2457 138/751/2458 1173/754/2459 1395/286/2460
f 1395/286/2461 1173/754/2462 139/755/2463 1174/288/2464
f 138/753/2465 1172/657/2466 1396/661/2467 1173/756/2468
f 1173/756/2469 1396/661/2470 1175/665/2471 139/757/2472
f 1174/288/2473 139/755/2474 1176/758/2475 1397/304/2476
f 1397/304/2477 1176/758/2478 140/759/2479 1177/306/2480
f 139/757/2481 1175/665/2482 1398/669/2483 1176/760/2484
f 1176/760/2485 1398/669/2486 1178/673/2487 140/761/2488
f 1177/306/2489 140/759/2490 1179/762/2491 1399/322/2492
f 1399/322/2493 1179/762/2494 141/763/2495 1180/324/2496
f 140/761/2497 1178/673/2498 1400/677/2499 1179/764/2500
f 1179/764/2501 1400/677/2502 1181/681/2503 141/765/2504
f 1180/324/2505 141/763/2506 1182/766/2507 1401/340/2508
f 1401/340/2509 1182/766/2510 142/693/2511 1127/342/2512
f 141/765/2513 1181/681/2514 1402/685/2515 1182/767/2516
f 1182/767/2517 1402/685/2518 1125/538/2519 142/690/2520
f 343/768/2521 1183/769/2522 1403/770/2523 1185/771/2524
f 1183/769/2525 344/772/2526 1184/773/2527 1403/770/2528
f 344/772/2529 1186/774/2530 1404/775/2531 1184/773/2532
f 1186/774/2533 345/776/2534 1187/777/2535 1404/775/2536
f 345/776/2537 1188/778/2538 1405/779/2539 1187/777/2540
f 1188/778/2541 346/780/2542 1189/781/2543 1405/779/2544
f 346/780/2545 1190/782/2546 1406/783/2547 1189/781/2548
f 1190/782/2549 347/784/2550 1191/785/2551 1406/783/2552
f 347/786/2553 1192/787/2554 1407/788/2555 1191/789/2556
f 1192/787/2557 348/790/2558 1193/791/2559 1407/788/2560
f 348/790/2561 1194/792/2562 1408/793/2563 1193/791/2564
f 1194/792/2565 349/794/2566 1195/795/2567 1408/793/2568
f 349/794/2569 1196/796/2570 1409/797/2571 1195/795/2572
f 1196/796/2573 350/798/2574 1197/799/2575 1409/797/2576
f 350/798/2577 1198/800/2578 1410/801/2579 1197/799/2580
f 1198/800/2581 351/802/2582 1199/803/2583 1410/801/2584
f 351/802/2585 1200/804/2586 1411/805/2587 1199/803/2588
f 1200/804/2589 352/806/2590 1201/807/2591 1411/805/2592
f 352/806/2593 1202/808/2594 1412/809/2595 1201/807/2596
f 1202/808/2597 353/810/2598 1203/811/2599 1412/809/2600
f 353/810/2601 1204/812/2602 1413/813/2603 1203/811/2604
f 1204/812/2605 354/814/2606 1205/815/2607 1413/813/2608
f 354/814/2609 1206/816/2610 1414/817/2611 1205/815/2612
f 1206/816/2613 355/818/2614 1207/819/2615 1414/817/2616
f 355/818/2617 1208/820/2618 1415/821/2619 1207/819/2620
f 1208/820/2621 356/822/2622 1209/823/2623 1415/821/2624
f 356/822/2625 1210/824/2626 1416/825/2627 1209/823/2628
f 1210/824/2629 357/826/2630 1211/827/2631 1416/825/2632
f 357/826/2633 1212/828/2634 1417/829/2635 1211/827/2636
f 1212/828/2637 358/830/2638 1213/831/2639 1417/829/2640
f 358/830/2641 1214/832/2642 1418/833/2643 1213/831/2644
f 1214/832/2645 359/834/2646 1215/835/2647 1418/833/2648
f 359/834/2649 1216/836/2650 1419/837/2651 1215/835/2652
f 1216/836/2653 360/838/2654 1217/839/2655 1419/837/2656
f 360/838/2657 1218/840/2658 1420/841/2659 1217/839/2660
f 1218/840/2661 361/842/2662 1219/843/2663 1420/841/2664
f 361/842/2665 1220/844/2666 1421/845/2667 1219/843/2668
f 1220/844/2669 362/846/2670 1221/847/2671 1421/845/2672
f 362/846/2673 1222/848/2674 1422/849/2675 1221/847/2676
f 1222/848/2677 343/768/2678 1185/771/2679 1422/849/2680
f 145/850/2681 363/851/2682 1423/852/2683 365/853/2684
f 1423/852/2685 363/851/2686 646/854/2687 1585/855/2688
f 364/856/2689 1423/852/2690 1585/855/2691 649/857/2692
f 365/853/2693 1423/852/2694 364/856/2695 148/858/2696
f 144/859/2697 366/860/2698 1424/861/2699 368/862/2700
f 366/860/2701 145/850/2702 365/853/2703 1424/861/2704
f 1424/861/2705 365/853/2706 148/858/2707 367/863/2708
f 368/862/2709 1424/861/2710 367/863/2711 147/864/2712
f 369/865/2713 1425/866/2714 1703/867/2715 844/868/2716
f 369/865/2717 143/869/2718 370/870/2719 1425/866/2720
f 1425/866/2721 370/870/2722 146/871/2723 371/872/2724
f 1425/866/2725 371/872/2726 843/873/2727 1703/867/2728
f 143/869/2729 372/874/2730 1426/875/2731 370/870/2732
f 372/874/2733 144/876/2734 368/877/2735 1426/875/2736
f 1426/875/2737 368/877/2738 147/878/2739 373/879/2740
f 370/870/2741 1426/875/2742 373/879/2743 146/871/2744
f 148/858/2745 364/856/2746 1427/880/2747 375/881/2748
f 1427/880/2749 364/856/2750 649/857/2751 1587/882/2752
f 374/883/2753 1427/880/2754 1587/882/2755 652/884/2756
f 375/881/2757 1427/880/2758 374/883/2759 151/885/2760
f 147/864/2761 367/863/2762 1428/886/2763 377/887/2764
f 367/863/2765 148/858/2766 375/881/2767 1428/886/2768
f 1428/886/2769 375/881/2770 151/885/2771 376/888/2772
f 377/887/2773 1428/886/2774 376/888/2775 150/889/2776
f 371/872/2777 1429/890/2778 1704/891/2779 843/873/2780
f 371/872/2781 146/871/2782 378/892/2783 1429/890/2784
f 1429/890/2785 378/892/2786 149/893/2787 379/894/2788
f 1429/890/2789 379/894/2790 845/895/2791 1704/891/2792
f 146/871/2793 373/879/2794 1430/896/2795 378/892/2796
f 373/879/2797 147/878/2798 377/897/2799 1430/896/2800
f 1430/896/2801 377/897/2802 150/898/2803 380/899/2804
f 378/892/2805 1430/896/2806 380/899/2807 149/893/2808
f 151/885/2809 374/883/2810 1431/900/2811 382/901/2812
f 1431/900/2813 374/883/2814 652/884/2815 1589/902/2816
f 381/903/2817 1431/900/2818 1589/902/2819 655/904/2820
f 382/901/2821 1431/900/2822 381/903/2823 154/905/2824
f 150/889/2825 376/888/2826 1432/906/2827 384/907/2828
f 376/888/2829 151/885/2830 382/901/2831 1432/906/2832
f 1432/906/2833 382/901/2834 154/905/2835 383/908/2836
f 384/907/2837 1432/906/2838 383/908/2839 153/909/2840
f 379/894/2841 1433/910/2842 1705/911/2843 845/895/2844
f 379/894/2845 149/893/2846 385/912/2847 1433/910/2848
f 1433/910/2849 385/912/2850 152/913/2851 386/914/2852
f 1433/910/2853 386/914/2854 846/915/2855 1705/911/2856
f 149/893/2857 380/899/2858 1434/916/2859 385/912/2860
f 380/899/2861 150/898/2862 384/917/2863 1434/916/2864
f 1434/916/2865 384/917/2866 153/918/2867 387/919/2868
f 385/912/2869 1434/916/2870 387/919/2871 152/913/2872
f 154/905/2873 381/903/2874 1435/920/2875 389/921/2876
f 1435/920/2877 381/903/2878 655/904/2879 1591/922/2880
f 388/923/2881 1435/920/2882 1591/922/2883 658/924/2884
f 389/921/2885 1435/920/2886 388/923/2887 157/925/2888
f 153/909/2889 383/908/2890 1436/926/2891 391/927/2892
f 383/908/2893 154/905/2894 389/921/2895 1436/926/2896
f 1436/926/2897 389/921/2898 157/925/2899 390/928/2900
f 391/927/2901 1436/926/2902 390/928/2903 156/929/2904
f 386/914/2905 1437/930/2906 1706/931/2907 846/915/2908
f 386/914/2909 152/913/2910 392/932/2911 1437/930/2912
f 1437/930/2913 392/932/2914 155/933/2915 393/934/2916
f 1437/930/2917 393/934/2918 847/935/2919 1706/931/2920
f 152/913/2921 387/919/2922 1438/936/2923 392/932/2924
f 387/919/2925 153/918/2926 391/937/2927 1438/936/2928
f 1438/936/2929 391/937/2930 156/938/2931 394/939/2932
f 392/932/2933 1438/936/2934 394/939/2935 155/933/2936
f 157/925/2937 388/923/2938 1439/940/2939 396/941/2940
f 1439/940/2941 388/923/2942 658/924/2943 1593/942/2944
f 395/943/2945 1439/940/2946 1593/942/2947 661/944/2948
f 396/941/2949 1439/940/2950 395/943/2951 160/945/2952
f 156/929/2953 390/928/2954 1440/946/2955 398/947/2956
f 390/928/2957 157/925/2958 396/941/2959 1440/946/2960
f 1440/946/2961 396/941/2962 160/945/2963 397/948/2964
f 398/947/2965 1440/946/2966 397/948/2967 159/949/2968
f 393/950/2969 1441/951/2970 1707/952/2971 847/953/2972
f 393/950/2973 155/954/2974 399/955/2975 1441/951/2976
f 1441/951/2977 399/955/2978 158/956/2979 400/957/2980
f 1441/951/2981 400/957/2982 848/958/2983 1707/952/2984
f 155/954/2985 394/959/2986 1442/960/2987 399/955/2988
f 394/959/2989 156/961/2990 398/962/2991 1442/960/2992
f 1442/960/2993 398/962/2994 159/963/2995 401/964/2996
f 399/955/2997 1442/960/2998 401/964/2999 158/956/3000
f 160/945/3001 395/943/3002 1443/965/3003 403/966/3004
f 1443/965/3005 395/943/3006 661/944/3007 1595/967/3008
f 402/968/3009 1443/965/3010 1595/967/3011 664/969/3012
f 403/966/3013 1443/965/3014 402/968/3015 163/970/3016
f 159/949/3017 397/948/3018 1444/971/3019 405/972/3020
f 397/948/3021 160/945/3022 403/966/3023 1444/971/3024
f 1444/971/3025 403/966/3026 163/970/3027 404/973/3028
f 405/972/3029 1444/971/3030 404/973/3031 162/974/3032
f 400/957/3033 1445/975/3034 1708/976/3035 848/958/3036
f 400/957/3037 158/956/3038 406/977/3039 1445/975/3040
f 1445/975/3041 406/977/3042 161/978/3043 407/979/3044
f 1445/975/3045 407/979/3046 849/980/3047 1708/976/3048
f 158/956/3049 401/964/3050 1446/981/3051 406/977/3052
f 401/964/3053 159/963/3054 405/982/3055 1446/981/3056
f 1446/981/3057 405/982/3058 162/983/3059 408/984/3060
f 406/977/3061 1446/981/3062 408/984/3063 161/978/3064
f 163/970/3065 402/968/3066 1447/985/3067 410/986/3068
f 1447/985/3069 402/968/3070 664/969/3071 1597/987/3072
f 409/988/3073 1447/985/3074 1597/987/3075 667/989/3076
f 410/986/3077 1447/985/3078 409/988/3079 166/990/3080
f 162/974/3081 404/973/3082 1448/991/3083 412/992/3084
f 404/973/3085 163/970/3086 410/986/3087 1448/991/3088
f 1448/991/3089 410/986/3090 166/990/3091 411/993/3092
f 412/992/3093 1448/991/3094 411/993/3095 165/994/3096
f 407/979/3097 1449/995/3098 1709/996/3099 849/980/3100
f 407/979/3101 161/978/3102 413/997/3103 1449/995/3104
f 1449/995/3105 413/997/3106 164/998/3107 414/999/3108
f 1449/995/3109 414/999/3110 850/1000/3111 1709/996/3112
f 161/978/3113 408/984/3114 1450/1001/3115 413/997/3116
f 408/984/3117 162/983/3118 412/1002/3119 1450/1001/3120
f 1450/1001/3121 412/1002/3122 165/1003/3123 415/1004/3124
f 413/997/3125 1450/1001/3126 415/1004/3127 164/998/3128
f 166/990/3129 409/988/3130 1451/1005/3131 417/1006/3132
f 1451/1005/3133 409/988/3134 667/989/3135 1599/1007/3136
f 416/1008/3137 1451/1005/3138 1599/1007/3139 670/1009/3140
f 417/1006/3141 1451/1005/3142 416/1008/3143 169/1010/3144
f 165/994/3145 411/993/3146 1452/1011/3147 419/1012/3148
f 411/993/3149 166/990/3150 417/1006/3151 1452/1011/3152
f 1452/1011/3153 417/1006/3154 169/1010/3155 418/1013/3156
f 419/1012/3157 1452/1011/3158 418/1013/3159 168/1014/3160
f 414/999/3161 1453/1015/3162 1710/1016/3163 850/1000/3164
f 414/999/3165 164/998/3166 420/1017/3167 1453/1015/3168
f 1453/1015/3169 420/1017/3170 167/1018/3171 421/1019/3172
f 1453/1015/3173 421/1019/3174 851/1020/3175 1710/1016/3176
f 164/998/3177 415/1004/3178 1454/1021/3179 420/1017/3180
f 415/1004/3181 165/1003/3182 419/1022/3183 1454/1021/3184
f 1454/1021/3185 419/1022/3186 168/1023/3187 422/1024/3188
f 420/1017/3189 1454/1021/3190 422/1024/3191 167/1018/3192
f 169/1010/3193 416/1008/3194 1455/1025/3195 424/1026/3196
f 1455/1025/3197 416/1008/3198 670/1009/3199 1601/1027/3200
f 423/1028/3201 1455/1025/3202 1601/1027/3203 673/1029/3204
f 424/1026/3205 1455/1025/3206 423/1028/3207 172/1030/3208
f 168/1014/3209 418/1013/3210 1456/1031/3211 426/1032/3212
f 418/1013/3213 169/1010/3214 424/1026/3215 1456/1031/3216
f 1456/1031/3217 424/1026/3218 172/1030/3219 425/1033/3220
f 426/1032/3221 1456/1031/3222 425/1033/3223 171/1034/3224
f 421/1019/3225 1457/1035/3226 1711/1036/3227 851/1020/3228
f 421/1019/3229 167/1018/3230 427/1037/3231 1457/1035/3232
f 1457/1035/3233 427/1037/3234 170/1038/3235 428/1039/3236
f 1457/1035/3237 428/1039/3238 852/1040/3239 1711/1036/3240
f 167/1018/3241 422/1024/3242 1458/1041/3243 427/1037/3244
f 422/1024/3245 168/1023/3246 426/1042/3247 1458/1041/3248
f 1458/1041/3249 426/1042/3250 171/1043/3251 429/1044/3252
f 427/1037/3253 1458/1041/3254 429/1044/3255 170/1038/3256
f 172/1030/3257 423/1028/3258 1459/1045/3259 431/1046/3260
f 1459/1045/3261 423/1028/3262 673/1029/3263 1603/1047/3264
f 430/1048/3265 1459/1045/3266 1603/1047/3267 676/1049/3268
f 431/1046/3269 1459/1045/3270 430/1048/3271 175/1050/3272
f 171/1034/3273 425/1033/3274 1460/1051/3275 433/1052/3276
f 425/1033/3277 172/1030/3278 431/1046/3279 1460/1051/3280
f 1460/1051/3281 431/1046/3282 175/1050/3283 432/1053/3284
f 433/1052/3285 1460/1051/3286 432/1053/3287 174/1054/3288
f 428/1039/3289 1461/1055/3290 1712/1056/3291 852/1040/3292
f 428/1039/3293 170/1038/3294 434/1057/3295 1461/1055/3296
f 1461/1055/3297 434/1057/3298 173/1058/3299 435/1059/3300
f 1461/1055/3301 435/1059/3302 853/1060/3303 1712/1056/3304
f 170/1038/3305 429/1044/3306 1462/1061/3307 434/1057/3308
f 429/1044/3309 171/1043/3310 433/1062/3311 1462/1061/3312
f 1462/1061/3313 433/1062/3314 174/1063/3315 436/1064/3316
f 434/1057/3317 1462/1061/3318 436/1064/3319 173/1058/3320
f 175/1050/3321 430/1048/3322 1463/1065/3323 438/1066/3324
f 1463/1065/3325 430/1048/3326 676/1049/3327 1605/1067/3328
f 437/1068/3329 1463/1065/3330 1605/1067/3331 679/1069/3332
f 438/1066/3333 1463/1065/3334 437/1068/3335 178/1070/3336
f 174/1054/3337 432/1053/3338 1464/1071/3339 440/1072/3340
f 432/1053/3341 175/1050/3342 438/1066/3343 1464/1071/3344
f 1464/1071/3345 438/1066/3346 178/1070/3347 439/1073/3348
f 440/1072/3349 1464/1071/3350 439/1073/3351 177/1074/3352
f 435/1059/3353 1465/1075/3354 1713/1076/3355 853/1060/3356
f 435/1059/3357 173/1058/3358 441/1077/3359 1465/1075/3360
f 1465/1075/3361 441/1077/3362 176/1078/3363 442/1079/3364
f 1465/1075/3365 442/1079/3366 854/1080/3367 1713/1076/3368
f 173/1058/3369 436/1064/3370 1466/1081/3371 441/1077/3372
f 436/1064/3373 174/1063/3374 440/1082/3375 1466/1081/3376
f 1466/1081/3377 440/1082/3378 177/1083/3379 443/1084/3380
f 441/1077/3381 1466/1081/3382 443/1084/3383 176/1078/3384
f 178/1070/3385 437/1068/3386 1467/1085/3387 445/1086/3388
f 1467/1085/3389 437/1068/3390 679/1069/3391 1607/1087/3392
f 444/1088/3393 1467/1085/3394 1607/1087/3395 682/1089/3396
f 445/1086/3397 1467/1085/3398 444/1088/3399 181/1090/3400
f 177/1074/3401 439/1073/3402 1468/1091/3403 447/1092/3404
f 439/1073/3405 178/1070/3406 445/1086/3407 1468/1091/3408
f 1468/1091/3409 445/1086/3410 181/1090/3411 446/1093/3412
f 447/1092/3413 1468/1091/3414 446/1093/3415 180/1094/3416
f 442/1079/3417 1469/1095/3418 1714/1096/3419 854/1080/3420
f 442/1079/3421 176/1078/3422 448/1097/3423 1469/1095/3424
f 1469/1095/3425 448/1097/3426 179/1098/3427 449/1099/3428
f 1469/1095/3429 449/1099/3430 855/1100/3431 1714/1096/3432
f 176/1078/3433 443/1084/3434 1470/1101/3435 448/1097/3436
f 443/1084/3437 177/1083/3438 447/1102/3439 1470/1101/3440
f 1470/1101/3441 447/1102/3442 180/1103/3443 450/1104/3444
f 448/1097/3445 1470/1101/3446 450/1104/3447 179/1098/3448
f 181/1090/3449 444/1088/3450 1471/1105/3451 452/1106/3452
f 1471/1105/3453 444/1088/3454 682/1089/3455 1609/1107/3456
f 451/1108/3457 1471/1105/3458 1609/1107/3459 685/1109/3460
f 452/1106/3461 1471/1105/3462 451/1108/3463 184/1110/3464
f 180/1094/3465 446/1093/3466 1472/1111/3467 454/1112/3468
f 446/1093/3469 181/1090/3470 452/1106/3471 1472/1111/3472
f 1472/1111/3473 452/1106/3474 184/1110/3475 453/1113/3476
f 454/1112/3477 1472/1111/3478 453/1113/3479 183/1114/3480
f 449/1099/3481 1473/1115/3482 1715/1116/3483 855/1100/3484
f 449/1099/3485 179/1098/3486 455/1117/3487 1473/1115/3488
f 1473/1115/3489 455/1117/3490 182/1118/3491 456/1119/3492
f 1473/1115/3493 456/1119/3494 856/1120/3495 1715/1116/3496
f 179/1098/3497 450/1104/3498 1474/1121/3499 455/1117/3500
f 450/1104/3501 180/1103/3502 454/1122/3503 1474/1121/3504
f 1474/1121/3505 454/1122/3506 183/1123/3507 457/1124/3508
f 455/1117/3509 1474/1121/3510 457/1124/3511 182/1118/3512
f 184/1110/3513 451/1108/3514 1475/1125/3515 459/1126/3516
f 1475/1125/3517 451/1108/3518 685/1109/3519 1611/1127/3520
f 458/1128/3521 1475/1125/3522 1611/1127/3523 688/1129/3524
f 459/1126/3525 1475/1125/3526 458/1128/3527 187/1130/3528
f 183/1114/3529 453/1113/3530 1476/1131/3531 461/1132/3532
f 453/1113/3533 184/1110/3534 459/1126/3535 1476/1131/3536
f 1476/1131/3537 459/1126/3538 187/1130/3539 460/1133/3540
f 461/1132/3541 1476/1131/3542 460/1133/3543 186/1134/3544
f 456/1119/3545 1477/1135/3546 1716/1136/3547 856/1120/3548
f 456/1119/3549 182/1118/3550 462/1137/3551 1477/1135/3552
f 1477/1135/3553 462/1137/3554 185/1138/3555 463/1139/3556
f 1477/1135/3557 463/1139/3558 857/1140/3559 1716/1136/3560
f 182/1118/3561 457/1124/3562 1478/1141/3563 462/1137/3564
f 457/1124/3565 183/1123/3566 461/1142/3567 1478/1141/3568
f 1478/1141/3569 461/1142/3570 186/1143/3571 464/1144/3572
f 462/1137/3573 1478/1141/3574 464/1144/3575 185/1138/3576
f 187/1130/3577 458/1128/3578 1479/1145/3579 466/1146/3580
f 1479/1145/3581 458/1128/3582 688/1129/3583 1613/1147/3584
f 465/1148/3585 1479/1145/3586 1613/1147/3587 691/1149/3588
f 466/1146/3589 1479/1145/3590 465/1148/3591 190/1150/3592
f 186/1134/3593 460/1133/3594 1480/1151/3595 468/1152/3596
f 460/1133/3597 187/1130/3598 466/1146/3599 1480/1151/3600
f 1480/1151/3601 466/1146/3602 190/1150/3603 467/1153/3604
f 468/1152/3605 1480/1151/3606 467/1153/3607 189/1154/3608
f 463/1139/3609 1481/1155/3610 1717/1156/3611 857/1140/3612
f 463/1139/3613 185/1138/3614 469/1157/3615 1481/1155/3616
f 1481/1155/3617 469/1157/3618 188/1158/3619 470/1159/3620
f 1481/1155/3621 470/1159/3622 858/1160/3623 1717/1156/3624
f 185/1138/3625 464/1144/3626 1482/1161/3627 469/1157/3628
f 464/1144/3629 186/1143/3630 468/1162/3631 1482/1161/3632
f 1482/1161/3633 468/1162/3634 189/1163/3635 471/1164/3636
f 469/1157/3637 1482/1161/3638 471/1164/3639 188/1158/3640
f 190/1150/3641 465/1148/3642 1483/1165/3643 473/1166/3644
f 1483/1165/3645 465/1148/3646 691/1149/3647 1615/1167/3648
f 472/1168/3649 1483/1165/3650 1615/1167/3651 694/1169/3652
f 473/1166/3653 1483/1165/3654 472/1168/3655 193/1170/3656
f 189/1154/3657 467/1153/3658 1484/1171/3659 475/1172/3660
f 467/1153/3661 190/1150/3662 473/1166/3663 1484/1171/3664
f 1484/1171/3665 473/1166/3666 193/1170/3667 474/1173/3668
f 475/1172/3669 1484/1171/3670 474/1173/3671 192/1174/3672
f 470/1159/3673 1485/1175/3674 1718/1176/3675 858/1160/3676
f 470/1159/3677 188/1158/3678 476/1177/3679 1485/1175/3680
f 1485/1175/3681 476/1177/3682 191/1178/3683 477/1179/3684
f 1485/1175/3685 477/1179/3686 859/1180/3687 1718/1176/3688
f 188/1158/3689 471/1164/3690 1486/1181/3691 476/1177/3692
f 471/1164/3693 189/1163/3694 475/1182/3695 1486/1181/3696
f 1486/1181/3697 475/1182/3698 192/1183/3699 478/1184/3700
f 476/1177/3701 1486/1181/3702 478/1184/3703 191/1178/3704
f 193/1170/3705 472/1168/3706 1487/1185/3707 480/1186/3708
f 1487/1185/3709 472/1168/3710 694/1169/3711 1617/1187/3712
f 479/1188/3713 1487/1185/3714 1617/1187/3715 697/1189/3716
f 480/1186/3717 1487/1185/3718 479/1188/3719 196/1190/3720
f 192/1174/3721 474/1173/3722 1488/1191/3723 482/1192/3724
f 474/1173/3725 193/1170/3726 480/1186/3727 1488/1191/3728
f 1488/1191/3729 480/1186/3730 196/1190/3731 481/1193/3732
f 482/1192/3733 1488/1191/3734 481/1193/3735 195/1194/3736
f 477/1179/3737 1489/1195/3738 1719/1196/3739 859/1180/3740
f 477/1179/3741 191/1178/3742 483/1197/3743 1489/1195/3744
f 1489/1195/3745 483/1197/3746 194/1198/3747 484/1199/3748
f 1489/1195/3749 484/1199/3750 860/1200/3751 1719/1196/3752
f 191/1178/3753 478/1184/3754 1490/1201/3755 483/1197/3756
f 478/1184/3757 192/1183/3758 482/1202/3759 1490/1201/3760
f 1490/1201/3761 482/1202/3762 195/1203/3763 485/1204/3764
f 483/1197/3765 1490/1201/3766 485/1204/3767 194/1198/3768
f 196/1190/3769 479/1188/3770 1491/1205/3771 487/1206/3772
f 1491/1205/3773 479/1188/3774 697/1189/3775 1619/1207/3776
f 486/1208/3777 1491/1205/3778 1619/1207/3779 700/1209/3780
f 487/1206/3781 1491/1205/3782 486/1208/3783 199/1210/3784
f 195/1194/3785 481/1193/3786 1492/1211/3787 489/1212/3788
f 481/1193/3789 196/1190/3790 487/1206/3791 1492/1211/3792
f 1492/1211/3793 487/1206/3794 199/1210/3795 488/1213/3796
f 489/1212/3797 1492/1211/3798 488/1213/3799 198/1214/3800
f 484/1199/3801 1493/1215/3802 1720/1216/3803 860/1200/3804
f 484/1199/3805 194/1198/3806 490/1217/3807 1493/1215/3808
f 1493/1215/3809 490/1217/3810 197/1218/3811 491/1219/3812
f 1493/1215/3813 491/1219/3814 861/1220/3815 1720/1216/3816
f 194/1198/3817 485/1204/3818 1494/1221/3819 490/1217/3820
f 485/1204/3821 195/1203/3822 489/1222/3823 1494/1221/3824
f 1494/1221/3825 489/1222/3826 198/1223/3827 492/1224/3828
f 490/1217/3829 1494/1221/3830 492/1224/3831 197/1218/3832
f 199/1210/3833 486/1208/3834 1495/1225/3835 494/1226/3836
f 1495/1225/3837 486/1208/3838 700/1209/3839 1621/1227/3840
f 493/1228/3841 1495/1225/3842 1621/1227/3843 647/1229/3844
f 494/1226/3845 1495/1225/3846 493/1228/3847 202/1230/3848
f 198/1214/3849 488/1213/3850 1496/1231/3851 496/1232/3852
f 488/1213/3853 199/1210/3854 494/1226/3855 1496/1231/3856
f 1496/1231/3857 494/1226/3858 202/1230/3859 495/1233/3860
f 496/1232/3861 1496/1231/3862 495/1233/3863 201/1234/3864
f 491/1219/3865 1497/1235/3866 1721/1236/3867 861/1220/3868
f 491/1219/3869 197/1218/3870 497/1237/3871 1497/1235/3872
f 1497/1235/3873 497/1237/3874 200/1238/3875 498/1239/3876
f 1497/1235/3877 498/1239/3878 862/1240/3879 1721/1236/3880
f 197/1218/3881 492/1224/3882 1498/1241/3883 497/1237/3884
f 492/1224/3885 198/1223/3886 496/1242/3887 1498/1241/3888
f 1498/1241/3889 496/1242/3890 201/1243/3891 499/1244/3892
f 497/1237/3893 1498/1241/3894 499/1244/3895 200/1238/3896
f 646/854/3897 363/851/3898 1499/1245/3899 1584/1246/3900
f 363/851/3901 145/850/3902 500/1247/3903 1499/1245/3904
f 1499/1245/3905 500/1247/3906 202/1230/3907 493/1228/3908
f 1499/1245/3909 493/1228/3910 647/1229/3911 1584/1246/3912
f 145/850/3913 366/860/3914 1500/1248/3915 500/1247/3916
f 366/860/3917 144/859/3918 501/1249/3919 1500/1248/3920
f 1500/1248/3921 501/1249/3922 201/1234/3923 495/1233/3924
f 500/1247/3925 1500/1248/3926 495/1233/3927 202/1230/3928
f 144/876/3929 372/874/3930 1501/1250/3931 501/1251/3932
f 372/874/3933 143/869/3934 502/1252/3935 1501/1250/3936
f 1501/1250/3937 502/1252/3938 200/1238/3939 499/1244/3940
f 501/1251/3941 1501/1250/3942 499/1244/3943 201/1243/3944
f 143/869/3945 369/865/3946 1502/1253/3947 502/1252/3948
f 1502/1253/3949 369/865/3950 844/868/3951 1722/1254/3952
f 498/1239/3953 1502/1253/3954 1722/1254/3955 862/1240/3956
f 502/1252/3957 1502/1253/3958 498/1239/3959 200/1238/3960
f 205/1255/3961 503/1256/3962 1503/1257/3963 505/1258/3964
f 1503/1257/3965 503/1256/3966 1063/528/3967 1323/531/3968
f 1065/533/3969 504/1259/3970 1503/1257/3971 1323/531/3972
f 505/1258/3973 1503/1257/3974 504/1259/3975 262/1260/3976
f 204/1261/3977 506/1262/3978 1504/1263/3979 508/1264/3980
f 506/1262/3981 205/1255/3982 505/1258/3983 1504/1263/3984
f 1504/1263/3985 505/1258/3986 262/1260/3987 507/1265/3988
f 508/1264/3989 1504/1263/3990 507/1265/3991 261/1266/3992
f 509/1267/3993 1505/1268/3994 1422/849/3995 1185/771/3996
f 509/1267/3997 203/1269/3998 510/1270/3999 1505/1268/4000
f 1505/1268/4001 510/1270/4002 260/1271/4003 511/1272/4004
f 1422/849/4005 1505/1268/4006 511/1272/4007 1221/847/4008
f 203/1269/4009 512/1273/4010 1506/1274/4011 510/1270/4012
f 512/1273/4013 204/1275/4014 508/1276/4015 1506/1274/4016
f 1506/1274/4017 508/1276/4018 261/1277/4019 513/1278/4020
f 510/1270/4021 1506/1274/4022 513/1278/4023 260/1271/4024
f 503/1256/4025 1507/1279/4026 1326/546/4027 1063/528/4028
f 503/1256/4029 205/1255/4030 514/1280/4031 1507/1279/4032
f 1507/1279/4033 514/1280/4034 208/1281/4035 515/1282/4036
f 1507/1279/4037 515/1282/4038 1070/547/4039 1326/546/4040
f 205/1255/4041 506/1262/4042 1508/1283/4043 514/1280/4044
f 506/1262/4045 204/1261/4046 516/1284/4047 1508/1283/4048
f 1508/1283/4049 516/1284/4050 207/1285/4051 517/1286/4052
f 514/1280/4053 1508/1283/4054 517/1286/4055 208/1281/4056
f 204/1275/4057 512/1273/4058 1509/1287/4059 516/1288/4060
f 512/1273/4061 203/1269/4062 518/1289/4063 1509/1287/4064
f 1509/1287/4065 518/1289/4066 206/1290/4067 519/1291/4068
f 516/1288/4069 1509/1287/4070 519/1291/4071 207/1292/4072
f 203/1269/4073 509/1267/4074 1510/1293/4075 518/1289/4076
f 1403/770/4077 1510/1293/4078 509/1267/4079 1185/771/4080
f 520/1294/4081 1510/1293/4082 1403/770/4083 1184/773/4084
f 518/1289/4085 1510/1293/4086 520/1294/4087 206/1290/4088
f 1070/547/4089 515/1282/4090 1511/1295/4091 1328/554/4092
f 515/1282/4093 208/1281/4094 521/1296/4095 1511/1295/4096
f 1511/1295/4097 521/1296/4098 211/1297/4099 522/1298/4100
f 1511/1295/4101 522/1298/4102 1073/555/4103 1328/554/4104
f 208/1281/4105 517/1286/4106 1512/1299/4107 521/1296/4108
f 517/1286/4109 207/1285/4110 523/1300/4111 1512/1299/4112
f 1512/1299/4113 523/1300/4114 210/1301/4115 524/1302/4116
f 521/1296/4117 1512/1299/4118 524/1302/4119 211/1297/4120
f 207/1292/4121 519/1291/4122 1513/1303/4123 523/1304/4124
f 519/1291/4125 206/1290/4126 525/1305/4127 1513/1303/4128
f 1513/1303/4129 525/1305/4130 209/1306/4131 526/1307/4132
f 523/1304/4133 1513/1303/4134 526/1307/4135 210/1308/4136
f 206/1290/4137 520/1294/4138 1514/1309/4139 525/1305/4140
f 1404/775/4141 1514/1309/4142 520/1294/4143 1184/773/4144
f 527/1310/4145 1514/1309/4146 1404/775/4147 1187/777/4148
f 525/1305/4149 1514/1309/4150 527/1310/4151 209/1306/4152
f 1073/555/4153 522/1298/4154 1515/1311/4155 1330/562/4156
f 522/1298/4157 211/1297/4158 528/1312/4159 1515/1311/4160
f 1515/1311/4161 528/1312/4162 214/1313/4163 529/1314/4164
f 1515/1311/4165 529/1314/4166 1076/563/4167 1330/562/4168
f 211/1297/4169 524/1302/4170 1516/1315/4171 528/1312/4172
f 524/1302/4173 210/1301/4174 530/1316/4175 1516/1315/4176
f 1516/1315/4177 530/1316/4178 213/1317/4179 531/1318/4180
f 528/1312/4181 1516/1315/4182 531/1318/4183 214/1313/4184
f 210/1308/4185 526/1307/4186 1517/1319/4187 530/1320/4188
f 526/1307/4189 209/1306/4190 532/1321/4191 1517/1319/4192
f 1517/1319/4193 532/1321/4194 212/1322/4195 533/1323/4196
f 530/1320/4197 1517/1319/4198 533/1323/4199 213/1324/4200
f 209/1306/4201 527/1310/4202 1518/1325/4203 532/1321/4204
f 1405/779/4205 1518/1325/4206 527/1310/4207 1187/777/4208
f 534/1326/4209 1518/1325/4210 1405/779/4211 1189/781/4212
f 532/1321/4213 1518/1325/4214 534/1326/4215 212/1322/4216
f 1076/563/4217 529/1314/4218 1519/1327/4219 1332/570/4220
f 529/1314/4221 214/1313/4222 535/1328/4223 1519/1327/4224
f 1519/1327/4225 535/1328/4226 217/1329/4227 536/1330/4228
f 1519/1327/4229 536/1330/4230 1079/571/4231 1332/570/4232
f 214/1313/4233 531/1318/4234 1520/1331/4235 535/1328/4236
f 531/1318/4237 213/1317/4238 537/1332/4239 1520/1331/4240
f 1520/1331/4241 537/1332/4242 216/1333/4243 538/1334/4244
f 535/1328/4245 1520/1331/4246 538/1334/4247 217/1329/4248
f 213/1324/4249 533/1323/4250 1521/1335/4251 537/1336/4252
f 533/1323/4253 212/1322/4254 539/1337/4255 1521/1335/4256
f 1521/1335/4257 539/1337/4258 215/1338/4259 540/1339/4260
f 537/1336/4261 1521/1335/4262 540/1339/4263 216/1340/4264
f 212/1322/4265 534/1326/4266 1522/1341/4267 539/1337/4268
f 1406/783/4269 1522/1341/4270 534/1326/4271 1189/781/4272
f 541/1342/4273 1522/1341/4274 1406/783/4275 1191/785/4276
f 539/1337/4277 1522/1341/4278 541/1342/4279 215/1338/4280
f 1079/571/4281 536/1330/4282 1523/1343/4283 1334/578/4284
f 536/1330/4285 217/1329/4286 542/1344/4287 1523/1343/4288
f 1523/1343/4289 542/1344/4290 220/1345/4291 543/1346/4292
f 1523/1343/4293 543/1346/4294 1082/579/4295 1334/578/4296
f 217/1329/4297 538/1334/4298 1524/1347/4299 542/1344/4300
f 538/1334/4301 216/1333/4302 544/1348/4303 1524/1347/4304
f 1524/1347/4305 544/1348/4306 219/1349/4307 545/1350/4308
f 542/1344/4309 1524/1347/4310 545/1350/4311 220/1345/4312
f 216/1351/4313 540/1352/4314 1525/1353/4315 544/1354/4316
f 540/1352/4317 215/1355/4318 546/1356/4319 1525/1353/4320
f 1525/1353/4321 546/1356/4322 218/1357/4323 547/1358/4324
f 544/1354/4325 1525/1353/4326 547/1358/4327 219/1359/4328
f 215/1355/4329 541/1360/4330 1526/1361/4331 546/1356/4332
f 1407/788/4333 1526/1361/4334 541/1360/4335 1191/789/4336
f 548/1362/4337 1526/1361/4338 1407/788/4339 1193/791/4340
f 546/1356/4341 1526/1361/4342 548/1362/4343 218/1357/4344
f 1082/579/4345 543/1346/4346 1527/1363/4347 1336/586/4348
f 543/1346/4349 220/1345/4350 549/1364/4351 1527/1363/4352
f 1527/1363/4353 549/1364/4354 223/1365/4355 550/1366/4356
f 1527/1363/4357 550/1366/4358 1085/587/4359 1336/586/4360
f 220/1345/4361 545/1350/4362 1528/1367/4363 549/1364/4364
f 545/1350/4365 219/1349/4366 551/1368/4367 1528/1367/4368
f 1528/1367/4369 551/1368/4370 222/1369/4371 552/1370/4372
f 549/1364/4373 1528/1367/4374 552/1370/4375 223/1365/4376
f 219/1359/4377 547/1358/4378 1529/1371/4379 551/1372/4380
f 547/1358/4381 218/1357/4382 553/1373/4383 1529/1371/4384
f 1529/1371/4385 553/1373/4386 221/1374/4387 554/1375/4388
f 551/1372/4389 1529/1371/4390 554/1375/4391 222/1376/4392
f 218/1357/4393 548/1362/4394 1530/1377/4395 553/1373/4396
f 1408/793/4397 1530/1377/4398 548/1362/4399 1193/791/4400
f 555/1378/4401 1530/1377/4402 1408/793/4403 1195/795/4404
f 553/1373/4405 1530/1377/4406 555/1378/4407 221/1374/4408
f 1085/587/4409 550/1366/4410 1531/1379/4411 1338/594/4412
f 550/1366/4413 223/1365/4414 556/1380/4415 1531/1379/4416
f 1531/1379/4417 556/1380/4418 226/1381/4419 557/1382/4420
f 1531/1379/4421 557/1382/4422 1088/595/4423 1338/594/4424
f 223/1365/4425 552/1370/4426 1532/1383/4427 556/1380/4428
f 552/1370/4429 222/1369/4430 558/1384/4431 1532/1383/4432
f 1532/1383/4433 558/1384/4434 225/1385/4435 559/1386/4436
f 556/1380/4437 1532/1383/4438 559/1386/4439 226/1381/4440
f 222/1376/4441 554/1375/4442 1533/1387/4443 558/1388/4444
f 554/1375/4445 221/1374/4446 560/1389/4447 1533/1387/4448
f 1533/1387/4449 560/1389/4450 224/1390/4451 561/1391/4452
f 558/1388/4453 1533/1387/4454 561/1391/4455 225/1392/4456
f 221/1374/4457 555/1378/4458 1534/1393/4459 560/1389/4460
f 1409/797/4461 1534/1393/4462 555/1378/4463 1195/795/4464
f 562/1394/4465 1534/1393/4466 1409/797/4467 1197/799/4468
f 560/1389/4469 1534/1393/4470 562/1394/4471 224/1390/4472
f 1088/595/4473 557/1382/4474 1535/1395/4475 1340/602/4476
f 557/1382/4477 226/1381/4478 563/1396/4479 1535/1395/4480
f 1535/1395/4481 563/1396/4482 229/1397/4483 564/1398/4484
f 1535/1395/4485 564/1398/4486 1091/603/4487 1340/602/4488
f 226/1381/4489 559/1386/4490 1536/1399/4491 563/1396/4492
f 559/1386/4493 225/1385/4494 565/1400/4495 1536/1399/4496
f 1536/1399/4497 565/1400/4498 228/1401/4499 566/1402/4500
f 563/1396/4501 1536/1399/4502 566/1402/4503 229/1397/4504
f 225/1392/4505 561/1391/4506 1537/1403/4507 565/1404/4508
f 561/1391/4509 224/1390/4510 567/1405/4511 1537/1403/4512
f 1537/1403/4513 567/1405/4514 227/1406/4515 568/1407/4516
f 565/1404/4517 1537/1403/4518 568/1407/4519 228/1408/4520
f 224/1390/4521 562/1394/4522 1538/1409/4523 567/1405/4524
f 1410/801/4525 1538/1409/4526 562/1394/4527 1197/799/4528
f 569/1410/4529 1538/1409/4530 1410/801/4531 1199/803/4532
f 567/1405/4533 1538/1409/4534 569/1410/4535 227/1406/4536
f 1091/603/4537 564/1398/4538 1539/1411/4539 1342/610/4540
f 564/1398/4541 229/1397/4542 570/1412/4543 1539/1411/4544
f 1539/1411/4545 570/1412/4546 232/1413/4547 571/1414/4548
f 1539/1411/4549 571/1414/4550 1094/611/4551 1342/610/4552
f 229/1397/4553 566/1402/4554 1540/1415/4555 570/1412/4556
f 566/1402/4557 228/1401/4558 572/1416/4559 1540/1415/4560
f 1540/1415/4561 572/1416/4562 231/1417/4563 573/1418/4564
f 570/1412/4565 1540/1415/4566 573/1418/4567 232/1413/4568
f 228/1408/4569 568/1407/4570 1541/1419/4571 572/1420/4572
f 568/1407/4573 227/1406/4574 574/1421/4575 1541/1419/4576
f 1541/1419/4577 574/1421/4578 230/1422/4579 575/1423/4580
f 572/1420/4581 1541/1419/4582 575/1423/4583 231/1424/4584
f 227/1406/4585 569/1410/4586 1542/1425/4587 574/1421/4588
f 1411/805/4589 1542/1425/4590 569/1410/4591 1199/803/4592
f 576/1426/4593 1542/1425/4594 1411/805/4595 1201/807/4596
f 574/1421/4597 1542/1425/4598 576/1426/4599 230/1422/4600
f 1094/611/4601 571/1414/4602 1543/1427/4603 1344/618/4604
f 571/1414/4605 232/1413/4606 577/1428/4607 1543/1427/4608
f 1543/1427/4609 577/1428/4610 235/1429/4611 578/1430/4612
f 1543/1427/4613 578/1430/4614 1097/619/4615 1344/618/4616
f 232/1413/4617 573/1418/4618 1544/1431/4619 577/1428/4620
f 573/1418/4621 231/1417/4622 579/1432/4623 1544/1431/4624
f 1544/1431/4625 579/1432/4626 234/1433/4627 580/1434/4628
f 577/1428/4629 1544/1431/4630 580/1434/4631 235/1429/4632
f 231/1424/4633 575/1423/4634 1545/1435/4635 579/1436/4636
f 575/1423/4637 230/1422/4638 581/1437/4639 1545/1435/4640
f 1545/1435/4641 581/1437/4642 233/1438/4643 582/1439/4644
f 579/1436/4645 1545/1435/4646 582/1439/4647 234/1440/4648
f 230/1422/4649 576/1426/4650 1546/1441/4651 581/1437/4652
f 1412/809/4653 1546/1441/4654 576/1426/4655 1201/807/4656
f 583/1442/4657 1546/1441/4658 1412/809/4659 1203/811/4660
f 581/1437/4661 1546/1441/4662 583/1442/4663 233/1438/4664
f 1097/619/4665 578/1430/4666 1547/1443/4667 1346/626/4668
f 578/1430/4669 235/1429/4670 584/1444/4671 1547/1443/4672
f 1547/1443/4673 584/1444/4674 238/1445/4675 585/1446/4676
f 1547/1443/4677 585/1446/4678 1100/627/4679 1346/626/4680
f 235/1429/4681 580/1434/4682 1548/1447/4683 584/1444/4684
f 580/1434/4685 234/1433/4686 586/1448/4687 1548/1447/4688
f 1548/1447/4689 586/1448/4690 237/1449/4691 587/1450/4692
f 584/1444/4693 1548/1447/4694 587/1450/4695 238/1445/4696
f 234/1440/4697 582/1439/4698 1549/1451/4699 586/1452/4700
f 582/1439/4701 233/1438/4702 588/1453/4703 1549/1451/4704
f 1549/1451/4705 588/1453/4706 236/1454/4707 589/1455/4708
f 586/1452/4709 1549/1451/4710 589/1455/4711 237/1456/4712
f 233/1438/4713 583/1442/4714 1550/1457/4715 588/1453/4716
f 1413/813/4717 1550/1457/4718 583/1442/4719 1203/811/4720
f 590/1458/4721 1550/1457/4722 1413/813/4723 1205/815/4724
f 588/1453/4725 1550/1457/4726 590/1458/4727 236/1454/4728
f 1100/627/4729 585/1446/4730 1551/1459/4731 1348/634/4732
f 585/1446/4733 238/1445/4734 591/1460/4735 1551/1459/4736
f 1551/1459/4737 591/1460/4738 241/1461/4739 592/1462/4740
f 1551/1459/4741 592/1462/4742 1103/635/4743 1348/634/4744
f 238/1445/4745 587/1450/4746 1552/1463/4747 591/1460/4748
f 587/1450/4749 237/1449/4750 593/1464/4751 1552/1463/4752
f 1552/1463/4753 593/1464/4754 240/1465/4755 594/1466/4756
f 591/1460/4757 1552/1463/4758 594/1466/4759 241/1461/4760
f 237/1456/4761 589/1455/4762 1553/1467/4763 593/1468/4764
f 589/1455/4765 236/1454/4766 595/1469/4767 1553/1467/4768
f 1553/1467/4769 595/1469/4770 239/1470/4771 596/1471/4772
f 593/1468/4773 1553/1467/4774 596/1471/4775 240/1472/4776
f 236/1454/4777 590/1458/4778 1554/1473/4779 595/1469/4780
f 1414/817/4781 1554/1473/4782 590/1458/4783 1205/815/4784
f 597/1474/4785 1554/1473/4786 1414/817/4787 1207/819/4788
f 595/1469/4789 1554/1473/4790 597/1474/4791 239/1470/4792
f 1103/635/4793 592/1462/4794 1555/1475/4795 1350/642/4796
f 592/1462/4797 241/1461/4798 598/1476/4799 1555/1475/4800
f 1555/1475/4801 598/1476/4802 244/1477/4803 599/1478/4804
f 1555/1475/4805 599/1478/4806 1106/643/4807 1350/642/4808
f 241/1461/4809 594/1466/4810 1556/1479/4811 598/1476/4812
f 594/1466/4813 240/1465/4814 600/1480/4815 1556/1479/4816
f 1556/1479/4817 600/1480/4818 243/1481/4819 601/1482/4820
f 598/1476/4821 1556/1479/4822 601/1482/4823 244/1477/4824
f 240/1472/4825 596/1471/4826 1557/1483/4827 600/1484/4828
f 596/1471/4829 239/1470/4830 602/1485/4831 1557/1483/4832
f 1557/1483/4833 602/1485/4834 242/1486/4835 603/1487/4836
f 600/1484/4837 1557/1483/4838 603/1487/4839 243/1488/4840
f 239/1470/4841 597/1474/4842 1558/1489/4843 602/1485/4844
f 1415/821/4845 1558/1489/4846 597/1474/4847 1207/819/4848
f 604/1490/4849 1558/1489/4850 1415/821/4851 1209/823/4852
f 602/1485/4853 1558/1489/4854 604/1490/4855 242/1486/4856
f 1106/643/4857 599/1478/4858 1559/1491/4859 1352/650/4860
f 599/1478/4861 244/1477/4862 605/1492/4863 1559/1491/4864
f 1559/1491/4865 605/1492/4866 247/1493/4867 606/1494/4868
f 1559/1491/4869 606/1494/4870 1109/651/4871 1352/650/4872
f 244/1477/4873 601/1482/4874 1560/1495/4875 605/1492/4876
f 601/1482/4877 243/1481/4878 607/1496/4879 1560/1495/4880
f 1560/1495/4881 607/1496/4882 246/1497/4883 608/1498/4884
f 605/1492/4885 1560/1495/4886 608/1498/4887 247/1493/4888
f 243/1488/4889 603/1487/4890 1561/1499/4891 607/1500/4892
f 603/1487/4893 242/1486/4894 609/1501/4895 1561/1499/4896
f 1561/1499/4897 609/1501/4898 245/1502/4899 610/1503/4900
f 607/1500/4901 1561/1499/4902 610/1503/4903 246/1504/4904
f 242/1486/4905 604/1490/4906 1562/1505/4907 609/1501/4908
f 1416/825/4909 1562/1505/4910 604/1490/4911 1209/823/4912
f 611/1506/4913 1562/1505/4914 1416/825/4915 1211/827/4916
f 609/1501/4917 1562/1505/4918 611/1506/4919 245/1502/4920
f 1109/651/4921 606/1494/4922 1563/1507/4923 1354/658/4924
f 606/1494/4925 247/1493/4926 612/1508/4927 1563/1507/4928
f 1563/1507/4929 612/1508/4930 250/1509/4931 613/1510/4932
f 1563/1507/4933 613/1510/4934 1112/659/4935 1354/658/4936
f 247/1493/4937 608/1498/4938 1564/1511/4939 612/1508/4940
f 608/1498/4941 246/1497/4942 614/1512/4943 1564/1511/4944
f 1564/1511/4945 614/1512/4946 249/1513/4947 615/1514/4948
f 612/1508/4949 1564/1511/4950 615/1514/4951 250/1509/4952
f 246/1504/4953 610/1503/4954 1565/1515/4955 614/1516/4956
f 610/1503/4957 245/1502/4958 616/1517/4959 1565/1515/4960
f 1565/1515/4961 616/1517/4962 248/1518/4963 617/1519/4964
f 614/1516/4965 1565/1515/4966 617/1519/4967 249/1520/4968
f 245/1502/4969 611/1506/4970 1566/1521/4971 616/1517/4972
f 1417/829/4973 1566/1521/4974 611/1506/4975 1211/827/4976
f 618/1522/4977 1566/1521/4978 1417/829/4979 1213/831/4980
f 616/1517/4981 1566/1521/4982 618/1522/4983 248/1518/4984
f 1112/659/4985 613/1510/4986 1567/1523/4987 1356/666/4988
f 613/1510/4989 250/1509/4990 619/1524/4991 1567/1523/4992
f 1567/1523/4993 619/1524/4994 253/1525/4995 620/1526/4996
f 1567/1523/4997 620/1526/4998 1115/667/4999 1356/666/5000
f 250/1509/5001 615/1514/5002 1568/1527/5003 619/1524/5004
f 615/1514/5005 249/1513/5006 621/1528/5007 1568/1527/5008
f 1568/1527/5009 621/1528/5010 252/1529/5011 622/1530/5012
f 619/1524/5013 1568/1527/5014 622/1530/5015 253/1525/5016
f 249/1520/5017 617/1519/5018 1569/1531/5019 621/1532/5020
f 617/1519/5021 248/1518/5022 623/1533/5023 1569/1531/5024
f 1569/1531/5025 623/1533/5026 251/1534/5027 624/1535/5028
f 621/1532/5029 1569/1531/5030 624/1535/5031 252/1536/5032
f 248/1518/5033 618/1522/5034 1570/1537/5035 623/1533/5036
f 1418/833/5037 1570/1537/5038 618/1522/5039 1213/831/5040
f 625/1538/5041 1570/1537/5042 1418/833/5043 1215/835/5044
f 623/1533/5045 1570/1537/5046 625/1538/5047 251/1534/5048
f 1115/667/5049 620/1526/5050 1571/1539/5051 1358/674/5052
f 620/1526/5053 253/1525/5054 626/1540/5055 1571/1539/5056
f 1571/1539/5057 626/1540/5058 256/1541/5059 627/1542/5060
f 1571/1539/5061 627/1542/5062 1118/675/5063 1358/674/5064
f 253/1525/5065 622/1530/5066 1572/1543/5067 626/1540/5068
f 622/1530/5069 252/1529/5070 628/1544/5071 1572/1543/5072
f 1572/1543/5073 628/1544/5074 255/1545/5075 629/1546/5076
f 626/1540/5077 1572/1543/5078 629/1546/5079 256/1541/5080
f 252/1536/5081 624/1535/5082 1573/1547/5083 628/1548/5084
f 624/1535/5085 251/1534/5086 630/1549/5087 1573/1547/5088
f 1573/1547/5089 630/1549/5090 254/1550/5091 631/1551/5092
f 628/1548/5093 1573/1547/5094 631/1551/5095 255/1552/5096
f 251/1534/5097 625/1538/5098 1574/1553/5099 630/1549/5100
f 1419/837/5101 1574/1553/5102 625/1538/5103 1215/835/5104
f 632/1554/5105 1574/1553/5106 1419/837/5107 1217/839/5108
f 630/1549/5109 1574/1553/5110 632/1554/5111 254/1550/5112
f 1118/675/5113 627/1542/5114 1575/1555/5115 1360/682/5116
f 627/1542/5117 256/1541/5118 633/1556/5119 1575/1555/5120
f 1575/1555/5121 633/1556/5122 259/1557/5123 634/1558/5124
f 1575/1555/5125 634/1558/5126 1121/683/5127 1360/682/5128
f 256/1541/5129 629/1546/5130 1576/1559/5131 633/1556/5132
f 629/1546/5133 255/1545/5134 635/1560/5135 1576/1559/5136
f 1576/1559/5137 635/1560/5138 258/1561/5139 636/1562/5140
f 633/1556/5141 1576/1559/5142 636/1562/5143 259/1557/5144
f 255/1552/5145 631/1551/5146 1577/1563/5147 635/1564/5148
f 631/1551/5149 254/1550/5150 637/1565/5151 1577/1563/5152
f 1577/1563/5153 637/1565/5154 257/1566/5155 638/1567/5156
f 635/1564/5157 1577/1563/5158 638/1567/5159 258/1568/5160
f 254/1550/5161 632/1554/5162 1578/1569/5163 637/1565/5164
f 1420/841/5165 1578/1569/5166 632/1554/5167 1217/839/5168
f 639/1570/5169 1578/1569/5170 1420/841/5171 1219/843/5172
f 637/1565/5173 1578/1569/5174 639/1570/5175 257/1566/5176
f 1121/683/5177 634/1558/5178 1579/1571/5179 1362/687/5180
f 634/1558/5181 259/1557/5182 640/1572/5183 1579/1571/5184
f 1579/1571/5185 640/1572/5186 262/1260/5187 504/1259/5188
f 1579/1571/5189 504/1259/5190 1065/533/5191 1362/687/5192
f 259/1557/5193 636/1562/5194 1580/1573/5195 640/1572/5196
f 636/1562/5197 258/1561/5198 641/1574/5199 1580/1573/5200
f 1580/1573/5201 641/1574/5202 261/1266/5203 507/1265/5204
f 640/1572/5205 1580/1573/5206 507/1265/5207 262/1260/5208
f 258/1568/5209 638/1567/5210 1581/1575/5211 641/1576/5212
f 638/1567/5213 257/1566/5214 642/1577/5215 1581/1575/5216
f 1581/1575/5217 642/1577/5218 260/1271/5219 513/1278/5220
f 641/1576/5221 1581/1575/5222 513/1278/5223 261/1277/5224
f 257/1566/5225 639/1570/5226 1582/1578/5227 642/1577/5228
f 1421/845/5229 1582/1578/5230 639/1570/5231 1219/843/5232
f 511/1272/5233 1582/1578/5234 1421/845/5235 1221/847/5236
f 642/1577/5237 1582/1578/5238 511/1272/5239 260/1271/5240
f 703/1579/5241 643/1580/5242 1583/1581/5243 1623/1582/5244
f 643/1580/5245 263/1583/5246 644/1584/5247 1583/1581/5248
f 1583/1581/5249 644/1584/5250 282/1585/5251 645/1586/5252
f 1583/1581/5253 645/1586/5254 704/1587/5255 1623/1582/5256
f 263/1588/5257 646/854/5258 1584/1246/5259 644/1589/5260
f 644/1589/5261 1584/1246/5262 647/1229/5263 282/1590/5264
f 646/854/5265 263/1588/5266 648/1591/5267 1585/855/5268
f 1585/855/5269 648/1591/5270 264/1592/5271 649/857/5272
f 263/1583/5273 643/1580/5274 1586/1593/5275 648/1594/5276
f 1586/1593/5277 643/1580/5278 703/1579/5279 1627/1595/5280
f 650/1596/5281 1586/1593/5282 1627/1595/5283 715/1597/5284
f 648/1594/5285 1586/1593/5286 650/1596/5287 264/1598/5288
f 649/857/5289 264/1592/5290 651/1599/5291 1587/882/5292
f 1587/882/5293 651/1599/5294 265/1600/5295 652/884/5296
f 264/1598/5297 650/1596/5298 1588/1601/5299 651/1602/5300
f 1588/1601/5301 650/1596/5302 715/1597/5303 1631/1603/5304
f 653/1604/5305 1588/1601/5306 1631/1603/5307 722/1605/5308
f 651/1602/5309 1588/1601/5310 653/1604/5311 265/1606/5312
f 652/884/5313 265/1600/5314 654/1607/5315 1589/902/5316
f 1589/902/5317 654/1607/5318 266/1608/5319 655/904/5320
f 265/1606/5321 653/1604/5322 1590/1609/5323 654/1610/5324
f 1590/1609/5325 653/1604/5326 722/1605/5327 1635/1611/5328
f 656/1612/5329 1590/1609/5330 1635/1611/5331 729/1613/5332
f 654/1610/5333 1590/1609/5334 656/1612/5335 266/1614/5336
f 655/904/5337 266/1608/5338 657/1615/5339 1591/922/5340
f 1591/922/5341 657/1615/5342 267/1616/5343 658/924/5344
f 266/1614/5345 656/1612/5346 1592/1617/5347 657/1618/5348
f 1592/1617/5349 656/1612/5350 729/1613/5351 1639/1619/5352
f 659/1620/5353 1592/1617/5354 1639/1619/5355 736/1621/5356
f 657/1618/5357 1592/1617/5358 659/1620/5359 267/1622/5360
f 658/924/5361 267/1616/5362 660/1623/5363 1593/942/5364
f 1593/942/5365 660/1623/5366 268/1624/5367 661/944/5368
f 267/1625/5369 659/1626/5370 1594/1627/5371 660/1628/5372
f 1594/1627/5373 659/1626/5374 736/1629/5375 1643/1630/5376
f 662/1631/5377 1594/1627/5378 1643/1630/5379 743/1632/5380
f 660/1628/5381 1594/1627/5382 662/1631/5383 268/1633/5384
f 661/944/5385 268/1624/5386 663/1634/5387 1595/967/5388
f 1595/967/5389 663/1634/5390 269/1635/5391 664/969/5392
f 268/1633/5393 662/1631/5394 1596/1636/5395 663/1637/5396
f 1596/1636/5397 662/1631/5398 743/1632/5399 1647/1638/5400
f 665/1639/5401 1596/1636/5402 1647/1638/5403 750/1640/5404
f 663/1637/5405 1596/1636/5406 665/1639/5407 269/1641/5408
f 664/969/5409 269/1635/5410 666/1642/5411 1597/987/5412
f 1597/987/5413 666/1642/5414 270/1643/5415 667/989/5416
f 269/1641/5417 665/1639/5418 1598/1644/5419 666/1645/5420
f 1598/1644/5421 665/1639/5422 750/1640/5423 1651/1646/5424
f 668/1647/5425 1598/1644/5426 1651/1646/5427 757/1648/5428
f 666/1645/5429 1598/1644/5430 668/1647/5431 270/1649/5432
f 667/989/5433 270/1643/5434 669/1650/5435 1599/1007/5436
f 1599/1007/5437 669/1650/5438 271/1651/5439 670/1009/5440
f 270/1649/5441 668/1647/5442 1600/1652/5443 669/1653/5444
f 1600/1652/5445 668/1647/5446 757/1648/5447 1655/1654/5448
f 671/1655/5449 1600/1652/5450 1655/1654/5451 764/1656/5452
f 669/1653/5453 1600/1652/5454 671/1655/5455 271/1657/5456
f 670/1009/5457 271/1651/5458 672/1658/5459 1601/1027/5460
f 1601/1027/5461 672/1658/5462 272/1659/5463 673/1029/5464
f 271/1657/5465 671/1655/5466 1602/1660/5467 672/1661/5468
f 1602/1660/5469 671/1655/5470 764/1656/5471 1659/1662/5472
f 674/1663/5473 1602/1660/5474 1659/1662/5475 771/1664/5476
f 672/1661/5477 1602/1660/5478 674/1663/5479 272/1665/5480
f 673/1029/5481 272/1659/5482 675/1666/5483 1603/1047/5484
f 1603/1047/5485 675/1666/5486 273/1667/5487 676/1049/5488
f 272/1665/5489 674/1663/5490 1604/1668/5491 675/1669/5492
f 1604/1668/5493 674/1663/5494 771/1664/5495 1663/1670/5496
f 677/1671/5497 1604/1668/5498 1663/1670/5499 778/1672/5500
f 675/1669/5501 1604/1668/5502 677/1671/5503 273/1673/5504
f 676/1049/5505 273/1667/5506 678/1674/5507 1605/1067/5508
f 1605/1067/5509 678/1674/5510 274/1675/5511 679/1069/5512
f 273/1673/5513 677/1671/5514 1606/1676/5515 678/1677/5516
f 1606/1676/5517 677/1671/5518 778/1672/5519 1667/1678/5520
f 680/1679/5521 1606/1676/5522 1667/1678/5523 785/1680/5524
f 678/1677/5525 1606/1676/5526 680/1679/5527 274/1681/5528
f 679/1069/5529 274/1675/5530 681/1682/5531 1607/1087/5532
f 1607/1087/5533 681/1682/5534 275/1683/5535 682/1089/5536
f 274/1681/5537 680/1679/5538 1608/1684/5539 681/1685/5540
f 1608/1684/5541 680/1679/5542 785/1680/5543 1671/1686/5544
f 683/1687/5545 1608/1684/5546 1671/1686/5547 792/1688/5548
f 681/1685/5549 1608/1684/5550 683/1687/5551 275/1689/5552
f 682/1089/5553 275/1683/5554 684/1690/5555 1609/1107/5556
f 1609/1107/5557 684/1690/5558 276/1691/5559 685/1109/5560
f 275/1689/5561 683/1687/5562 1610/1692/5563 684/1693/5564
f 1610/1692/5565 683/1687/5566 792/1688/5567 1675/1694/5568
f 686/1695/5569 1610/1692/5570 1675/1694/5571 799/1696/5572
f 684/1693/5573 1610/1692/5574 686/1695/5575 276/1697/5576
f 685/1109/5577 276/1691/5578 687/1698/5579 1611/1127/5580
f 1611/1127/5581 687/1698/5582 277/1699/5583 688/1129/5584
f 276/1697/5585 686/1695/5586 1612/1700/5587 687/1701/5588
f 1612/1700/5589 686/1695/5590 799/1696/5591 1679/1702/5592
f 689/1703/5593 1612/1700/5594 1679/1702/5595 806/1704/5596
f 687/1701/5597 1612/1700/5598 689/1703/5599 277/1705/5600
f 688/1129/5601 277/1699/5602 690/1706/5603 1613/1147/5604
f 1613/1147/5605 690/1706/5606 278/1707/5607 691/1149/5608
f 277/1705/5609 689/1703/5610 1614/1708/5611 690/1709/5612
f 1614/1708/5613 689/1703/5614 806/1704/5615 1683/1710/5616
f 692/1711/5617 1614/1708/5618 1683/1710/5619 813/1712/5620
f 690/1709/5621 1614/1708/5622 692/1711/5623 278/1713/5624
f 691/1149/5625 278/1707/5626 693/1714/5627 1615/1167/5628
f 1615/1167/5629 693/1714/5630 279/1715/5631 694/1169/5632
f 278/1713/5633 692/1711/5634 1616/1716/5635 693/1717/5636
f 1616/1716/5637 692/1711/5638 813/1712/5639 1687/1718/5640
f 695/1719/5641 1616/1716/5642 1687/1718/5643 820/1720/5644
f 693/1717/5645 1616/1716/5646 695/1719/5647 279/1721/5648
f 694/1169/5649 279/1715/5650 696/1722/5651 1617/1187/5652
f 1617/1187/5653 696/1722/5654 280/1723/5655 697/1189/5656
f 279/1721/5657 695/1719/5658 1618/1724/5659 696/1725/5660
f 1618/1724/5661 695/1719/5662 820/1720/5663 1691/1726/5664
f 698/1727/5665 1618/1724/5666 1691/1726/5667 827/1728/5668
f 696/1725/5669 1618/1724/5670 698/1727/5671 280/1729/5672
f 697/1189/5673 280/1723/5674 699/1730/5675 1619/1207/5676
f 1619/1207/5677 699/1730/5678 281/1731/5679 700/1209/5680
f 280/1729/5681 698/1727/5682 1620/1732/5683 699/1733/5684
f 1620/1732/5685 698/1727/5686 827/1728/5687 1695/1734/5688
f 701/1735/5689 1620/1732/5690 1695/1734/5691 834/1736/5692
f 699/1733/5693 1620/1732/5694 701/1735/5695 281/1737/5696
f 700/1209/5697 281/1731/5698 702/1738/5699 1621/1227/5700
f 1621/1227/5701 702/1738/5702 282/1590/5703 647/1229/5704
f 281/1737/5705 701/1735/5706 1622/1739/5707 702/1740/5708
f 1622/1739/5709 701/1735/5710 834/1736/5711 1699/1741/5712
f 645/1586/5713 1622/1739/5714 1699/1741/5715 704/1587/5716
f 702/1740/5717 1622/1739/5718 645/1586/5719 282/1585/5720
f 285/1742/5721 703/1579/5722 1623/1582/5723 705/1743/5724
f 705/1743/5725 1623/1582/5726 704/1587/5727 342/1744/5728
f 284/1745/5729 706/1746/5730 1624/1747/5731 708/1748/5732
f 706/1746/5733 285/1742/5734 705/1743/5735 1624/1747/5736
f 1624/1747/5737 705/1743/5738 342/1744/5739 707/1749/5740
f 708/1748/5741 1624/1747/5742 707/1749/5743 341/1750/5744
f 709/1751/5745 1625/1752/5746 1/1753/5747
f 709/1751/5748 283/1754/5749 710/1755/5750 1625/1752/5751
f 1625/1752/5752 710/1755/5753 340/1756/5754 711/1757/5755
f 1/1753/5756 1625/1752/5757 711/1757/5758
f 283/1754/5759 712/1758/5760 1626/1759/5761 710/1755/5762
f 712/1758/5763 284/1760/5764 708/1761/5765 1626/1759/5766
f 1626/1759/5767 708/1761/5768 341/1762/5769 713/1763/5770
f 710/1755/5771 1626/1759/5772 713/1763/5773 340/1756/5774
f 703/1579/5775 285/1742/5776 714/1764/5777 1627/1595/5778
f 1627/1595/5779 714/1764/5780 288/1765/5781 715/1597/5782
f 285/1742/5783 706/1746/5784 1628/1766/5785 714/1764/5786
f 706/1746/5787 284/1745/5788 716/1767/5789 1628/1766/5790
f 1628/1766/5791 716/1767/5792 287/1768/5793 717/1769/5794
f 714/1764/5795 1628/1766/5796 717/1769/5797 288/1765/5798
f 284/1760/5799 712/1758/5800 1629/1770/5801 716/1771/5802
f 712/1758/5803 283/1754/5804 718/1772/5805 1629/1770/5806
f 1629/1770/5807 718/1772/5808 286/1773/5809 719/1774/5810
f 716/1771/5811 1629/1770/5812 719/1774/5813 287/1775/5814
f 283/1754/5815 709/1751/5816 1630/1776/5817 718/1772/5818
f 1/1753/5819 1630/1776/5820 709/1751/5821
f 720/1777/5822 1630/1776/5823 1/1753/5824
f 718/1772/5825 1630/1776/5826 720/1777/5827 286/1773/5828
f 715/1597/5829 288/1765/5830 721/1778/5831 1631/1603/5832
f 1631/1603/5833 721/1778/5834 291/1779/5835 722/1605/5836
f 288/1765/5837 717/1769/5838 1632/1780/5839 721/1778/5840
f 717/1769/5841 287/1768/5842 723/1781/5843 1632/1780/5844
f 1632/1780/5845 723/1781/5846 290/1782/5847 724/1783/5848
f 721/1778/5849 1632/1780/5850 724/1783/5851 291/1779/5852
f 287/1775/5853 719/1774/5854 1633/1784/5855 723/1785/5856
f 719/1774/5857 286/1773/5858 725/1786/5859 1633/1784/5860
f 1633/1784/5861 725/1786/5862 289/1787/5863 726/1788/5864
f 723/1785/5865 1633/1784/5866 726/1788/5867 290/1789/5868
f 286/1773/5869 720/1777/5870 1634/1790/5871 725/1786/5872
f 1/1753/5873 1634/1790/5874 720/1777/5875
f 727/1791/5876 1634/1790/5877 1/1753/5878
f 725/1786/5879 1634/1790/5880 727/1791/5881 289/1787/5882
f 722/1605/5883 291/1779/5884 728/1792/5885 1635/1611/5886
f 1635/1611/5887 728/1792/5888 294/1793/5889 729/1613/5890
f 291/1779/5891 724/1783/5892 1636/1794/5893 728/1792/5894
f 724/1783/5895 290/1782/5896 730/1795/5897 1636/1794/5898
f 1636/1794/5899 730/1795/5900 293/1796/5901 731/1797/5902
f 728/1792/5903 1636/1794/5904 731/1797/5905 294/1793/5906
f 290/1789/5907 726/1788/5908 1637/1798/5909 730/1799/5910
f 726/1788/5911 289/1787/5912 732/1800/5913 1637/1798/5914
f 1637/1798/5915 732/1800/5916 292/1801/5917 733/1802/5918
f 730/1799/5919 1637/1798/5920 733/1802/5921 293/1803/5922
f 289/1787/5923 727/1791/5924 1638/1804/5925 732/1800/5926
f 1/1753/5927 1638/1804/5928 727/1791/5929
f 734/1805/5930 1638/1804/5931 1/1753/5932
f 732/1800/5933 1638/1804/5934 734/1805/5935 292/1801/5936
f 729/1613/5937 294/1793/5938 735/1806/5939 1639/1619/5940
f 1639/1619/5941 735/1806/5942 297/1807/5943 736/1621/5944
f 294/1793/5945 731/1797/5946 1640/1808/5947 735/1806/5948
f 731/1797/5949 293/1796/5950 737/1809/5951 1640/1808/5952
f 1640/1808/5953 737/1809/5954 296/1810/5955 738/1811/5956
f 735/1806/5957 1640/1808/5958 738/1811/5959 297/1807/5960
f 293/1803/5961 733/1802/5962 1641/1812/5963 737/1813/5964
f 733/1802/5965 292/1801/5966 739/1814/5967 1641/1812/5968
f 1641/1812/5969 739/1814/5970 295/1815/5971 740/1816/5972
f 737/1813/5973 1641/1812/5974 740/1816/5975 296/1817/5976
f 292/1801/5977 734/1805/5978 1642/1818/5979 739/1814/5980
f 1/1753/5981 1642/1818/5982 734/1805/5983
f 741/1819/5984 1642/1818/5985 1/1753/5986
f 739/1814/5987 1642/1818/5988 741/1819/5989 295/1815/5990
f 736/1629/5991 297/1820/5992 742/1821/5993 1643/1630/5994
f 1643/1630/5995 742/1821/5996 300/1822/5997 743/1632/5998
f 297/1820/5999 738/1823/6000 1644/1824/6001 742/1821/6002
f 738/1823/6003 296/1825/6004 744/1826/6005 1644/1824/6006
f 1644/1824/6007 744/1826/6008 299/1827/6009 745/1828/6010
f 742/1821/6011 1644/1824/6012 745/1828/6013 300/1822/6014
f 296/1817/6015 740/1816/6016 1645/1829/6017 744/1830/6018
f 740/1816/6019 295/1815/6020 746/1831/6021 1645/1829/6022
f 1645/1829/6023 746/1831/6024 298/1832/6025 747/1833/6026
f 744/1830/6027 1645/1829/6028 747/1833/6029 299/1834/6030
f 295/1815/6031 741/1819/6032 1646/1835/6033 746/1831/6034
f 1/1753/6035 1646/1835/6036 741/1819/6037
f 748/1836/6038 1646/1835/6039 1/1753/6040
f 746/1831/6041 1646/1835/6042 748/1836/6043 298/1832/6044
f 743/1632/6045 300/1822/6046 749/1837/6047 1647/1638/6048
f 1647/1638/6049 749/1837/6050 303/1838/6051 750/1640/6052
f 300/1822/6053 745/1828/6054 1648/1839/6055 749/1837/6056
f 745/1828/6057 299/1827/6058 751/1840/6059 1648/1839/6060
f 1648/1839/6061 751/1840/6062 302/1841/6063 752/1842/6064
f 749/1837/6065 1648/1839/6066 752/1842/6067 303/1838/6068
f 299/1834/6069 747/1833/6070 1649/1843/6071 751/1844/6072
f 747/1833/6073 298/1832/6074 753/1845/6075 1649/1843/6076
f 1649/1843/6077 753/1845/6078 301/1846/6079 754/1847/6080
f 751/1844/6081 1649/1843/6082 754/1847/6083 302/1848/6084
f 298/1832/6085 748/1836/6086 1650/1849/6087 753/1845/6088
f 1/1753/6089 1650/1849/6090 748/1836/6091
f 755/1850/6092 1650/1849/6093 1/1753/6094
f 753/1845/6095 1650/1849/6096 755/1850/6097 301/1846/6098
f 750/1640/6099 303/1838/6100 756/1851/6101 1651/1646/6102
f 1651/1646/6103 756/1851/6104 306/1852/6105 757/1648/6106
f 303/1838/6107 752/1842/6108 1652/1853/6109 756/1851/6110
f 752/1842/6111 302/1841/6112 758/1854/6113 1652/1853/6114
f 1652/1853/6115 758/1854/6116 305/1855/6117 759/1856/6118
f 756/1851/6119 1652/1853/6120 759/1856/6121 306/1852/6122
f 302/1848/6123 754/1847/6124 1653/1857/6125 758/1858/6126
f 754/1847/6127 301/1846/6128 760/1859/6129 1653/1857/6130
f 1653/1857/6131 760/1859/6132 304/1860/6133 761/1861/6134
f 758/1858/6135 1653/1857/6136 761/1861/6137 305/1862/6138
f 301/1846/6139 755/1850/6140 1654/1863/6141 760/1859/6142
f 1/1753/6143 1654/1863/6144 755/1850/6145
f 762/1864/6146 1654/1863/6147 1/1753/6148
f 760/1859/6149 1654/1863/6150 762/1864/6151 304/1860/6152
f 757/1648/6153 306/1852/6154 763/1865/6155 1655/1654/6156
f 1655/1654/6157 763/1865/6158 309/1866/6159 764/1656/6160
f 306/1852/6161 759/1856/6162 1656/1867/6163 763/1865/6164
f 759/1856/6165 305/1855/6166 765/1868/6167 1656/1867/6168
f 1656/1867/6169 765/1868/6170 308/1869/6171 766/1870/6172
f 763/1865/6173 1656/1867/6174 766/1870/6175 309/1866/6176
f 305/1862/6177 761/1861/6178 1657/1871/6179 765/1872/6180
f 761/1861/6181 304/1860/6182 767/1873/6183 1657/1871/6184
f 1657/1871/6185 767/1873/6186 307/1874/6187 768/1875/6188
f 765/1872/6189 1657/1871/6190 768/1875/6191 308/1876/6192
f 304/1860/6193 762/1864/6194 1658/1877/6195 767/1873/6196
f 1/1753/6197 1658/1877/6198 762/1864/6199
f 769/1878/6200 1658/1877/6201 1/1753/6202
f 767/1873/6203 1658/1877/6204 769/1878/6205 307/1874/6206
f 764/1656/6207 309/1866/6208 770/1879/6209 1659/1662/6210
f 1659/1662/6211 770/1879/6212 312/1880/6213 771/1664/6214
f 309/1866/6215 766/1870/6216 1660/1881/6217 770/1879/6218
f 766/1870/6219 308/1869/6220 772/1882/6221 1660/1881/6222
f 1660/1881/6223 772/1882/6224 311/1883/6225 773/1884/6226
f 770/1879/6227 1660/1881/6228 773/1884/6229 312/1880/6230
f 308/1876/6231 768/1875/6232 1661/1885/6233 772/1886/6234
f 768/1875/6235 307/1874/6236 774/1887/6237 1661/1885/6238
f 1661/1885/6239 774/1887/6240 310/1888/6241 775/1889/6242
f 772/1886/6243 1661/1885/6244 775/1889/6245 311/1890/6246
f 307/1874/6247 769/1878/6248 1662/1891/6249 774/1887/6250
f 1/1753/6251 1662/1891/6252 769/1878/6253
f 776/1892/6254 1662/1891/6255 1/1753/6256
f 774/1887/6257 1662/1891/6258 776/1892/6259 310/1888/6260
f 771/1664/6261 312/1880/6262 777/1893/6263 1663/1670/6264
f 1663/1670/6265 777/1893/6266 315/1894/6267 778/1672/6268
f 312/1880/6269 773/1884/6270 1664/1895/6271 777/1893/6272
f 773/1884/6273 311/1883/6274 779/1896/6275 1664/1895/6276
f 1664/1895/6277 779/1896/6278 314/1897/6279 780/1898/6280
f 777/1893/6281 1664/1895/6282 780/1898/6283 315/1894/6284
f 311/1890/6285 775/1889/6286 1665/1899/6287 779/1900/6288
f 775/1889/6289 310/1888/6290 781/1901/6291 1665/1899/6292
f 1665/1899/6293 781/1901/6294 313/1902/6295 782/1903/6296
f 779/1900/6297 1665/1899/6298 782/1903/6299 314/1904/6300
f 310/1888/6301 776/1892/6302 1666/1905/6303 781/1901/6304
f 1/1753/6305 1666/1905/6306 776/1892/6307
f 783/1906/6308 1666/1905/6309 1/1753/6310
f 781/1901/6311 1666/1905/6312 783/1906/6313 313/1902/6314
f 778/1672/6315 315/1894/6316 784/1907/6317 1667/1678/6318
f 1667/1678/6319 784/1907/6320 318/1908/6321 785/1680/6322
f 315/1894/6323 780/1898/6324 1668/1909/6325 784/1907/6326
f 780/1898/6327 314/1897/6328 786/1910/6329 1668/1909/6330
f 1668/1909/6331 786/1910/6332 317/1911/6333 787/1912/6334
f 784/1907/6335 1668/1909/6336 787/1912/6337 318/1908/6338
f 314/1904/6339 782/1903/6340 1669/1913/6341 786/1914/6342
f 782/1903/6343 313/1902/6344 788/1915/6345 1669/1913/6346
f 1669/1913/6347 788/1915/6348 316/1916/6349 789/1917/6350
f 786/1914/6351 1669/1913/6352 789/1917/6353 317/1918/6354
f 313/1902/6355 783/1906/6356 1670/1919/6357 788/1915/6358
f 1/1753/6359 1670/1919/6360 783/1906/6361
f 790/1920/6362 1670/1919/6363 1/1753/6364
f 788/1915/6365 1670/1919/6366 790/1920/6367 316/1916/6368
f 785/1680/6369 318/1908/6370 791/1921/6371 1671/1686/6372
f 1671/1686/6373 791/1921/6374 321/1922/6375 792/1688/6376
f 318/1908/6377 787/1912/6378 1672/1923/6379 791/1921/6380
f 787/1912/6381 317/1911/6382 793/1924/6383 1672/1923/6384
f 1672/1923/6385 793/1924/6386 320/1925/6387 794/1926/6388
f 791/1921/6389 1672/1923/6390 794/1926/6391 321/1922/6392
f 317/1918/6393 789/1917/6394 1673/1927/6395 793/1928/6396
f 789/1917/6397 316/1916/6398 795/1929/6399 1673/1927/6400
f 1673/1927/6401 795/1929/6402 319/1930/6403 796/1931/6404
f 793/1928/6405 1673/1927/6406 796/1931/6407 320/1932/6408
f 316/1916/6409 790/1920/6410 1674/1933/6411 795/1929/6412
f 1/1753/6413 1674/1933/6414 790/1920/6415
f 797/1934/6416 1674/1933/6417 1/1753/6418
f 795/1929/6419 1674/1933/6420 797/1934/6421 319/1930/6422
f 792/1688/6423 321/1922/6424 798/1935/6425 1675/1694/6426
f 1675/1694/6427 798/1935/6428 324/1936/6429 799/1696/6430
f 321/1922/6431 794/1926/6432 1676/1937/6433 798/1935/6434
f 794/1926/6435 320/1925/6436 800/1938/6437 1676/1937/6438
f 1676/1937/6439 800/1938/6440 323/1939/6441 801/1940/6442
f 798/1935/6443 1676/1937/6444 801/1940/6445 324/1936/6446
f 320/1932/6447 796/1931/6448 1677/1941/6449 800/1942/6450
f 796/1931/6451 319/1930/6452 802/1943/6453 1677/1941/6454
f 1677/1941/6455 802/1943/6456 322/1944/6457 803/1945/6458
f 800/1942/6459 1677/1941/6460 803/1945/6461 323/1946/6462
f 319/1930/6463 797/1934/6464 1678/1947/6465 802/1943/6466
f 1/1753/6467 1678/1947/6468 797/1934/6469
f 804/1948/6470 1678/1947/6471 1/1753/6472
f 802/1943/6473 1678/1947/6474 804/1948/6475 322/1944/6476
f 799/1696/6477 324/1936/6478 805/1949/6479 1679/1702/6480
f 1679/1702/6481 805/1949/6482 327/1950/6483 806/1704/6484
f 324/1936/6485 801/1940/6486 1680/1951/6487 805/1949/6488
f 801/1940/6489 323/1939/6490 807/1952/6491 1680/1951/6492
f 1680/1951/6493 807/1952/6494 326/1953/6495 808/1954/6496
f 805/1949/6497 1680/1951/6498 808/1954/6499 327/1950/6500
f 323/1946/6501 803/1945/6502 1681/1955/6503 807/1956/6504
f 803/1945/6505 322/1944/6506 809/1957/6507 1681/1955/6508
f 1681/1955/6509 809/1957/6510 325/1958/6511 810/1959/6512
f 807/1956/6513 1681/1955/6514 810/1959/6515 326/1960/6516
f 322/1944/6517 804/1948/6518 1682/1961/6519 809/1957/6520
f 1/1753/6521 1682/1961/6522 804/1948/6523
f 811/1962/6524 1682/1961/6525 1/1753/6526
f 809/1957/6527 1682/1961/6528 811/1962/6529 325/1958/6530
f 806/1704/6531 327/1950/6532 812/1963/6533 1683/1710/6534
f 1683/1710/6535 812/1963/6536 330/1964/6537 813/1712/6538
f 327/1950/6539 808/1954/6540 1684/1965/6541 812/1963/6542
f 808/1954/6543 326/1953/6544 814/1966/6545 1684/1965/6546
f 1684/1965/6547 814/1966/6548 329/1967/6549 815/1968/6550
f 812/1963/6551 1684/1965/6552 815/1968/6553 330/1964/6554
f 326/1960/6555 810/1959/6556 1685/1969/6557 814/1970/6558
f 810/1959/6559 325/1958/6560 816/1971/6561 1685/1969/6562
f 1685/1969/6563 816/1971/6564 328/1972/6565 817/1973/6566
f 814/1970/6567 1685/1969/6568 817/1973/6569 329/1974/6570
f 325/1958/6571 811/1962/6572 1686/1975/6573 816/1971/6574
f 1/1753/6575 1686/1975/6576 811/1962/6577
f 818/1976/6578 1686/1975/6579 1/1753/6580
f 816/1971/6581 1686/1975/6582 818/1976/6583 328/1972/6584
f 813/1712/6585 330/1964/6586 819/1977/6587 1687/1718/6588
f 1687/1718/6589 819/1977/6590 333/1978/6591 820/1720/6592
f 330/1964/6593 815/1968/6594 1688/1979/6595 819/1977/6596
f 815/1968/6597 329/1967/6598 821/1980/6599 1688/1979/6600
f 1688/1979/6601 821/1980/6602 332/1981/6603 822/1982/6604
f 819/1977/6605 1688/1979/6606 822/1982/6607 333/1978/6608
f 329/1974/6609 817/1973/6610 1689/1983/6611 821/1984/6612
f 817/1973/6613 328/1972/6614 823/1985/6615 1689/1983/6616
f 1689/1983/6617 823/1985/6618 331/1986/6619 824/1987/6620
f 821/1984/6621 1689/1983/6622 824/1987/6623 332/1988/6624
f 328/1972/6625 818/1976/6626 1690/1989/6627 823/1985/6628
f 1/1753/6629 1690/1989/6630 818/1976/6631
f 825/1990/6632 1690/1989/6633 1/1753/6634
f 823/1985/6635 1690/1989/6636 825/1990/6637 331/1986/6638
f 820/1720/6639 333/1978/6640 826/1991/6641 1691/1726/6642
f 1691/1726/6643 826/1991/6644 336/1992/6645 827/1728/6646
f 333/1978/6647 822/1982/6648 1692/1993/6649 826/1991/6650
f 822/1982/6651 332/1981/6652 828/1994/6653 1692/1993/6654
f 1692/1993/6655 828/1994/6656 335/1995/6657 829/1996/6658
f 826/1991/6659 1692/1993/6660 829/1996/6661 336/1992/6662
f 332/1988/6663 824/1987/6664 1693/1997/6665 828/1998/6666
f 824/1987/6667 331/1986/6668 830/1999/6669 1693/1997/6670
f 1693/1997/6671 830/1999/6672 334/2000/6673 831/2001/6674
f 828/1998/6675 1693/1997/6676 831/2001/6677 335/2002/6678
f 331/1986/6679 825/1990/6680 1694/2003/6681 830/1999/6682
f 1/1753/6683 1694/2003/6684 825/1990/6685
f 832/2004/6686 1694/2003/6687 1/1753/6688
f 830/1999/6689 1694/2003/6690 832/2004/6691 334/2000/6692
f 827/1728/6693 336/1992/6694 833/2005/6695 1695/1734/6696
f 1695/1734/6697 833/2005/6698 339/2006/6699 834/1736/6700
f 336/1992/6701 829/1996/6702 1696/2007/6703 833/2005/6704
f 829/1996/6705 335/1995/6706 835/2008/6707 1696/2007/6708
f 1696/2007/6709 835/2008/6710 338/2009/6711 836/2010/6712
f 833/2005/6713 1696/2007/6714 836/2010/6715 339/2006/6716
f 335/2002/6717 831/2001/6718 1697/2011/6719 835/2012/6720
f 831/2001/6721 334/2000/6722 837/2013/6723 1697/2011/6724
f 1697/2011/6725 837/2013/6726 337/2014/6727 838/2015/6728
f 835/2012/6729 1697/2011/6730 838/2015/6731 338/2016/6732
f 334/2000/6733 832/2004/6734 1698/2017/6735 837/2013/6736
f 1/1753/6737 1698/2017/6738 832/2004/6739
f 839/2018/6740 1698/2017/6741 1/1753/6742
f 837/2013/6743 1698/2017/6744 839/2018/6745 337/2014/6746
f 834/1736/6747 339/2006/6748 840/2019/6749 1699/1741/6750
f 1699/1741/6751 840/2019/6752 342/1744/6753 704/1587/6754
f 339/2006/6755 836/2010/6756 1700/2020/6757 840/2019/6758
f 836/2010/6759 338/2009/6760 841/2021/6761 1700/2020/6762
f 1700/2020/6763 841/2021/6764 341/1750/6765 707/1749/6766
f 840/2019/6767 1700/2020/6768 707/1749/6769 342/1744/6770
f 338/2016/6771 838/2015/6772 1701/2022/6773 841/2023/6774
f 838/2015/6775 337/2014/6776 842/2024/6777 1701/2022/6778
f 1701/2022/6779 842/2024/6780 340/1756/6781 713/1763/6782
f 841/2023/6783 1701/2022/6784 713/1763/6785 341/1762/6786
f 337/2014/6787 839/2018/6788 1702/2025/6789 842/2024/6790
f 1/1753/6791 1702/2025/6792 839/2018/6793
f 711/1757/6794 1702/2025/6795 1/1753/6796
f 842/2024/6797 1702/2025/6798 711/1757/6799 340/1756/6800
f 1703/867/6801 843/873/6802 344/772/6803 1183/769/6804
f 844/868/6805 1703/867/6806 1183/769/6807 343/768/6808
f 1704/891/6809 845/895/6810 345/776/6811 1186/774/6812
f 843/873/6813 1704/891/6814 1186/774/6815 344/772/6816
f 1705/911/6817 846/915/6818 346/780/6819 1188/778/6820
f 845/895/6821 1705/911/6822 1188/778/6823 345/776/6824
f 1706/931/6825 847/935/6826 347/784/6827 1190/782/6828
f 846/915/6829 1706/931/6830 1190/782/6831 346/780/6832
f 1707/952/6833 848/958/6834 348/790/6835 1192/787/6836
f 847/953/6837 1707/952/6838 1192/787/6839 347/786/6840
f 1708/976/6841 849/980/6842 349/794/6843 1194/792/6844
f 848/958/6845 1708/976/6846 1194/792/6847 348/790/6848
f 1709/996/6849 850/1000/6850 350/798/6851 1196/796/6852
f 849/980/6853 1709/996/6854 1196/796/6855 349/794/6856
f 1710/1016/6857 851/1020/6858 351/802/6859 1198/800/6860
f 850/1000/6861 1710/1016/6862 1198/800/6863 350/798/6864
f 1711/1036/6865 852/1040/6866 352/806/6867 1200/804/6868
f 851/1020/6869 1711/1036/6870 1200/804/6871 351/802/6872
f 1712/1056/6873 853/1060/6874 353/810/6875 1202/808/6876
f 852/1040/6877 1712/1056/6878 1202/808/6879 352/806/6880
f 1713/1076/6881 854/1080/6882 354/814/6883 1204/812/6884
f 853/1060/6885 1713/1076/6886 1204/812/6887 353/810/6888
f 1714/1096/6889 855/1100/6890 355/818/6891 1206/816/6892
f 854/1080/6893 1714/1096/6894 1206/816/6895 354/814/6896
f 1715/1116/6897 856/1120/6898 356/822/6899 1208/820/6900
f 855/1100/6901 1715/1116/6902 1208/820/6903 355/818/6904
f 1716/1136/6905 857/1140/6906 357/826/6907 1210/824/6908
f 856/1120/6909 1716/1136/6910 1210/824/6911 356/822/6912
f 1717/1156/6913 858/1160/6914 358/830/6915 1212/828/6916
f 857/1140/6917 1717/1156/6918 1212/828/6919 357/826/6920
f 1718/1176/6921 859/1180/6922 359/834/6923 1214/832/6924
f 858/1160/6925 1718/1176/6926 1214/832/6927 358/830/6928
f 1719/1196/6929 860/1200/6930 360/838/6931 1216/836/6932
f 859/1180/6933 1719/1196/6934 1216/836/6935 359/834/6936
f 1720/1216/6937 861/1220/6938 361/842/6939 1218/840/6940
f 860/1200/6941 1720/1216/6942 1218/840/6943 360/838/6944
f 1721/1236/6945 862/1240/6946 362/846/6947 1220/844/6948
f 861/1220/6949 1721/1236/6950 1220/844/6951 361/842/6952
f 1722/1254/6953 844/868/6954 343/768/6955 1222/848/6956
f 862/1240/6957 1722/1254/6958 1222/848/6959 362/846/6960
g default
v 1.606239 0.000001 1.179711
v 1.606239 4.999243 1.179711
v 1.865736 4.901149 1.095395
v 1.880383 4.875231 1.090636
v 1.902725 4.856328 1.083377
v 1.826981 4.901149 1.019333
v 1.839440 4.875231 1.010281
v 1.858445 4.856328 0.996473
v 1.766617 4.901149 0.958969
v 1.775669 4.875231 0.946510
v 1.789477 4.856328 0.927505
v 1.690555 4.901149 0.920213
v 1.695314 4.875231 0.905567
v 1.702573 4.856328 0.883225
v 1.606239 4.901149 0.906859
v 1.606239 4.875231 0.891459
v 1.606239 4.856328 0.867967
v 1.521923 4.901149 0.920213
v 1.517164 4.875231 0.905567
v 1.509905 4.856328 0.883225
v 1.445861 4.901149 0.958969
v 1.436809 4.875231 0.946510
v 1.423001 4.856328 0.927505
v 1.385497 4.901149 1.019333
v 1.373038 4.875231 1.010281
v 1.354033 4.856328 0.996473
v 1.346742 4.901149 1.095395
v 1.332095 4.875231 1.090636
v 1.309753 4.856328 1.083377
v 1.333387 4.901149 1.179711
v 1.317987 4.875231 1.179711
v 1.294495 4.856328 1.179711
v 1.346742 4.901149 1.264027
v 1.332095 4.875231 1.268786
v 1.309753 4.856328 1.276045
v 1.385497 4.901149 1.340089
v 1.373038 4.875231 1.349141
v 1.354033 4.856328 1.362949
v 1.445861 4.901149 1.400453
v 1.436809 4.875231 1.412911
v 1.423001 4.856328 1.431917
v 1.521923 4.901149 1.439209
v 1.517164 4.875231 1.453856
v 1.509905 4.856328 1.476197
v 1.606239 4.901149 1.452564
v 1.606239 4.875231 1.467963
v 1.606239 4.856328 1.491455
v 1.690555 4.901149 1.439209
v 1.695314 4.875231 1.453856
v 1.702573 4.856328 1.476197
v 1.766617 4.901149 1.400453
v 1.775669 4.875231 1.412911
v 1.789477 4.856328 1.431917
v 1.826981 4.901149 1.340089
v 1.839439 4.875231 1.349141
v 1.858445 4.856328 1.362949
v 1.865736 4.901149 1.264027
v 1.880383 4.875231 1.268786
v 1.902725 4.856328 1.276045
v 1.879091 4.901149 1.179711
v 1.894491 4.875231 1.179711
v 1.917983 4.856328 1.179711
v 1.845128 4.990647 1.102091
v 1.857835 4.962132 1.097962
v 1.809450 4.990647 1.032069
v 1.820260 4.962132 1.024216
v 1.753881 4.990647 0.976500
v 1.761734 4.962132 0.965690
v 1.683859 4.990647 0.940822
v 1.687988 4.962132 0.928114
v 1.606239 4.990647 0.928528
v 1.606239 4.962132 0.915167
v 1.528619 4.990647 0.940822
v 1.524490 4.962132 0.928114
v 1.458597 4.990647 0.976500
v 1.450744 4.962132 0.965690
v 1.403028 4.990647 1.032069
v 1.392218 4.962132 1.024216
v 1.367350 4.990647 1.102091
v 1.354642 4.962132 1.097962
v 1.355056 4.990647 1.179711
v 1.341695 4.962132 1.179711
v 1.367350 4.990647 1.257331
v 1.354642 4.962132 1.261460
v 1.403028 4.990647 1.327353
v 1.392218 4.962132 1.335207
v 1.458597 4.990647 1.382922
v 1.450744 4.962132 1.393732
v 1.528619 4.990647 1.418600
v 1.524490 4.962132 1.431307
v 1.606239 4.990647 1.430894
v 1.606239 4.962132 1.444255
v 1.683859 4.990647 1.418600
v 1.687988 4.962132 1.431307
v 1.753880 4.990647 1.382922
v 1.761734 4.962132 1.393732
v 1.809450 4.990647 1.327353
v 1.820260 4.962132 1.335207
v 1.845128 4.990647 1.257331
v 1.857835 4.962132 1.261460
v 1.857422 4.990647 1.179711
v 1.870783 4.962132 1.179711
v 2.125786 4.836313 1.010900
v 2.048192 4.836313 0.858613
v 1.927337 4.836313 0.737758
v 1.775050 4.836313 0.660164
v 1.606239 4.836313 0.633427
v 1.437428 4.836313 0.660164
v 1.285142 4.836313 0.737758
v 1.164286 4.836313 0.858613
v 1.086692 4.836313 1.010900
v 1.059955 4.836313 1.179711
v 1.086692 4.836313 1.348522
v 1.164286 4.836313 1.500808
v 1.285142 4.836313 1.621665
v 1.437428 4.836313 1.699258
v 1.606239 4.836313 1.725996
v 1.775050 4.836313 1.699258
v 1.927336 4.836313 1.621665
v 2.048192 4.836313 1.500808
v 2.125786 4.836313 1.348522
v 2.152523 4.836313 1.179711
v 2.119916 4.819639 1.012807
v 2.043199 4.819639 0.862241
v 1.923709 4.819639 0.742751
v 1.773143 4.819639 0.666034
v 1.606239 4.819639 0.639599
v 1.439335 4.819639 0.666034
v 1.288769 4.819639 0.742751
v 1.169280 4.819639 0.862241
v 1.092562 4.819639 1.012807
v 1.066127 4.819639 1.179711
v 1.092562 4.819639 1.346615
v 1.169280 4.819639 1.497181
v 1.288769 4.819639 1.616670
v 1.439335 4.819639 1.693388
v 1.606239 4.819639 1.719822
v 1.773143 4.819639 1.693388
v 1.923708 4.819639 1.616670
v 2.043198 4.819639 1.497181
v 2.119916 4.819639 1.346615
v 2.146350 4.819639 1.179711
v 2.268171 0.134363 0.964636
v 2.258834 0.119672 0.967670
v 2.244861 0.109856 0.972210
v 2.169312 0.134364 0.770615
v 2.161370 0.119673 0.776385
v 2.149483 0.109856 0.785021
v 2.015335 0.134364 0.616638
v 2.009565 0.119673 0.624581
v 2.000929 0.109856 0.636467
v 1.821314 0.134364 0.517779
v 1.818280 0.119673 0.527116
v 1.813740 0.109856 0.541089
v 1.606239 0.134364 0.483715
v 1.606239 0.119673 0.493532
v 1.606239 0.109856 0.508224
v 1.391164 0.134364 0.517779
v 1.394198 0.119673 0.527116
v 1.398738 0.109856 0.541089
v 1.197143 0.134364 0.616638
v 1.202913 0.119673 0.624581
v 1.211549 0.109856 0.636467
v 1.043166 0.134364 0.770615
v 1.051109 0.119673 0.776385
v 1.062995 0.109856 0.785021
v 0.944307 0.134364 0.964636
v 0.953644 0.119673 0.967670
v 0.967617 0.109856 0.972210
v 0.910243 0.134364 1.179711
v 0.920060 0.119673 1.179711
v 0.934752 0.109856 1.179711
v 0.944307 0.134364 1.394786
v 0.953644 0.119673 1.391752
v 0.967617 0.109856 1.387213
v 1.043167 0.134364 1.588807
v 1.051109 0.119673 1.583037
v 1.062995 0.109856 1.574401
v 1.197143 0.134364 1.742784
v 1.202913 0.119673 1.734841
v 1.211549 0.109856 1.722955
v 1.391164 0.134364 1.841642
v 1.394198 0.119673 1.832306
v 1.398738 0.109856 1.818333
v 1.606239 0.134364 1.875707
v 1.606239 0.119673 1.865891
v 1.606239 0.109856 1.851197
v 1.821314 0.134364 1.841642
v 1.818280 0.119673 1.832306
v 1.813740 0.109856 1.818333
v 2.015335 0.134364 1.742784
v 2.009565 0.119673 1.734841
v 2.000929 0.109856 1.722955
v 2.169311 0.134364 1.588807
v 2.161369 0.119673 1.583037
v 2.149483 0.109856 1.574401
v 2.268170 0.134364 1.394786
v 2.258834 0.119673 1.391752
v 2.244861 0.109856 1.387213
v 2.302235 0.134364 1.179711
v 2.292418 0.119673 1.179711
v 2.277725 0.109856 1.179711
v 2.268355 4.801811 0.964577
v 2.259397 4.816631 0.967487
v 2.245876 4.826940 0.971880
v 2.169468 4.801811 0.770501
v 2.161848 4.816631 0.776037
v 2.150346 4.826940 0.784395
v 2.015449 4.801811 0.616482
v 2.009913 4.816631 0.624102
v 2.001556 4.826940 0.635604
v 1.821373 4.801811 0.517595
v 1.818463 4.816631 0.526553
v 1.814070 4.826940 0.540074
v 1.606239 4.801811 0.483521
v 1.606239 4.816631 0.492940
v 1.606239 4.826940 0.507157
v 1.391105 4.801811 0.517595
v 1.394015 4.816631 0.526553
v 1.398408 4.826940 0.540075
v 1.197029 4.801811 0.616482
v 1.202565 4.816631 0.624102
v 1.210922 4.826940 0.635604
v 1.043010 4.801811 0.770501
v 1.050630 4.816631 0.776037
v 1.062132 4.826940 0.784395
v 0.944123 4.801811 0.964577
v 0.953081 4.816631 0.967487
v 0.966603 4.826940 0.971881
v 0.910050 4.801811 1.179711
v 0.919469 4.816631 1.179711
v 0.933686 4.826940 1.179711
v 0.944123 4.801811 1.394845
v 0.953081 4.816631 1.391935
v 0.966603 4.826940 1.387541
v 1.043010 4.801811 1.588921
v 1.050630 4.816631 1.583385
v 1.062132 4.826940 1.575028
v 1.197029 4.801811 1.742940
v 1.202565 4.816631 1.735320
v 1.210922 4.826940 1.723819
v 1.391105 4.801811 1.841827
v 1.394015 4.816631 1.832870
v 1.398409 4.826940 1.819347
v 1.606239 4.801811 1.875901
v 1.606239 4.816631 1.866482
v 1.606239 4.826940 1.852264
v 1.821373 4.801811 1.841827
v 1.818463 4.816631 1.832868
v 1.814069 4.826940 1.819347
v 2.015449 4.801811 1.742940
v 2.009912 4.816631 1.735320
v 2.001556 4.826940 1.723819
v 2.169468 4.801811 1.588921
v 2.161848 4.816631 1.583385
v 2.150346 4.826940 1.575028
v 2.268354 4.801811 1.394845
v 2.259396 4.816631 1.391935
v 2.245875 4.826940 1.387541
v 2.302428 4.801811 1.179711
v 2.293009 4.816631 1.179711
v 2.278792 4.826940 1.179711
v 2.056704 0.099986 1.033346
v 1.989427 0.099985 0.901308
v 1.884641 0.099985 0.796523
v 1.752604 0.099985 0.729246
v 1.606239 0.099985 0.706064
v 1.459874 0.099985 0.729246
v 1.327837 0.099985 0.796523
v 1.223051 0.099985 0.901309
v 1.155774 0.099985 1.033346
v 1.132593 0.099985 1.179711
v 1.155774 0.099985 1.326077
v 1.223051 0.099985 1.458113
v 1.327837 0.099985 1.562899
v 1.459874 0.099985 1.630175
v 1.606239 0.099985 1.653358
v 1.752604 0.099985 1.630175
v 1.884641 0.099985 1.562899
v 1.989427 0.099985 1.458113
v 2.056703 0.099985 1.326077
v 2.079885 0.099985 1.179711
v 2.024349 0.002537 1.043859
v 2.038147 0.012230 1.039375
v 2.047367 0.026737 1.036380
v 1.961905 0.002537 0.921305
v 1.973642 0.012230 0.912777
v 1.981485 0.026737 0.907079
v 1.864645 0.002537 0.824045
v 1.873173 0.012230 0.812308
v 1.878871 0.026737 0.804465
v 1.742091 0.002537 0.761601
v 1.746575 0.012230 0.747803
v 1.749570 0.026737 0.738583
v 1.606239 0.002537 0.740084
v 1.606239 0.012230 0.725576
v 1.606239 0.026737 0.715882
v 1.470387 0.002537 0.761601
v 1.465903 0.012230 0.747803
v 1.462908 0.026737 0.738583
v 1.347833 0.002537 0.824045
v 1.339305 0.012230 0.812308
v 1.333607 0.026737 0.804465
v 1.250573 0.002537 0.921305
v 1.238836 0.012230 0.912777
v 1.230993 0.026737 0.907079
v 1.188129 0.002537 1.043859
v 1.174331 0.012230 1.039375
v 1.165111 0.026737 1.036380
v 1.166612 0.002537 1.179711
v 1.152104 0.012230 1.179711
v 1.142410 0.026737 1.179711
v 1.188129 0.002537 1.315563
v 1.174331 0.012230 1.320046
v 1.165111 0.026737 1.323043
v 1.250573 0.002537 1.438118
v 1.238836 0.012230 1.446645
v 1.230993 0.026737 1.452343
v 1.347833 0.002537 1.535378
v 1.339305 0.012230 1.547114
v 1.333607 0.026737 1.554957
v 1.470387 0.002537 1.597821
v 1.465903 0.012230 1.611619
v 1.462908 0.026737 1.620839
v 1.606239 0.002537 1.619339
v 1.606239 0.012230 1.633847
v 1.606239 0.026737 1.643541
v 1.742091 0.002537 1.597821
v 1.746574 0.012230 1.611619
v 1.749570 0.026737 1.620839
v 1.864645 0.002537 1.535378
v 1.873173 0.012230 1.547114
v 1.878871 0.026737 1.554957
v 1.961905 0.002537 1.438118
v 1.973642 0.012230 1.446645
v 1.981485 0.026737 1.452343
v 2.024349 0.002537 1.315563
v 2.038147 0.012230 1.320046
v 2.047367 0.026737 1.323043
v 2.045866 0.002537 1.179711
v 2.060374 0.012230 1.179711
v 2.070068 0.026737 1.179711
v 2.272285 2.468129 0.963300
v 2.172811 2.468129 0.768072
v 2.017878 2.468129 0.613139
v 1.822650 2.468129 0.513665
v 1.606239 2.468129 0.479389
v 1.389828 2.468129 0.513665
v 1.194600 2.468129 0.613139
v 1.039667 2.468129 0.768072
v 0.940193 2.468129 0.963300
v 0.905917 2.468129 1.179711
v 0.940193 2.468129 1.396122
v 1.039667 2.468129 1.591350
v 1.194600 2.468129 1.746284
v 1.389828 2.468129 1.845757
v 1.606239 2.468129 1.880033
v 1.822650 2.468129 1.845757
v 2.017878 2.468129 1.746284
v 2.172811 2.468129 1.591350
v 2.272284 2.468129 1.396122
v 2.306561 2.468129 1.179711
v 2.236779 0.107287 0.974836
v 2.142609 0.107287 0.790015
v 2.204492 0.109856 0.874886
v 2.252303 0.114048 0.969792
v 2.155814 0.114048 0.780422
v 2.217582 0.119672 0.868216
v 2.270614 0.142860 0.963843
v 2.226329 0.134363 0.863760
v 2.171390 0.142860 0.769105
v 2.264184 0.126539 0.965932
v 2.165920 0.126539 0.773079
v 1.995935 0.107287 0.643341
v 2.081015 0.109856 0.704935
v 2.005528 0.114048 0.630136
v 2.091404 0.119672 0.694546
v 2.098345 0.134363 0.687606
v 2.016845 0.142860 0.614560
v 2.012871 0.126539 0.620030
v 1.811114 0.107287 0.549171
v 1.911064 0.109856 0.581458
v 1.816158 0.114048 0.533647
v 1.917734 0.119672 0.568368
v 1.922190 0.134363 0.559621
v 1.822107 0.142860 0.515336
v 1.820018 0.126539 0.521766
v 1.606239 0.107287 0.516722
v 1.711275 0.109856 0.516542
v 1.606239 0.114048 0.500399
v 1.713573 0.119672 0.502032
v 1.715108 0.134363 0.492336
v 1.606239 0.142860 0.481146
v 1.606239 0.126539 0.487907
v 1.401364 0.107287 0.549171
v 1.501203 0.109856 0.516542
v 1.396320 0.114048 0.533647
v 1.498905 0.119672 0.502032
v 1.497370 0.134363 0.492336
v 1.390371 0.142860 0.515336
v 1.392460 0.126539 0.521766
v 1.216544 0.107287 0.643341
v 1.301414 0.109856 0.581458
v 1.206950 0.114048 0.630136
v 1.294744 0.119672 0.568368
v 1.290288 0.134363 0.559622
v 1.195633 0.142860 0.614560
v 1.199607 0.126539 0.620030
v 1.069869 0.107287 0.790016
v 1.131463 0.109856 0.704935
v 1.056665 0.114048 0.780422
v 1.121074 0.119672 0.694546
v 1.114133 0.134363 0.687606
v 1.041088 0.142860 0.769105
v 1.046558 0.126539 0.773079
v 0.975699 0.107287 0.974836
v 1.007986 0.109856 0.874886
v 0.960175 0.114048 0.969792
v 0.994896 0.119672 0.868216
v 0.986150 0.134363 0.863760
v 0.941865 0.142860 0.963843
v 0.948294 0.126539 0.965932
v 0.943250 0.107287 1.179711
v 0.943070 0.109856 1.074675
v 0.926928 0.114048 1.179711
v 0.928560 0.119672 1.072377
v 0.918865 0.134363 1.070843
v 0.907674 0.142860 1.179711
v 0.914435 0.126539 1.179711
v 0.975699 0.107287 1.384586
v 0.943070 0.109856 1.284747
v 0.960175 0.114048 1.389630
v 0.928560 0.119672 1.287045
v 0.918865 0.134363 1.288580
v 0.941865 0.142860 1.395579
v 0.948294 0.126539 1.393490
v 1.069869 0.107287 1.569407
v 1.007986 0.109856 1.484536
v 1.056665 0.114048 1.579000
v 0.994896 0.119672 1.491206
v 0.986150 0.134363 1.495662
v 1.041088 0.142860 1.590317
v 1.046558 0.126539 1.586344
v 1.216544 0.107287 1.716081
v 1.131463 0.109856 1.654487
v 1.206950 0.114048 1.729285
v 1.121075 0.119672 1.664876
v 1.114133 0.134363 1.671817
v 1.195633 0.142860 1.744862
v 1.199607 0.126539 1.739393
v 1.401364 0.107287 1.810251
v 1.301414 0.109856 1.777964
v 1.396320 0.114048 1.825774
v 1.294744 0.119672 1.791054
v 1.290288 0.134363 1.799800
v 1.390371 0.142860 1.844085
v 1.392460 0.126539 1.837656
v 1.606239 0.107287 1.842700
v 1.501203 0.109856 1.842880
v 1.606239 0.114048 1.859022
v 1.498905 0.119672 1.857390
v 1.497370 0.134363 1.867085
v 1.606239 0.142860 1.878276
v 1.606239 0.126539 1.871516
v 1.811114 0.107287 1.810251
v 1.711275 0.109856 1.842880
v 1.816158 0.114048 1.825774
v 1.713573 0.119672 1.857390
v 1.715108 0.134363 1.867085
v 1.822107 0.142860 1.844085
v 1.820018 0.126539 1.837656
v 1.995934 0.107287 1.716081
v 1.911064 0.109856 1.777964
v 2.005528 0.114048 1.729285
v 1.917734 0.119672 1.791054
v 1.922190 0.134363 1.799800
v 2.016845 0.142860 1.744862
v 2.012871 0.126539 1.739393
v 2.142609 0.107287 1.569407
v 2.081015 0.109856 1.654487
v 2.155813 0.114048 1.579000
v 2.091403 0.119672 1.664876
v 2.098345 0.134363 1.671817
v 2.171390 0.142860 1.590317
v 2.165920 0.126539 1.586344
v 2.236779 0.107287 1.384586
v 2.204492 0.109856 1.484536
v 2.252302 0.114048 1.389630
v 2.217582 0.119672 1.491206
v 2.226328 0.134363 1.495662
v 2.270613 0.142860 1.395579
v 2.264183 0.126539 1.393490
v 2.269228 0.107287 1.179711
v 2.269407 0.109856 1.284747
v 2.285550 0.114048 1.179711
v 2.283918 0.119672 1.287045
v 2.293613 0.134363 1.288580
v 2.304804 0.142860 1.179711
v 2.298043 0.126539 1.179711
v 2.269408 0.109856 1.074675
v 2.283918 0.119672 1.072377
v 2.293613 0.134363 1.070843
v 2.237980 4.829910 0.974446
v 2.270490 4.829910 1.179711
v 2.270461 4.826940 1.074508
v 2.253095 4.822452 0.969535
v 2.286384 4.822452 1.179711
v 2.284502 4.816631 1.072285
v 2.270690 4.793342 0.963818
v 2.293805 4.801811 1.070812
v 2.304884 4.793342 1.179711
v 2.264537 4.809663 0.965817
v 2.298414 4.809663 1.179711
v 2.205443 4.826940 0.874401
v 2.143630 4.829910 0.789274
v 2.218109 4.816631 0.867948
v 2.156488 4.822452 0.779932
v 2.226501 4.801811 0.863672
v 2.166221 4.809663 0.772861
v 2.171455 4.793342 0.769057
v 2.081770 4.826940 0.704180
v 1.996676 4.829910 0.642320
v 2.091822 4.816631 0.694128
v 2.006018 4.822452 0.629462
v 2.098482 4.801811 0.687468
v 2.013089 4.809663 0.619729
v 2.016893 4.793342 0.614495
v 1.911549 4.826940 0.580507
v 1.811504 4.829910 0.547970
v 1.918002 4.816631 0.567841
v 1.816415 4.822452 0.532855
v 1.922278 4.801811 0.559449
v 1.820133 4.809663 0.521413
v 1.822132 4.793342 0.515260
v 1.711442 4.826940 0.515489
v 1.606239 4.829910 0.515460
v 1.713665 4.816631 0.501448
v 1.606239 4.822452 0.499566
v 1.715139 4.801811 0.492145
v 1.606239 4.809663 0.487536
v 1.606239 4.793342 0.481066
v 1.501037 4.826940 0.515489
v 1.400974 4.829910 0.547970
v 1.498813 4.816631 0.501448
v 1.396063 4.822452 0.532855
v 1.497339 4.801811 0.492145
v 1.392345 4.809663 0.521413
v 1.390346 4.793342 0.515260
v 1.300929 4.826940 0.580507
v 1.215802 4.829910 0.642320
v 1.294476 4.816631 0.567841
v 1.206460 4.822452 0.629462
v 1.290200 4.801811 0.559449
v 1.199389 4.809663 0.619730
v 1.195586 4.793342 0.614495
v 1.130708 4.826940 0.704180
v 1.068849 4.829910 0.789274
v 1.120656 4.816631 0.694128
v 1.055990 4.822452 0.779932
v 1.113996 4.801811 0.687468
v 1.046258 4.809663 0.772861
v 1.041023 4.793342 0.769058
v 1.007035 4.826940 0.874402
v 0.974499 4.829910 0.974446
v 0.994369 4.816631 0.867948
v 0.959383 4.822452 0.969535
v 0.985977 4.801811 0.863672
v 0.947941 4.809663 0.965817
v 0.941788 4.793342 0.963818
v 0.942017 4.826940 1.074510
v 0.941988 4.829910 1.179711
v 0.927976 4.816631 1.072285
v 0.926094 4.822452 1.179711
v 0.918674 4.801811 1.070812
v 0.914064 4.809663 1.179711
v 0.907594 4.793342 1.179711
v 0.942017 4.826940 1.284913
v 0.974499 4.829910 1.384977
v 0.927976 4.816631 1.287138
v 0.959383 4.822452 1.389887
v 0.918674 4.801811 1.288611
v 0.947942 4.809663 1.393605
v 0.941788 4.793342 1.395604
v 1.007035 4.826940 1.485020
v 1.068849 4.829910 1.570148
v 0.994369 4.816631 1.491474
v 1.055990 4.822452 1.579490
v 0.985977 4.801811 1.495750
v 1.046258 4.809663 1.586561
v 1.041023 4.793342 1.590364
v 1.130708 4.826940 1.655242
v 1.215802 4.829910 1.717101
v 1.120656 4.816631 1.665294
v 1.206460 4.822452 1.729960
v 1.113996 4.801811 1.671954
v 1.199389 4.809663 1.739692
v 1.195586 4.793342 1.744927
v 1.300930 4.826940 1.778914
v 1.400974 4.829910 1.811451
v 1.294476 4.816631 1.791581
v 1.396063 4.822452 1.826567
v 1.290200 4.801811 1.799973
v 1.392345 4.809663 1.838008
v 1.390346 4.793342 1.844162
v 1.501037 4.826940 1.843933
v 1.606239 4.829910 1.843962
v 1.498813 4.816631 1.857975
v 1.606239 4.822452 1.859856
v 1.497339 4.801811 1.867276
v 1.606239 4.809663 1.871886
v 1.606239 4.793342 1.878356
v 1.711441 4.826940 1.843933
v 1.811504 4.829910 1.811451
v 1.713665 4.816631 1.857975
v 1.816415 4.822452 1.826567
v 1.715139 4.801811 1.867276
v 1.820133 4.809663 1.838008
v 1.822132 4.793342 1.844162
v 1.911548 4.826940 1.778914
v 1.996676 4.829910 1.717101
v 1.918002 4.816631 1.791581
v 2.006018 4.822452 1.729960
v 1.922278 4.801811 1.799973
v 2.013089 4.809663 1.739692
v 2.016892 4.793342 1.744927
v 2.081770 4.826940 1.655242
v 2.143629 4.829910 1.570148
v 2.091822 4.816631 1.665294
v 2.156488 4.822452 1.579490
v 2.098481 4.801811 1.671954
v 2.166220 4.809663 1.586561
v 2.171455 4.793342 1.590364
v 2.205442 4.826940 1.485020
v 2.237979 4.829910 1.384977
v 2.218109 4.816631 1.491474
v 2.253095 4.822452 1.389887
v 2.226501 4.801811 1.495750
v 2.264536 4.809663 1.393605
v 2.270690 4.793342 1.395604
v 2.270461 4.826940 1.284913
v 2.284502 4.816631 1.287138
v 2.293804 4.801811 1.288611
v 2.053670 0.095130 1.034333
v 2.074018 0.099986 1.105622
v 2.076696 0.095130 1.179711
v 2.061321 0.103174 1.031847
v 2.084741 0.103174 1.179711
v 2.028229 0.099986 0.964696
v 1.993355 0.103174 0.898456
v 1.986847 0.095130 0.903183
v 1.941132 0.099986 0.844818
v 1.887495 0.103174 0.792596
v 1.882767 0.095130 0.799103
v 1.821254 0.099986 0.757721
v 1.754104 0.103174 0.724629
v 1.751618 0.095130 0.732279
v 1.680328 0.099986 0.711932
v 1.606239 0.103174 0.701209
v 1.606239 0.095130 0.709255
v 1.532150 0.099986 0.711932
v 1.458374 0.103174 0.724629
v 1.460860 0.095130 0.732279
v 1.391224 0.099986 0.757721
v 1.324983 0.103174 0.792596
v 1.329711 0.095130 0.799103
v 1.271346 0.099986 0.844818
v 1.219123 0.103174 0.898456
v 1.225631 0.095130 0.903183
v 1.184249 0.099986 0.964696
v 1.151157 0.103174 1.031847
v 1.158808 0.095130 1.034333
v 1.138460 0.099986 1.105622
v 1.127737 0.103174 1.179711
v 1.135782 0.095130 1.179711
v 1.138460 0.099986 1.253801
v 1.151157 0.103174 1.327576
v 1.158808 0.095130 1.325090
v 1.184249 0.099986 1.394725
v 1.219123 0.103174 1.460967
v 1.225631 0.095130 1.456239
v 1.271346 0.099986 1.514604
v 1.324983 0.103174 1.566827
v 1.329711 0.095130 1.560319
v 1.391225 0.099986 1.601701
v 1.458374 0.103174 1.634794
v 1.460860 0.095130 1.627142
v 1.532150 0.099986 1.647491
v 1.606239 0.103174 1.658213
v 1.606239 0.095130 1.650168
v 1.680328 0.099986 1.647491
v 1.754104 0.103174 1.634794
v 1.751618 0.095130 1.627142
v 1.821253 0.099986 1.601701
v 1.887495 0.103174 1.566827
v 1.882767 0.095130 1.560319
v 1.941132 0.099986 1.514604
v 1.993355 0.103174 1.460967
v 1.986847 0.095130 1.456239
v 2.028229 0.099986 1.394725
v 2.061321 0.103174 1.327576
v 2.053670 0.095130 1.325090
v 2.074018 0.099986 1.253801
v 2.049779 0.035127 1.035596
v 2.072605 0.035127 1.179711
v 2.064323 0.026737 1.107158
v 2.043430 0.019011 1.037659
v 2.065929 0.019011 1.179711
v 2.054749 0.012230 1.108674
v 2.016369 0.000001 1.046453
v 2.040420 0.002537 1.110943
v 2.037475 0.000001 1.179711
v 2.031698 0.006676 1.041471
v 2.053593 0.006676 1.179711
v 2.019482 0.026737 0.969153
v 1.983537 0.035127 0.905588
v 2.010846 0.012230 0.973554
v 1.978136 0.019011 0.909512
v 1.997920 0.002537 0.980140
v 1.968156 0.006676 0.916763
v 1.955117 0.000001 0.926236
v 1.934191 0.026737 0.851759
v 1.880362 0.035127 0.802413
v 1.927337 0.012230 0.858613
v 1.876438 0.019011 0.807814
v 1.917079 0.002537 0.868871
v 1.869187 0.006676 0.817794
v 1.859713 0.000001 0.830833
v 1.816797 0.026737 0.766468
v 1.750354 0.035127 0.736171
v 1.812396 0.012230 0.775104
v 1.748291 0.019011 0.742520
v 1.805810 0.002537 0.788031
v 1.744479 0.006676 0.754252
v 1.739498 0.000001 0.769581
v 1.678792 0.026737 0.721627
v 1.606239 0.035127 0.713345
v 1.677276 0.012230 0.731201
v 1.606239 0.019011 0.720021
v 1.675007 0.002537 0.745530
v 1.606239 0.006676 0.732358
v 1.606239 0.000001 0.748474
v 1.533686 0.026737 0.721627
v 1.462124 0.035127 0.736171
v 1.535202 0.012230 0.731201
v 1.464187 0.019011 0.742520
v 1.537471 0.002537 0.745530
v 1.467999 0.006676 0.754252
v 1.472980 0.000001 0.769581
v 1.395681 0.026737 0.766468
v 1.332116 0.035127 0.802413
v 1.400082 0.012230 0.775104
v 1.336040 0.019011 0.807814
v 1.406668 0.002537 0.788031
v 1.343291 0.006676 0.817794
v 1.352765 0.000001 0.830833
v 1.278287 0.026737 0.851759
v 1.228941 0.035127 0.905588
v 1.285141 0.012230 0.858613
v 1.234342 0.019011 0.909512
v 1.295399 0.002537 0.868871
v 1.244322 0.006676 0.916763
v 1.257361 0.000001 0.926237
v 1.192996 0.026737 0.969153
v 1.162699 0.035127 1.035596
v 1.201632 0.012230 0.973554
v 1.169048 0.019011 1.037659
v 1.214558 0.002537 0.980140
v 1.180780 0.006676 1.041471
v 1.196109 0.000001 1.046453
v 1.148155 0.026737 1.107158
v 1.139873 0.035127 1.179711
v 1.157729 0.012230 1.108674
v 1.146549 0.019011 1.179711
v 1.172058 0.002537 1.110943
v 1.158885 0.006676 1.179711
v 1.175003 0.000001 1.179711
v 1.148155 0.026737 1.252264
v 1.162699 0.035127 1.323826
v 1.157729 0.012230 1.250749
v 1.169048 0.019011 1.321764
v 1.172058 0.002537 1.248479
v 1.180780 0.006676 1.317951
v 1.196109 0.000001 1.312970
v 1.192996 0.026737 1.390270
v 1.228941 0.035127 1.453835
v 1.201633 0.012230 1.385868
v 1.234342 0.019011 1.449910
v 1.214558 0.002537 1.379282
v 1.244322 0.006676 1.442659
v 1.257361 0.000001 1.433185
v 1.278287 0.026737 1.507663
v 1.332116 0.035127 1.557009
v 1.285142 0.012230 1.500808
v 1.336040 0.019011 1.551608
v 1.295400 0.002537 1.490551
v 1.343291 0.006676 1.541628
v 1.352765 0.000001 1.528589
v 1.395681 0.026737 1.592954
v 1.462124 0.035127 1.623251
v 1.400082 0.012230 1.584317
v 1.464187 0.019011 1.616902
v 1.406668 0.002537 1.571391
v 1.467999 0.006676 1.605170
v 1.472980 0.000001 1.589841
v 1.533686 0.026737 1.637795
v 1.606239 0.035127 1.646077
v 1.535202 0.012230 1.628222
v 1.606239 0.019011 1.639401
v 1.537471 0.002537 1.613892
v 1.606239 0.006676 1.627065
v 1.606239 0.000001 1.610947
v 1.678792 0.026737 1.637795
v 1.750354 0.035127 1.623251
v 1.677276 0.012230 1.628222
v 1.748291 0.019011 1.616902
v 1.675007 0.002537 1.613892
v 1.744479 0.006676 1.605170
v 1.739498 0.000001 1.589841
v 1.816797 0.026737 1.592954
v 1.880362 0.035127 1.557009
v 1.812396 0.012230 1.584317
v 1.876438 0.019011 1.551608
v 1.805810 0.002537 1.571391
v 1.869187 0.006676 1.541628
v 1.859713 0.000001 1.528589
v 1.934191 0.026737 1.507663
v 1.983537 0.035127 1.453835
v 1.927336 0.012230 1.500808
v 1.978136 0.019011 1.449910
v 1.917078 0.002537 1.490551
v 1.968156 0.006676 1.442659
v 1.955116 0.000001 1.433185
v 2.019482 0.026737 1.390270
v 2.049779 0.035127 1.323826
v 2.010845 0.012230 1.385868
v 2.043430 0.019011 1.321764
v 1.997919 0.002537 1.379282
v 2.031698 0.006676 1.317951
v 2.016369 0.000001 1.312970
v 2.064323 0.026737 1.252264
v 2.054749 0.012230 1.250749
v 2.040420 0.002537 1.248478
v 2.172811 1.122302 0.768072
v 2.272285 1.122302 0.963300
v 2.017878 1.122302 0.613139
v 1.822650 1.122302 0.513665
v 1.606239 1.122302 0.479389
v 1.389828 1.122302 0.513665
v 1.194600 1.122302 0.613139
v 1.039667 1.122302 0.768072
v 0.940193 1.122302 0.963300
v 0.905917 1.122302 1.179711
v 0.940193 1.122302 1.396122
v 1.039667 1.122302 1.591350
v 1.194600 1.122302 1.746284
v 1.389828 1.122302 1.845757
v 1.606239 1.122302 1.880033
v 1.822650 1.122302 1.845757
v 2.017878 1.122302 1.746284
v 2.172811 1.122302 1.591350
v 2.272284 1.122302 1.396122
v 2.306561 1.122302 1.179711
v 1.915927 4.850310 1.079087
v 1.869676 4.850310 0.988313
v 1.883983 4.856328 1.038193
v 1.890756 4.864736 1.087266
v 1.848264 4.864736 1.003869
v 1.863054 4.875231 1.048857
v 1.849333 4.901149 1.055848
v 1.871964 4.887507 1.093372
v 1.832278 4.887507 1.015484
v 1.797637 4.850310 0.916274
v 1.826658 4.856328 0.959292
v 1.782080 4.864736 0.937686
v 1.810048 4.875231 0.975902
v 1.799160 4.901149 0.986790
v 1.770466 4.887507 0.953671
v 1.706863 4.850310 0.870022
v 1.747757 4.856328 0.901966
v 1.698684 4.864736 0.895193
v 1.737093 4.875231 0.922897
v 1.730102 4.901149 0.936617
v 1.692578 4.887507 0.913986
v 1.606239 4.850310 0.854085
v 1.655003 4.856328 0.871829
v 1.606239 4.864736 0.880552
v 1.651328 4.875231 0.895030
v 1.648919 4.901149 0.910239
v 1.606239 4.887507 0.900311
v 1.505615 4.850310 0.870022
v 1.557475 4.856328 0.871829
v 1.513794 4.864736 0.895193
v 1.561150 4.875231 0.895030
v 1.563559 4.901149 0.910239
v 1.519900 4.887507 0.913986
v 1.414841 4.850310 0.916274
v 1.464721 4.856328 0.901967
v 1.430398 4.864736 0.937686
v 1.475385 4.875231 0.922897
v 1.482376 4.901149 0.936617
v 1.442012 4.887507 0.953671
v 1.342802 4.850310 0.988313
v 1.385820 4.856328 0.959292
v 1.364214 4.864736 1.003869
v 1.402430 4.875231 0.975902
v 1.413318 4.901149 0.986790
v 1.380200 4.887507 1.015484
v 1.296551 4.850310 1.079087
v 1.328495 4.856328 1.038193
v 1.321722 4.864736 1.087266
v 1.349424 4.875231 1.048857
v 1.363145 4.901149 1.055848
v 1.340514 4.887507 1.093372
v 1.280613 4.850310 1.179711
v 1.298357 4.856328 1.130947
v 1.307080 4.864736 1.179711
v 1.321558 4.875231 1.134622
v 1.336767 4.901149 1.137031
v 1.326839 4.887507 1.179711
v 1.296551 4.850310 1.280335
v 1.298357 4.856328 1.228475
v 1.321722 4.864736 1.272156
v 1.321558 4.875231 1.224800
v 1.336767 4.901149 1.222391
v 1.340514 4.887507 1.266050
v 1.342802 4.850310 1.371109
v 1.328495 4.856328 1.321229
v 1.364214 4.864736 1.355552
v 1.349424 4.875231 1.310565
v 1.363145 4.901149 1.303573
v 1.380200 4.887507 1.343938
v 1.414841 4.850310 1.443148
v 1.385820 4.856328 1.400131
v 1.430398 4.864736 1.421736
v 1.402430 4.875231 1.383520
v 1.413318 4.901149 1.372631
v 1.442012 4.887507 1.405751
v 1.505615 4.850310 1.489399
v 1.464721 4.856328 1.457455
v 1.513794 4.864736 1.464228
v 1.475385 4.875231 1.436525
v 1.482376 4.901149 1.422805
v 1.519900 4.887507 1.445436
v 1.606239 4.850310 1.505337
v 1.557475 4.856328 1.487593
v 1.606239 4.864736 1.478870
v 1.561150 4.875231 1.464392
v 1.563559 4.901149 1.449183
v 1.606239 4.887507 1.459111
v 1.706863 4.850310 1.489399
v 1.655003 4.856328 1.487593
v 1.698684 4.864736 1.464228
v 1.651328 4.875231 1.464392
v 1.648919 4.901149 1.449183
v 1.692578 4.887507 1.445436
v 1.797637 4.850310 1.443148
v 1.747757 4.856328 1.457455
v 1.782080 4.864736 1.421736
v 1.737092 4.875231 1.436525
v 1.730101 4.901149 1.422805
v 1.770466 4.887507 1.405751
v 1.869676 4.850310 1.371109
v 1.826658 4.856328 1.400131
v 1.848264 4.864736 1.355552
v 1.810048 4.875231 1.383520
v 1.799159 4.901149 1.372631
v 1.832278 4.887507 1.343938
v 1.915927 4.850310 1.280335
v 1.883983 4.856328 1.321229
v 1.890756 4.864736 1.272156
v 1.863053 4.875231 1.310565
v 1.849333 4.901149 1.303573
v 1.871964 4.887507 1.266050
v 1.931864 4.850310 1.179711
v 1.914121 4.856328 1.228475
v 1.905398 4.864736 1.179711
v 1.890920 4.875231 1.224800
v 1.875711 4.901149 1.222391
v 1.885639 4.887507 1.179711
v 1.914121 4.856328 1.130947
v 1.890920 4.875231 1.134622
v 1.875711 4.901149 1.137031
v 1.841932 4.962132 1.059620
v 1.793286 4.962132 0.992664
v 1.726330 4.962132 0.944018
v 1.647620 4.962132 0.918444
v 1.564858 4.962132 0.918444
v 1.486148 4.962132 0.944018
v 1.419192 4.962132 0.992664
v 1.370546 4.962132 1.059620
v 1.344972 4.962132 1.138330
v 1.344972 4.962132 1.221092
v 1.370546 4.962132 1.299802
v 1.419192 4.962132 1.366758
v 1.486148 4.962132 1.415403
v 1.564858 4.962132 1.440979
v 1.647620 4.962132 1.440979
v 1.726330 4.962132 1.415403
v 1.793285 4.962132 1.366758
v 1.841931 4.962132 1.299802
v 1.867506 4.962132 1.221092
v 1.867506 4.962132 1.138330
v 1.832680 4.999243 1.106136
v 1.830027 4.990647 1.065686
v 1.798861 4.999243 1.039763
v 1.853305 4.977559 1.099434
v 1.816406 4.977559 1.027016
v 1.783838 4.990647 1.002111
v 1.746187 4.999243 0.987089
v 1.758934 4.977559 0.969544
v 1.720265 4.990647 0.955923
v 1.679814 4.999243 0.953270
v 1.686515 4.977559 0.932645
v 1.645530 4.990647 0.931640
v 1.606239 4.999243 0.941617
v 1.606239 4.977559 0.919931
v 1.566948 4.990647 0.931640
v 1.532664 4.999243 0.953270
v 1.525962 4.977559 0.932645
v 1.492213 4.990647 0.955923
v 1.466291 4.999243 0.987089
v 1.453544 4.977559 0.969544
v 1.428640 4.990647 1.002111
v 1.413617 4.999243 1.039763
v 1.396072 4.977559 1.027016
v 1.382451 4.990647 1.065686
v 1.379798 4.999243 1.106136
v 1.359173 4.977559 1.099434
v 1.358168 4.990647 1.140420
v 1.368145 4.999243 1.179711
v 1.346459 4.977559 1.179711
v 1.358168 4.990647 1.219002
v 1.379798 4.999243 1.253286
v 1.359173 4.977559 1.259987
v 1.382451 4.990647 1.293737
v 1.413617 4.999243 1.319659
v 1.396072 4.977559 1.332407
v 1.428640 4.990647 1.357310
v 1.466291 4.999243 1.372334
v 1.453544 4.977559 1.389879
v 1.492213 4.990647 1.403499
v 1.532664 4.999243 1.406151
v 1.525962 4.977559 1.426777
v 1.566948 4.990647 1.427782
v 1.606239 4.999243 1.417805
v 1.606239 4.977559 1.439492
v 1.645530 4.990647 1.427782
v 1.679814 4.999243 1.406151
v 1.686515 4.977559 1.426777
v 1.720265 4.990647 1.403499
v 1.746187 4.999243 1.372334
v 1.758934 4.977559 1.389879
v 1.783838 4.990647 1.357310
v 1.798861 4.999243 1.319659
v 1.816406 4.977559 1.332407
v 1.830027 4.990647 1.293737
v 1.832680 4.999243 1.253286
v 1.853305 4.977559 1.259987
v 1.854310 4.990647 1.219002
v 1.844333 4.999243 1.179711
v 1.866019 4.977559 1.179711
v 1.854310 4.990647 1.140420
v 2.127961 4.837624 1.010193
v 2.145756 4.836314 1.094260
v 2.154810 4.837624 1.179711
v 2.124286 4.834202 1.011387
v 2.150945 4.834202 1.179711
v 2.092944 4.836314 0.931722
v 2.046916 4.834202 0.859541
v 2.050042 4.837624 0.857269
v 1.992490 4.836314 0.793460
v 1.926409 4.834202 0.739034
v 1.928681 4.837624 0.735908
v 1.854228 4.836314 0.693006
v 1.774563 4.834202 0.661664
v 1.775757 4.837624 0.657989
v 1.691690 4.836314 0.640194
v 1.606239 4.834202 0.635005
v 1.606239 4.837624 0.631140
v 1.520788 4.836314 0.640194
v 1.437915 4.834202 0.661664
v 1.436721 4.837624 0.657989
v 1.358250 4.836314 0.693006
v 1.286069 4.834202 0.739034
v 1.283797 4.837624 0.735908
v 1.219988 4.836314 0.793460
v 1.165562 4.834202 0.859541
v 1.162436 4.837624 0.857269
v 1.119534 4.836314 0.931722
v 1.088192 4.834202 1.011387
v 1.084517 4.837624 1.010193
v 1.066722 4.836314 1.094260
v 1.061533 4.834202 1.179711
v 1.057668 4.837624 1.179711
v 1.066722 4.836314 1.265162
v 1.088192 4.834202 1.348035
v 1.084517 4.837624 1.349229
v 1.119534 4.836314 1.427699
v 1.165562 4.834202 1.499882
v 1.162436 4.837624 1.502153
v 1.219988 4.836314 1.565962
v 1.286069 4.834202 1.620389
v 1.283797 4.837624 1.623514
v 1.358250 4.836314 1.666416
v 1.437915 4.834202 1.697757
v 1.436721 4.837624 1.701433
v 1.520788 4.836314 1.719229
v 1.606239 4.834202 1.724417
v 1.606239 4.837624 1.728282
v 1.691690 4.836314 1.719229
v 1.774562 4.834202 1.697757
v 1.775757 4.837624 1.701433
v 1.854227 4.836314 1.666416
v 1.926409 4.834202 1.620389
v 1.928681 4.837624 1.623514
v 1.992490 4.836314 1.565962
v 2.046916 4.834202 1.499882
v 2.050042 4.837624 1.502153
v 2.092944 4.836314 1.427699
v 2.124285 4.834202 1.348035
v 2.127961 4.837624 1.349229
v 2.145755 4.836314 1.265162
v 2.121477 4.821709 1.012300
v 2.139660 4.819639 1.095225
v 2.147992 4.821709 1.179711
v 2.117674 4.818445 1.013536
v 2.143993 4.818445 1.179711
v 2.087445 4.819639 0.934524
v 2.041291 4.818445 0.863627
v 2.044526 4.821709 0.861276
v 1.988126 4.819639 0.797825
v 1.922323 4.818445 0.744659
v 1.924674 4.821709 0.741423
v 1.851426 4.819639 0.698505
v 1.772414 4.818445 0.668276
v 1.773650 4.821709 0.664473
v 1.690725 4.819639 0.646290
v 1.606239 4.818445 0.641957
v 1.606239 4.821709 0.637958
v 1.521753 4.819639 0.646290
v 1.440064 4.818445 0.668276
v 1.438828 4.821709 0.664473
v 1.361052 4.819639 0.698505
v 1.290155 4.818445 0.744659
v 1.287805 4.821709 0.741424
v 1.224352 4.819639 0.797825
v 1.171187 4.818445 0.863627
v 1.167952 4.821709 0.861277
v 1.125033 4.819639 0.934524
v 1.094804 4.818445 1.013536
v 1.091001 4.821709 1.012300
v 1.072818 4.819639 1.095225
v 1.068485 4.818445 1.179711
v 1.064486 4.821709 1.179711
v 1.072818 4.819639 1.264197
v 1.094804 4.818445 1.345886
v 1.091001 4.821709 1.347122
v 1.125033 4.819639 1.424899
v 1.171187 4.818445 1.495795
v 1.167952 4.821709 1.498145
v 1.224352 4.819639 1.561598
v 1.290155 4.818445 1.614763
v 1.287805 4.821709 1.617998
v 1.361052 4.819639 1.660918
v 1.440064 4.818445 1.691145
v 1.438828 4.821709 1.694949
v 1.521753 4.819639 1.713132
v 1.606239 4.818445 1.717465
v 1.606239 4.821709 1.721464
v 1.690725 4.819639 1.713132
v 1.772414 4.818445 1.691145
v 1.773650 4.821709 1.694949
v 1.851426 4.819639 1.660918
v 1.922323 4.818445 1.614763
v 1.924673 4.821709 1.617998
v 1.988126 4.819639 1.561598
v 2.041291 4.818445 1.495795
v 2.044526 4.821709 1.498145
v 2.087445 4.819639 1.424899
v 2.117673 4.818445 1.345886
v 2.121477 4.821709 1.347122
v 2.139660 4.819639 1.264197
v 2.230183 2.468129 0.861796
v 2.172811 3.813956 0.768072
v 2.272285 3.813956 0.963300
v 2.101403 2.468129 0.684547
v 2.017878 3.813956 0.613139
v 1.924154 2.468129 0.555767
v 1.822650 3.813956 0.513665
v 1.715785 2.468129 0.488064
v 1.606239 3.813956 0.479389
v 1.496693 2.468129 0.488064
v 1.389828 3.813956 0.513665
v 1.288324 2.468129 0.555767
v 1.194600 3.813956 0.613139
v 1.111075 2.468129 0.684547
v 1.039667 3.813956 0.768072
v 0.982296 2.468129 0.861796
v 0.940193 3.813956 0.963300
v 0.914592 2.468129 1.070166
v 0.905917 3.813956 1.179711
v 0.914592 2.468129 1.289257
v 0.940193 3.813956 1.396122
v 0.982296 2.468129 1.497626
v 1.039667 3.813956 1.591350
v 1.111075 2.468129 1.674875
v 1.194600 3.813956 1.746284
v 1.288324 2.468129 1.803654
v 1.389828 3.813956 1.845757
v 1.496693 2.468129 1.871357
v 1.606239 3.813956 1.880033
v 1.715785 2.468129 1.871357
v 1.822650 3.813956 1.845757
v 1.924154 2.468129 1.803654
v 2.017878 3.813956 1.746284
v 2.101403 2.468129 1.674875
v 2.172811 3.813956 1.591350
v 2.230182 2.468129 1.497626
v 2.272284 3.813956 1.396122
v 2.297885 2.468129 1.289257
v 2.306561 3.813956 1.179711
v 2.297886 2.468129 1.070166
v 1.896351 4.850310 1.031891
v 1.872771 4.864736 1.043906
v 1.855167 4.887507 1.052876
v 1.836474 4.850310 0.949476
v 1.817760 4.864736 0.968189
v 1.803790 4.887507 0.982160
v 1.754059 4.850310 0.889599
v 1.742044 4.864736 0.913178
v 1.733074 4.887507 0.930783
v 1.657174 4.850310 0.858119
v 1.653034 4.864736 0.884257
v 1.649943 4.887507 0.903772
v 1.555304 4.850310 0.858119
v 1.559444 4.864736 0.884257
v 1.562534 4.887507 0.903772
v 1.458419 4.850310 0.889599
v 1.470434 4.864736 0.913178
v 1.479404 4.887507 0.930783
v 1.376005 4.850310 0.949476
v 1.394718 4.864736 0.968190
v 1.408688 4.887507 0.982160
v 1.316127 4.850310 1.031891
v 1.339706 4.864736 1.043906
v 1.357311 4.887507 1.052876
v 1.284647 4.850310 1.128776
v 1.310785 4.864736 1.132916
v 1.330300 4.887507 1.136006
v 1.284647 4.850310 1.230646
v 1.310785 4.864736 1.226506
v 1.330300 4.887507 1.223415
v 1.316127 4.850310 1.327531
v 1.339706 4.864736 1.315516
v 1.357311 4.887507 1.306546
v 1.376005 4.850310 1.409945
v 1.394718 4.864736 1.391232
v 1.408688 4.887507 1.377261
v 1.458419 4.850310 1.469823
v 1.470434 4.864736 1.446244
v 1.479404 4.887507 1.428639
v 1.555304 4.850310 1.501303
v 1.559444 4.864736 1.475164
v 1.562534 4.887507 1.455650
v 1.657174 4.850310 1.501303
v 1.653034 4.864736 1.475164
v 1.649943 4.887507 1.455650
v 1.754059 4.850310 1.469823
v 1.742044 4.864736 1.446244
v 1.733074 4.887507 1.428639
v 1.836473 4.850310 1.409945
v 1.817760 4.864736 1.391232
v 1.803789 4.887507 1.377261
v 1.896351 4.850310 1.327531
v 1.872771 4.864736 1.315516
v 1.855167 4.887507 1.306546
v 1.927831 4.850310 1.230646
v 1.901692 4.864736 1.226506
v 1.882178 4.887507 1.223415
v 1.927831 4.850310 1.128776
v 1.901692 4.864736 1.132916
v 1.882178 4.887507 1.136006
v 1.818366 4.999243 1.071627
v 1.837687 4.977559 1.061782
v 1.774584 4.999243 1.011366
v 1.789917 4.977559 0.996033
v 1.714323 4.999243 0.967584
v 1.724168 4.977559 0.948263
v 1.643482 4.999243 0.944566
v 1.646874 4.977559 0.923149
v 1.568996 4.999243 0.944566
v 1.565603 4.977559 0.923149
v 1.498155 4.999243 0.967584
v 1.488310 4.977559 0.948263
v 1.437894 4.999243 1.011366
v 1.422561 4.977559 0.996033
v 1.394112 4.999243 1.071627
v 1.374791 4.977559 1.061782
v 1.371095 4.999243 1.142468
v 1.349677 4.977559 1.139076
v 1.371095 4.999243 1.216954
v 1.349677 4.977559 1.220346
v 1.394112 4.999243 1.287795
v 1.374791 4.977559 1.297640
v 1.437894 4.999243 1.348056
v 1.422561 4.977559 1.363389
v 1.498155 4.999243 1.391838
v 1.488310 4.977559 1.411160
v 1.568996 4.999243 1.414855
v 1.565603 4.977559 1.436273
v 1.643482 4.999243 1.414855
v 1.646874 4.977559 1.436273
v 1.714323 4.999243 1.391838
v 1.724168 4.977559 1.411160
v 1.774584 4.999243 1.348056
v 1.789917 4.977559 1.363389
v 1.818366 4.999243 1.287795
v 1.837687 4.977559 1.297640
v 1.841383 4.999243 1.216954
v 1.862801 4.977559 1.220346
v 1.862801 4.977559 1.139076
v 1.841383 4.999243 1.142468
v 2.148014 4.837624 1.093902
v 2.144198 4.834202 1.094507
v 2.091539 4.834202 0.932438
v 2.094982 4.837624 0.930684
v 1.991375 4.834202 0.794575
v 1.994108 4.837624 0.791842
v 1.853512 4.834202 0.694411
v 1.855266 4.837624 0.690968
v 1.691443 4.834202 0.641752
v 1.692048 4.837624 0.637935
v 1.521035 4.834202 0.641752
v 1.520430 4.837624 0.637935
v 1.358966 4.834202 0.694411
v 1.357212 4.837624 0.690968
v 1.221103 4.834202 0.794575
v 1.218371 4.837624 0.791843
v 1.120939 4.834202 0.932438
v 1.117496 4.837624 0.930684
v 1.068280 4.834202 1.094507
v 1.064464 4.837624 1.093902
v 1.068280 4.834202 1.264915
v 1.064464 4.837624 1.265520
v 1.120939 4.834202 1.426983
v 1.117496 4.837624 1.428738
v 1.221103 4.834202 1.564847
v 1.218371 4.837624 1.567580
v 1.358966 4.834202 1.665011
v 1.357212 4.837624 1.668454
v 1.521035 4.834202 1.717670
v 1.520430 4.837624 1.721486
v 1.691443 4.834202 1.717670
v 1.692048 4.837624 1.721486
v 1.853511 4.834202 1.665011
v 1.855266 4.837624 1.668454
v 1.991375 4.834202 1.564847
v 1.994107 4.837624 1.567580
v 2.091539 4.834202 1.426983
v 2.094982 4.837624 1.428738
v 2.144198 4.834202 1.264915
v 2.148014 4.837624 1.265520
v 2.141281 4.821709 1.094970
v 2.137332 4.818445 1.095594
v 2.085345 4.818445 0.935594
v 2.088908 4.821709 0.933779
v 1.986460 4.818445 0.799490
v 1.989287 4.821709 0.796663
v 1.850356 4.818445 0.700605
v 1.852171 4.821709 0.697042
v 1.690356 4.818445 0.648618
v 1.690981 4.821709 0.644669
v 1.522122 4.818445 0.648618
v 1.521497 4.821709 0.644669
v 1.362122 4.818445 0.700605
v 1.360307 4.821709 0.697043
v 1.226019 4.818445 0.799491
v 1.223191 4.821709 0.796663
v 1.127133 4.818445 0.935594
v 1.123571 4.821709 0.933779
v 1.075146 4.818445 1.095594
v 1.071197 4.821709 1.094970
v 1.075146 4.818445 1.263829
v 1.071197 4.821709 1.264453
v 1.127133 4.818445 1.423827
v 1.123571 4.821709 1.425643
v 1.226019 4.818445 1.559932
v 1.223191 4.821709 1.562759
v 1.362122 4.818445 1.658818
v 1.360307 4.821709 1.662380
v 1.522122 4.818445 1.710804
v 1.521497 4.821709 1.714753
v 1.690356 4.818445 1.710804
v 1.690981 4.821709 1.714753
v 1.850355 4.818445 1.658818
v 1.852171 4.821709 1.662380
v 1.986459 4.818445 1.559932
v 1.989287 4.821709 1.562759
v 2.085345 4.818445 1.423827
v 2.088907 4.821709 1.425643
v 2.137332 4.818445 1.263829
v 2.141281 4.821709 1.264453
v 2.230183 3.813956 0.861796
v 2.101403 3.813956 0.684547
v 1.924154 3.813956 0.555767
v 1.715785 3.813956 0.488064
v 1.496693 3.813956 0.488064
v 1.288324 3.813956 0.555768
v 1.111075 3.813956 0.684547
v 0.982296 3.813956 0.861796
v 0.914592 3.813956 1.070166
v 0.914592 3.813956 1.289257
v 0.982296 3.813956 1.497626
v 1.111075 3.813956 1.674875
v 1.288324 3.813956 1.803654
v 1.496693 3.813956 1.871358
v 1.715785 3.813956 1.871357
v 1.924154 3.813956 1.803654
v 2.101403 3.813956 1.674875
v 2.230182 3.813956 1.497626
v 2.297885 3.813956 1.289257
v 2.297886 3.813956 1.070166
v 2.196922 0.107287 0.878743
v 2.211464 0.114048 0.871334
v 2.228617 0.142860 0.862593
v 2.222594 0.126539 0.865663
v 2.075007 0.107287 0.710942
v 2.086548 0.114048 0.699402
v 2.100161 0.142860 0.685789
v 2.095381 0.126539 0.690569
v 1.907207 0.107287 0.589028
v 1.914616 0.114048 0.574486
v 1.923356 0.142860 0.557333
v 1.920287 0.126539 0.563356
v 1.709945 0.107287 0.524934
v 1.712499 0.114048 0.508814
v 1.715510 0.142860 0.489800
v 1.714453 0.126539 0.496477
v 1.502533 0.107287 0.524934
v 1.499979 0.114048 0.508814
v 1.496968 0.142860 0.489800
v 1.498025 0.126539 0.496477
v 1.305271 0.107287 0.589028
v 1.297862 0.114048 0.574486
v 1.289122 0.142860 0.557333
v 1.292191 0.126539 0.563356
v 1.137471 0.107287 0.710943
v 1.125930 0.114048 0.699402
v 1.112317 0.142860 0.685789
v 1.117097 0.126539 0.690569
v 1.015556 0.107287 0.878743
v 1.001015 0.114048 0.871334
v 0.983861 0.142860 0.862594
v 0.989885 0.126539 0.865663
v 0.951462 0.107287 1.076005
v 0.935343 0.114048 1.073452
v 0.916328 0.142860 1.070440
v 0.923005 0.126539 1.071497
v 0.951462 0.107287 1.283417
v 0.935343 0.114048 1.285971
v 0.916328 0.142860 1.288983
v 0.923005 0.126539 1.287925
v 1.015557 0.107287 1.480680
v 1.001015 0.114048 1.488088
v 0.983861 0.142860 1.496828
v 0.989885 0.126539 1.493759
v 1.137471 0.107287 1.648479
v 1.125930 0.114048 1.660020
v 1.112317 0.142860 1.673633
v 1.117097 0.126539 1.668854
v 1.305271 0.107287 1.770393
v 1.297862 0.114048 1.784935
v 1.289122 0.142860 1.802089
v 1.292191 0.126539 1.796065
v 1.502533 0.107287 1.834488
v 1.499979 0.114048 1.850607
v 1.496968 0.142860 1.869622
v 1.498025 0.126539 1.862945
v 1.709945 0.107287 1.834488
v 1.712499 0.114048 1.850607
v 1.715510 0.142860 1.869622
v 1.714453 0.126539 1.862945
v 1.907207 0.107287 1.770393
v 1.914616 0.114048 1.784935
v 1.923356 0.142860 1.802089
v 1.920287 0.126539 1.796065
v 2.075007 0.107287 1.648479
v 2.086548 0.114048 1.660020
v 2.100161 0.142860 1.673633
v 2.095381 0.126539 1.668854
v 2.196921 0.107287 1.480680
v 2.211463 0.114048 1.488088
v 2.228617 0.142860 1.496828
v 2.222593 0.126539 1.493759
v 2.261015 0.107287 1.283417
v 2.277135 0.114048 1.285971
v 2.296150 0.142860 1.288983
v 2.289473 0.126539 1.287925
v 2.261016 0.107287 1.076005
v 2.277136 0.114048 1.073452
v 2.289473 0.126539 1.071497
v 2.296150 0.142860 1.070440
v 2.262262 4.829910 1.075807
v 2.277959 4.822452 1.073321
v 2.296230 4.793342 1.070427
v 2.289840 4.809663 1.071440
v 2.198046 4.829910 0.878170
v 2.212206 4.822452 0.870955
v 2.222924 4.809663 0.865494
v 2.228689 4.793342 0.862557
v 2.075900 4.829910 0.710050
v 2.087137 4.822452 0.698813
v 2.095643 4.809663 0.690307
v 2.100218 4.793342 0.685732
v 1.907780 4.829910 0.587904
v 1.914995 4.822452 0.573744
v 1.920456 4.809663 0.563026
v 1.923393 4.793342 0.557261
v 1.710143 4.829910 0.523688
v 1.712629 4.822452 0.507991
v 1.714511 4.809663 0.496110
v 1.715523 4.793342 0.489720
v 1.502335 4.829910 0.523688
v 1.499849 4.822452 0.507991
v 1.497967 4.809663 0.496110
v 1.496955 4.793342 0.489720
v 1.304698 4.829910 0.587904
v 1.297483 4.822452 0.573744
v 1.292022 4.809663 0.563026
v 1.289085 4.793342 0.557261
v 1.136578 4.829910 0.710050
v 1.125341 4.822452 0.698813
v 1.116835 4.809663 0.690307
v 1.112260 4.793342 0.685732
v 1.014432 4.829910 0.878170
v 1.000272 4.822452 0.870955
v 0.989554 4.809663 0.865494
v 0.983789 4.793342 0.862557
v 0.950216 4.829910 1.075807
v 0.934519 4.822452 1.073321
v 0.922638 4.809663 1.071440
v 0.916248 4.793342 1.070427
v 0.950216 4.829910 1.283615
v 0.934519 4.822452 1.286101
v 0.922638 4.809663 1.287983
v 0.916248 4.793342 1.288996
v 1.014432 4.829910 1.481252
v 1.000272 4.822452 1.488467
v 0.989554 4.809663 1.493928
v 0.983789 4.793342 1.496866
v 1.136579 4.829910 1.649372
v 1.125341 4.822452 1.660609
v 1.116835 4.809663 1.669115
v 1.112260 4.793342 1.673690
v 1.304698 4.829910 1.771518
v 1.297483 4.822452 1.785678
v 1.292022 4.809663 1.796396
v 1.289085 4.793342 1.802161
v 1.502335 4.829910 1.835734
v 1.499849 4.822452 1.851431
v 1.497967 4.809663 1.863312
v 1.496955 4.793342 1.869702
v 1.710143 4.829910 1.835734
v 1.712629 4.822452 1.851431
v 1.714511 4.809663 1.863312
v 1.715523 4.793342 1.869702
v 1.907779 4.829910 1.771518
v 1.914995 4.822452 1.785678
v 1.920456 4.809663 1.796396
v 1.923393 4.793342 1.802161
v 2.075899 4.829910 1.649372
v 2.087137 4.822452 1.660609
v 2.095643 4.809663 1.669115
v 2.100218 4.793342 1.673690
v 2.198046 4.829910 1.481252
v 2.212206 4.822452 1.488467
v 2.222924 4.809663 1.493928
v 2.228689 4.793342 1.496866
v 2.262262 4.829910 1.283615
v 2.277959 4.822452 1.286101
v 2.289840 4.809663 1.287983
v 2.296230 4.793342 1.288996
v 2.070868 0.095130 1.106121
v 2.078813 0.103174 1.104863
v 2.032555 0.103174 0.962492
v 2.025387 0.095130 0.966144
v 1.944565 0.103174 0.841385
v 1.938877 0.095130 0.847073
v 1.823458 0.103174 0.753395
v 1.819806 0.095130 0.760563
v 1.681087 0.103174 0.707136
v 1.679829 0.095130 0.715081
v 1.531391 0.103174 0.707136
v 1.532649 0.095130 0.715081
v 1.389020 0.103174 0.753395
v 1.392672 0.095130 0.760563
v 1.267913 0.103174 0.841385
v 1.273601 0.095130 0.847073
v 1.179923 0.103174 0.962492
v 1.187091 0.095130 0.966144
v 1.133665 0.103174 1.104863
v 1.141610 0.095130 1.106121
v 1.133665 0.103174 1.254560
v 1.141610 0.095130 1.253302
v 1.179923 0.103174 1.396930
v 1.187091 0.095130 1.393278
v 1.267913 0.103174 1.518037
v 1.273601 0.095130 1.512349
v 1.389020 0.103174 1.606026
v 1.392672 0.095130 1.598859
v 1.531391 0.103174 1.652285
v 1.532649 0.095130 1.644341
v 1.681087 0.103174 1.652285
v 1.679829 0.095130 1.644341
v 1.823458 0.103174 1.606026
v 1.819806 0.095130 1.598859
v 1.944565 0.103174 1.518037
v 1.938877 0.095130 1.512349
v 2.032554 0.103174 1.396930
v 2.025387 0.095130 1.393278
v 2.078813 0.103174 1.254560
v 2.070868 0.095130 1.253302
v 2.066828 0.035127 1.106761
v 2.060234 0.019011 1.107805
v 2.032133 0.000000 1.112256
v 2.048051 0.006676 1.109735
v 2.021742 0.035127 0.968001
v 2.015794 0.019011 0.971032
v 2.004804 0.006676 0.976632
v 1.990444 0.000000 0.983949
v 1.935984 0.035127 0.849966
v 1.931264 0.019011 0.854686
v 1.922542 0.006676 0.863408
v 1.911146 0.000000 0.874804
v 1.817948 0.035127 0.764208
v 1.814918 0.019011 0.770157
v 1.809318 0.006676 0.781146
v 1.802001 0.000000 0.795506
v 1.679189 0.035127 0.719122
v 1.678145 0.019011 0.725716
v 1.676215 0.006676 0.737898
v 1.673694 0.000000 0.753816
v 1.533289 0.035127 0.719122
v 1.534333 0.019011 0.725716
v 1.536263 0.006676 0.737898
v 1.538784 0.000000 0.753816
v 1.394530 0.035127 0.764208
v 1.397560 0.019011 0.770157
v 1.403160 0.006676 0.781146
v 1.410477 0.000000 0.795506
v 1.276494 0.035127 0.849966
v 1.281214 0.019011 0.854686
v 1.289936 0.006676 0.863408
v 1.301332 0.000000 0.874804
v 1.190736 0.035127 0.968002
v 1.196684 0.019011 0.971032
v 1.207674 0.006676 0.976632
v 1.222034 0.000000 0.983949
v 1.145650 0.035127 1.106761
v 1.152244 0.019011 1.107805
v 1.164427 0.006676 1.109735
v 1.180345 0.000000 1.112256
v 1.145650 0.035127 1.252661
v 1.152244 0.019011 1.251617
v 1.164427 0.006676 1.249687
v 1.180345 0.000000 1.247167
v 1.190736 0.035127 1.391420
v 1.196684 0.019011 1.388390
v 1.207674 0.006676 1.382790
v 1.222034 0.000000 1.375473
v 1.276494 0.035127 1.509456
v 1.281214 0.019011 1.504736
v 1.289936 0.006676 1.496014
v 1.301332 0.000000 1.484618
v 1.394530 0.035127 1.595214
v 1.397560 0.019011 1.589266
v 1.403160 0.006676 1.578276
v 1.410477 0.000000 1.563916
v 1.533289 0.035127 1.640301
v 1.534333 0.019011 1.633706
v 1.536263 0.006676 1.621523
v 1.538784 0.000000 1.605605
v 1.679189 0.035127 1.640301
v 1.678145 0.019011 1.633706
v 1.676215 0.006676 1.621523
v 1.673694 0.000000 1.605605
v 1.817948 0.035127 1.595214
v 1.814918 0.019011 1.589266
v 1.809318 0.006676 1.578276
v 1.802001 0.000000 1.563916
v 1.935984 0.035127 1.509456
v 1.931264 0.019011 1.504736
v 1.922542 0.006676 1.496014
v 1.911146 0.000000 1.484618
v 2.021742 0.035127 1.391420
v 2.015794 0.019011 1.388390
v 2.004804 0.006676 1.382790
v 1.990444 0.000000 1.375473
v 2.066828 0.035127 1.252661
v 2.060234 0.019011 1.251617
v 2.048051 0.006676 1.249687
v 2.032133 0.000000 1.247167
v 2.230183 1.122302 0.861796
v 2.101403 1.122302 0.684547
v 1.924154 1.122302 0.555767
v 1.715785 1.122302 0.488064
v 1.496693 1.122302 0.488064
v 1.288324 1.122302 0.555768
v 1.111075 1.122302 0.684547
v 0.982296 1.122302 0.861796
v 0.914592 1.122302 1.070166
v 0.914592 1.122302 1.289257
v 0.982296 1.122302 1.497626
v 1.111075 1.122302 1.674875
v 1.288324 1.122302 1.803654
v 1.496693 1.122302 1.871358
v 1.715785 1.122302 1.871357
v 1.924154 1.122302 1.803654
v 2.101403 1.122302 1.674875
v 2.230182 1.122302 1.497626
v 2.297885 1.122302 1.289257
v 2.297886 1.122302 1.070166
vt 0.525805 0.817120
vt 0.526534 0.816051
vt 0.530722 0.819414
vt 0.529837 0.820354
vt 0.537477 0.799982
vt 0.544040 0.805257
vt 0.534334 0.823390
vt 0.549704 0.811492
vt 0.533313 0.824179
vt 0.524371 0.819222
vt 0.525084 0.818178
vt 0.528961 0.821284
vt 0.528095 0.822202
vt 0.532304 0.824958
vt 0.531308 0.825727
vt 0.451948 0.976359
vt 0.456123 0.976359
vt 0.456123 0.982775
vt 0.451948 0.982775
vt 0.460298 0.976359
vt 0.460298 0.982775
vt 0.451948 0.974924
vt 0.456123 0.974924
vt 0.451948 0.973633
vt 0.456123 0.973633
vt 0.460298 0.973633
vt 0.460298 0.974924
vt 0.537270 0.827887
vt 0.536134 0.828508
vt 0.554316 0.818542
vt 0.539473 0.832787
vt 0.557773 0.826225
vt 0.538256 0.833222
vt 0.535011 0.829123
vt 0.533898 0.829731
vt 0.537054 0.833651
vt 0.535868 0.834075
vt 0.464474 0.976359
vt 0.464474 0.982775
vt 0.468649 0.976359
vt 0.468649 0.982775
vt 0.464474 0.974924
vt 0.464474 0.973633
vt 0.468649 0.973633
vt 0.468649 0.974924
vt 0.540874 0.837972
vt 0.539602 0.838212
vt 0.559977 0.834357
vt 0.541456 0.843313
vt 0.560888 0.842734
vt 0.540165 0.843351
vt 0.538343 0.838449
vt 0.537098 0.838683
vt 0.538889 0.843388
vt 0.537630 0.843424
vt 0.472825 0.976359
vt 0.472825 0.982775
vt 0.477000 0.976359
vt 0.477000 0.982775
vt 0.472825 0.974924
vt 0.472825 0.973633
vt 0.477000 0.973633
vt 0.477000 0.974924
vt 0.541186 0.848678
vt 0.539903 0.848513
vt 0.560470 0.851149
vt 0.540088 0.853938
vt 0.558747 0.859397
vt 0.538849 0.853574
vt 0.538632 0.848349
vt 0.537375 0.848187
vt 0.537624 0.853215
vt 0.536416 0.852861
vt 0.481175 0.976359
vt 0.481175 0.982775
vt 0.485351 0.976359
vt 0.485351 0.982775
vt 0.481175 0.974924
vt 0.481175 0.973633
vt 0.485351 0.973633
vt 0.485351 0.974924
vt 0.538174 0.858957
vt 0.537004 0.858403
vt 0.555748 0.867270
vt 0.535504 0.863619
vt 0.551560 0.874581
vt 0.534438 0.862891
vt 0.535847 0.857855
vt 0.534702 0.857312
vt 0.533384 0.862171
vt 0.532345 0.861460
vt 0.318335 0.982775
vt 0.318335 0.976359
vt 0.322510 0.976359
vt 0.322510 0.982775
vt 0.326686 0.976359
vt 0.326686 0.982775
vt 0.318335 0.974924
vt 0.322510 0.974924
vt 0.318335 0.973633
vt 0.322510 0.973633
vt 0.326686 0.973633
vt 0.326686 0.974924
vt 0.532132 0.867801
vt 0.531191 0.866913
vt 0.546274 0.881141
vt 0.528152 0.871410
vt 0.540032 0.886798
vt 0.527364 0.870388
vt 0.530260 0.866034
vt 0.529339 0.865163
vt 0.526584 0.869377
vt 0.525815 0.868380
vt 0.330861 0.976359
vt 0.330861 0.982775
vt 0.335037 0.976359
vt 0.335037 0.982775
vt 0.330861 0.974924
vt 0.330861 0.973633
vt 0.335037 0.973633
vt 0.335037 0.974924
vt 0.523653 0.874345
vt 0.523033 0.873210
vt 0.532978 0.891403
vt 0.518753 0.876548
vt 0.525294 0.894854
vt 0.518319 0.875332
vt 0.522419 0.872086
vt 0.521812 0.870973
vt 0.517890 0.874129
vt 0.517467 0.872943
vt 0.339212 0.976359
vt 0.339212 0.982775
vt 0.343387 0.976359
vt 0.343387 0.982775
vt 0.339212 0.974924
vt 0.339212 0.973633
vt 0.343387 0.973633
vt 0.343387 0.974924
vt 0.513567 0.877948
vt 0.513328 0.876677
vt 0.517163 0.897054
vt 0.508226 0.878529
vt 0.508789 0.897961
vt 0.508190 0.877238
vt 0.513092 0.875418
vt 0.512859 0.874172
vt 0.508153 0.875962
vt 0.508118 0.874703
vt 0.347563 0.976359
vt 0.347563 0.982775
vt 0.351738 0.976359
vt 0.351738 0.982775
vt 0.347563 0.974924
vt 0.347563 0.973633
vt 0.351738 0.973633
vt 0.351738 0.974924
vt 0.502862 0.878258
vt 0.503028 0.876975
vt 0.500376 0.897540
vt 0.497604 0.877160
vt 0.492133 0.895815
vt 0.497968 0.875921
vt 0.503193 0.875705
vt 0.503356 0.874448
vt 0.498328 0.874696
vt 0.498683 0.873488
vt 0.355914 0.976359
vt 0.355914 0.982775
vt 0.360089 0.976359
vt 0.360089 0.982775
vt 0.355914 0.974924
vt 0.355914 0.973633
vt 0.360089 0.973633
vt 0.360089 0.974924
vt 0.492586 0.875245
vt 0.493140 0.874076
vt 0.484263 0.892815
vt 0.487925 0.872576
vt 0.476956 0.888627
vt 0.488654 0.871510
vt 0.493689 0.872919
vt 0.494233 0.871774
vt 0.489374 0.870457
vt 0.490086 0.869417
vt 0.364264 0.976359
vt 0.364264 0.982775
vt 0.368440 0.976359
vt 0.368440 0.982775
vt 0.364264 0.974924
vt 0.364264 0.973633
vt 0.368440 0.973633
vt 0.368440 0.974924
vt 0.483744 0.869204
vt 0.484633 0.868264
vt 0.470399 0.883342
vt 0.480136 0.865226
vt 0.464744 0.877102
vt 0.481159 0.864437
vt 0.485513 0.867333
vt 0.486383 0.866412
vt 0.482170 0.863658
vt 0.483168 0.862889
vt 0.372615 0.976359
vt 0.372615 0.982775
vt 0.376791 0.976359
vt 0.376791 0.982775
vt 0.372615 0.974924
vt 0.372615 0.973633
vt 0.376791 0.973633
vt 0.376791 0.974924
vt 0.477202 0.860727
vt 0.478338 0.860108
vt 0.460142 0.870050
vt 0.475001 0.855829
vt 0.456692 0.862368
vt 0.476217 0.855395
vt 0.479463 0.859494
vt 0.480576 0.858887
vt 0.477420 0.854966
vt 0.478606 0.854544
vt 0.380966 0.976359
vt 0.380966 0.982775
vt 0.385141 0.976359
vt 0.385141 0.982775
vt 0.380966 0.974924
vt 0.380966 0.973633
vt 0.385141 0.973633
vt 0.385141 0.974924
vt 0.473601 0.850645
vt 0.474873 0.850406
vt 0.454494 0.854239
vt 0.473021 0.845306
vt 0.453587 0.845868
vt 0.474312 0.845269
vt 0.476132 0.850170
vt 0.477377 0.849937
vt 0.475587 0.845233
vt 0.476847 0.845198
vt 0.389317 0.976359
vt 0.389317 0.982775
vt 0.393492 0.976359
vt 0.393492 0.982775
vt 0.389317 0.974924
vt 0.389317 0.973633
vt 0.393492 0.973633
vt 0.393492 0.974924
vt 0.473291 0.839943
vt 0.474574 0.840109
vt 0.454008 0.837459
vt 0.474389 0.834687
vt 0.455732 0.829218
vt 0.475628 0.835051
vt 0.475845 0.840274
vt 0.477102 0.840437
vt 0.476853 0.835411
vt 0.478061 0.835766
vt 0.397668 0.976359
vt 0.397668 0.982775
vt 0.401843 0.976359
vt 0.401843 0.982775
vt 0.397668 0.974924
vt 0.397668 0.973633
vt 0.401843 0.973633
vt 0.401843 0.974924
vt 0.476303 0.829670
vt 0.477472 0.830225
vt 0.458731 0.821351
vt 0.478971 0.825011
vt 0.462917 0.814046
vt 0.480038 0.825740
vt 0.478630 0.830774
vt 0.479775 0.831317
vt 0.481091 0.826460
vt 0.482131 0.827171
vt 0.406018 0.976359
vt 0.406018 0.982775
vt 0.410194 0.976359
vt 0.410194 0.982775
vt 0.406018 0.974924
vt 0.406018 0.973633
vt 0.410194 0.973633
vt 0.410194 0.974924
vt 0.482342 0.820831
vt 0.483283 0.821720
vt 0.468199 0.807491
vt 0.486319 0.817224
vt 0.474436 0.801837
vt 0.487108 0.818247
vt 0.484214 0.822599
vt 0.485135 0.823470
vt 0.487888 0.819257
vt 0.488657 0.820255
vt 0.414369 0.976359
vt 0.414369 0.982775
vt 0.418544 0.976359
vt 0.418544 0.982775
vt 0.414369 0.974924
vt 0.414369 0.973633
vt 0.418544 0.973633
vt 0.418544 0.974924
vt 0.490816 0.814291
vt 0.491436 0.815426
vt 0.481484 0.797235
vt 0.495713 0.812089
vt 0.489162 0.793785
vt 0.496147 0.813305
vt 0.492050 0.816550
vt 0.492658 0.817663
vt 0.496577 0.814507
vt 0.497000 0.815693
vt 0.422720 0.976359
vt 0.422720 0.982775
vt 0.426895 0.976359
vt 0.426895 0.982775
vt 0.422720 0.974924
vt 0.422720 0.973633
vt 0.426895 0.973633
vt 0.426895 0.974924
vt 0.500896 0.810688
vt 0.501135 0.811960
vt 0.497287 0.791585
vt 0.506234 0.810108
vt 0.505655 0.790675
vt 0.506272 0.811399
vt 0.501372 0.813219
vt 0.501606 0.814464
vt 0.506309 0.812674
vt 0.506345 0.813933
vt 0.431071 0.976359
vt 0.431071 0.982775
vt 0.435246 0.976359
vt 0.435246 0.982775
vt 0.431071 0.974924
vt 0.431071 0.973633
vt 0.435246 0.973633
vt 0.435246 0.974924
vt 0.511596 0.810378
vt 0.511431 0.811661
vt 0.514062 0.791092
vt 0.516852 0.811476
vt 0.522302 0.792809
vt 0.516490 0.812715
vt 0.511268 0.812931
vt 0.511106 0.814187
vt 0.516132 0.813940
vt 0.515778 0.815148
vt 0.439422 0.976359
vt 0.439422 0.982775
vt 0.443597 0.976359
vt 0.443597 0.982775
vt 0.439422 0.974924
vt 0.439422 0.973633
vt 0.443597 0.973633
vt 0.443597 0.974924
vt 0.521318 0.814557
vt 0.521871 0.813386
vt 0.530168 0.795804
vt 0.520770 0.815717
vt 0.520227 0.816864
vt 0.447772 0.974924
vt 0.447772 0.973633
vt 0.447772 0.976359
vt 0.447772 0.982775
vt 0.535620 0.531005
vt 0.538483 0.533323
vt 0.522389 0.550398
vt 0.536494 0.529729
vt 0.539541 0.532204
vt 0.542167 0.535121
vt 0.540953 0.536056
vt 0.451948 0.985775
vt 0.451948 0.984398
vt 0.456123 0.984398
vt 0.456123 0.985775
vt 0.460298 0.984398
vt 0.460298 0.985775
vt 0.542975 0.539135
vt 0.544336 0.538392
vt 0.545930 0.541976
vt 0.544484 0.542494
vt 0.464474 0.984398
vt 0.464474 0.985775
vt 0.468649 0.984398
vt 0.468649 0.985775
vt 0.545454 0.546046
vt 0.546978 0.545759
vt 0.547384 0.549661
vt 0.545849 0.549707
vt 0.472825 0.984398
vt 0.472825 0.985775
vt 0.477000 0.984398
vt 0.477000 0.985775
vt 0.545672 0.553385
vt 0.547210 0.553583
vt 0.546388 0.557421
vt 0.544914 0.556989
vt 0.481175 0.984398
vt 0.481175 0.985775
vt 0.485351 0.984398
vt 0.485351 0.985775
vt 0.543608 0.560433
vt 0.545010 0.561097
vt 0.543042 0.564493
vt 0.541774 0.563627
vt 0.318335 0.985775
vt 0.318335 0.984398
vt 0.322510 0.984398
vt 0.322510 0.985775
vt 0.326686 0.984398
vt 0.326686 0.985775
vt 0.539467 0.566499
vt 0.540595 0.567563
vt 0.537674 0.570185
vt 0.536736 0.568969
vt 0.330861 0.984398
vt 0.330861 0.985775
vt 0.335037 0.984398
vt 0.335037 0.985775
vt 0.533654 0.570988
vt 0.534397 0.572349
vt 0.530809 0.573940
vt 0.530293 0.572494
vt 0.339212 0.984398
vt 0.339212 0.985775
vt 0.343387 0.984398
vt 0.343387 0.985775
vt 0.526738 0.573461
vt 0.527024 0.574985
vt 0.523120 0.575389
vt 0.523076 0.573855
vt 0.347563 0.984398
vt 0.347563 0.985775
vt 0.351738 0.984398
vt 0.351738 0.985775
vt 0.519397 0.573677
vt 0.519197 0.575214
vt 0.515360 0.574392
vt 0.515792 0.572919
vt 0.355914 0.984398
vt 0.355914 0.985775
vt 0.360089 0.984398
vt 0.360089 0.985775
vt 0.512348 0.571613
vt 0.511683 0.573014
vt 0.508288 0.571047
vt 0.509154 0.569779
vt 0.364264 0.984398
vt 0.364264 0.985775
vt 0.368440 0.984398
vt 0.368440 0.985775
vt 0.506282 0.567473
vt 0.505217 0.568600
vt 0.502596 0.565679
vt 0.503812 0.564742
vt 0.372615 0.984398
vt 0.372615 0.985775
vt 0.376791 0.984398
vt 0.376791 0.985775
vt 0.501794 0.561661
vt 0.500432 0.562404
vt 0.498842 0.558817
vt 0.500288 0.558300
vt 0.380966 0.984398
vt 0.380966 0.985775
vt 0.385141 0.984398
vt 0.385141 0.985775
vt 0.499321 0.554747
vt 0.497796 0.555033
vt 0.497392 0.551130
vt 0.498927 0.551086
vt 0.389317 0.984398
vt 0.389317 0.985775
vt 0.393492 0.984398
vt 0.393492 0.985775
vt 0.499105 0.547408
vt 0.497567 0.547208
vt 0.498389 0.543372
vt 0.499863 0.543804
vt 0.397668 0.984398
vt 0.397668 0.985775
vt 0.401843 0.984398
vt 0.401843 0.985775
vt 0.501169 0.540361
vt 0.499768 0.539696
vt 0.501735 0.536302
vt 0.503003 0.537168
vt 0.406018 0.984398
vt 0.406018 0.985775
vt 0.410194 0.984398
vt 0.410194 0.985775
vt 0.505309 0.534297
vt 0.504182 0.533232
vt 0.507102 0.530611
vt 0.508040 0.531827
vt 0.414369 0.984398
vt 0.414369 0.985775
vt 0.418544 0.984398
vt 0.418544 0.985775
vt 0.511121 0.529808
vt 0.510377 0.528448
vt 0.513965 0.526857
vt 0.514482 0.528303
vt 0.422720 0.984398
vt 0.422720 0.985775
vt 0.426895 0.984398
vt 0.426895 0.985775
vt 0.518036 0.527334
vt 0.517749 0.525810
vt 0.521652 0.525405
vt 0.521698 0.526939
vt 0.431071 0.984398
vt 0.431071 0.985775
vt 0.435246 0.984398
vt 0.435246 0.985775
vt 0.525378 0.527115
vt 0.525575 0.525577
vt 0.529415 0.526395
vt 0.528983 0.527869
vt 0.439422 0.984398
vt 0.439422 0.985775
vt 0.443597 0.984398
vt 0.443597 0.985775
vt 0.447772 0.984398
vt 0.447772 0.985775
vt 0.532428 0.529171
vt 0.533095 0.527767
vt 0.574788 0.585174
vt 0.574541 0.585094
vt 0.576538 0.576733
vt 0.576794 0.576773
vt 0.577220 0.568163
vt 0.577479 0.568163
vt 0.574295 0.585014
vt 0.576282 0.576692
vt 0.573097 0.584625
vt 0.575042 0.576496
vt 0.575697 0.568164
vt 0.576962 0.568163
vt 0.571020 0.592919
vt 0.569896 0.592347
vt 0.571250 0.593037
vt 0.566765 0.600376
vt 0.566556 0.600224
vt 0.565533 0.599480
vt 0.571481 0.593155
vt 0.566975 0.600528
vt 0.560990 0.606726
vt 0.560102 0.605839
vt 0.561173 0.606909
vt 0.554644 0.612505
vt 0.554492 0.612296
vt 0.553748 0.611274
vt 0.561356 0.607092
vt 0.554797 0.612715
vt 0.547191 0.616761
vt 0.546620 0.615642
vt 0.547309 0.616992
vt 0.539371 0.620296
vt 0.539291 0.620050
vt 0.538899 0.618847
vt 0.547427 0.617222
vt 0.539451 0.620542
vt 0.530968 0.622040
vt 0.530770 0.620799
vt 0.531008 0.622296
vt 0.522438 0.622984
vt 0.522438 0.622725
vt 0.522438 0.621461
vt 0.531049 0.622552
vt 0.522438 0.623243
vt 0.513907 0.622046
vt 0.514103 0.620806
vt 0.513867 0.622302
vt 0.505503 0.620308
vt 0.505583 0.620062
vt 0.505974 0.618859
vt 0.513826 0.622558
vt 0.505423 0.620554
vt 0.497679 0.616780
vt 0.498249 0.615660
vt 0.497561 0.617011
vt 0.490224 0.612529
vt 0.490376 0.612320
vt 0.491119 0.611297
vt 0.497444 0.617242
vt 0.490072 0.612739
vt 0.483872 0.606756
vt 0.484760 0.605868
vt 0.483689 0.606939
vt 0.478096 0.600409
vt 0.478306 0.600257
vt 0.479329 0.599514
vt 0.483506 0.607123
vt 0.477887 0.600561
vt 0.473839 0.592956
vt 0.474958 0.592386
vt 0.473608 0.593074
vt 0.470307 0.585135
vt 0.470553 0.585055
vt 0.471756 0.584664
vt 0.473377 0.593191
vt 0.470061 0.585215
vt 0.468561 0.576731
vt 0.469801 0.576534
vt 0.468305 0.576772
vt 0.467620 0.568201
vt 0.467878 0.568201
vt 0.469143 0.568201
vt 0.468050 0.576812
vt 0.467361 0.568201
vt 0.468556 0.559669
vt 0.469796 0.559865
vt 0.468300 0.559629
vt 0.470296 0.551266
vt 0.470542 0.551346
vt 0.471745 0.551736
vt 0.468044 0.559588
vt 0.470050 0.551186
vt 0.473823 0.543441
vt 0.474942 0.544010
vt 0.473592 0.543323
vt 0.478075 0.535986
vt 0.478285 0.536138
vt 0.479308 0.536881
vt 0.473361 0.543206
vt 0.477866 0.535834
vt 0.483847 0.529634
vt 0.484735 0.530522
vt 0.483663 0.529451
vt 0.490195 0.523858
vt 0.490347 0.524068
vt 0.491091 0.525091
vt 0.483480 0.529268
vt 0.490043 0.523649
vt 0.497646 0.519601
vt 0.498217 0.520719
vt 0.497529 0.519370
vt 0.505469 0.516069
vt 0.505549 0.516315
vt 0.505941 0.517518
vt 0.497411 0.519139
vt 0.505389 0.515823
vt 0.513871 0.514323
vt 0.514068 0.515563
vt 0.513831 0.514067
vt 0.522403 0.513381
vt 0.522403 0.513640
vt 0.522403 0.514905
vt 0.513790 0.513811
vt 0.522402 0.513123
vt 0.530933 0.514318
vt 0.530737 0.515558
vt 0.530973 0.514062
vt 0.539338 0.516058
vt 0.539258 0.516304
vt 0.538868 0.517507
vt 0.531014 0.513806
vt 0.539418 0.515812
vt 0.547161 0.519585
vt 0.546591 0.520704
vt 0.547279 0.519354
vt 0.554617 0.523837
vt 0.554465 0.524047
vt 0.553722 0.525070
vt 0.547396 0.519123
vt 0.554769 0.523628
vt 0.560967 0.529609
vt 0.560079 0.530497
vt 0.561150 0.529426
vt 0.566745 0.535957
vt 0.566535 0.536109
vt 0.565513 0.536853
vt 0.561334 0.529243
vt 0.566954 0.535805
vt 0.571000 0.543409
vt 0.569881 0.543979
vt 0.571231 0.543291
vt 0.574533 0.551231
vt 0.574287 0.551311
vt 0.573084 0.551702
vt 0.571461 0.543173
vt 0.574779 0.551151
vt 0.576276 0.559633
vt 0.575036 0.559830
vt 0.576532 0.559592
vt 0.576788 0.559552
vt 0.572850 0.584544
vt 0.574785 0.576455
vt 0.575438 0.568164
vt 0.537615 0.799780
vt 0.530273 0.795583
vt 0.522370 0.792575
vt 0.544208 0.805079
vt 0.549897 0.811342
vt 0.569665 0.592229
vt 0.565323 0.599328
vt 0.554530 0.818424
vt 0.558003 0.826143
vt 0.559918 0.605656
vt 0.553595 0.611064
vt 0.560217 0.834312
vt 0.561133 0.842727
vt 0.546502 0.615411
vt 0.538819 0.618601
vt 0.560712 0.851181
vt 0.558981 0.859466
vt 0.530730 0.620543
vt 0.522437 0.621201
vt 0.555968 0.867375
vt 0.551761 0.874719
vt 0.514143 0.620549
vt 0.506054 0.618612
vt 0.546452 0.881309
vt 0.540181 0.886992
vt 0.498366 0.615429
vt 0.491272 0.611087
vt 0.533095 0.891618
vt 0.525376 0.895085
vt 0.484944 0.605684
vt 0.479539 0.599362
vt 0.517208 0.897294
vt 0.508796 0.898205
vt 0.475189 0.592268
vt 0.472003 0.584584
vt 0.500345 0.897782
vt 0.492064 0.896049
vt 0.470058 0.576494
vt 0.469403 0.568201
vt 0.484158 0.893035
vt 0.476818 0.888829
vt 0.470052 0.559906
vt 0.471992 0.551816
vt 0.470231 0.883520
vt 0.464551 0.877251
vt 0.475173 0.544128
vt 0.479518 0.537034
vt 0.459927 0.870167
vt 0.456462 0.862450
vt 0.484918 0.530705
vt 0.491243 0.525300
vt 0.454254 0.854284
vt 0.453343 0.845875
vt 0.498335 0.520951
vt 0.506021 0.517765
vt 0.453766 0.837427
vt 0.455498 0.829149
vt 0.514109 0.515820
vt 0.522404 0.515164
vt 0.458510 0.821246
vt 0.462715 0.813908
vt 0.530696 0.515814
vt 0.538788 0.517754
vt 0.468021 0.807323
vt 0.474286 0.801644
vt 0.546473 0.520935
vt 0.553570 0.525280
vt 0.481367 0.797020
vt 0.489080 0.793555
vt 0.559896 0.530681
vt 0.565303 0.537006
vt 0.497241 0.791345
vt 0.505647 0.790431
vt 0.569649 0.544097
vt 0.572838 0.551782
vt 0.514093 0.790849
vt 0.574780 0.559870
vt 0.358423 0.732003
vt 0.369215 0.732003
vt 0.369215 0.865340
vt 0.358423 0.865340
vt 0.380007 0.732003
vt 0.380007 0.865340
vt 0.390799 0.732003
vt 0.390799 0.865340
vt 0.401590 0.732003
vt 0.401590 0.865340
vt 0.412379 0.732003
vt 0.412379 0.865340
vt 0.423166 0.732003
vt 0.423166 0.865340
vt 0.433939 0.732003
vt 0.433939 0.865340
vt 0.444688 0.732003
vt 0.444688 0.865340
vt 0.013423 0.732003
vt 0.024160 0.732003
vt 0.024160 0.865340
vt 0.013423 0.865340
vt 0.034939 0.732003
vt 0.034939 0.865340
vt 0.045723 0.732003
vt 0.045723 0.865340
vt 0.056516 0.732003
vt 0.056516 0.865340
vt 0.067307 0.732003
vt 0.067307 0.865340
vt 0.078102 0.732003
vt 0.078102 0.865340
vt 0.088895 0.732003
vt 0.088895 0.865340
vt 0.099690 0.732003
vt 0.099690 0.865340
vt 0.110483 0.732003
vt 0.110483 0.865340
vt 0.121278 0.732003
vt 0.121278 0.865340
vt 0.132072 0.732003
vt 0.132072 0.865340
vt 0.142867 0.732003
vt 0.142867 0.865340
vt 0.153662 0.732003
vt 0.153662 0.865340
vt 0.164457 0.732003
vt 0.164457 0.865340
vt 0.175252 0.732003
vt 0.175252 0.865340
vt 0.186048 0.732003
vt 0.186048 0.865340
vt 0.196825 0.732003
vt 0.196825 0.865340
vt 0.207574 0.732003
vt 0.207574 0.865340
vt 0.218324 0.732003
vt 0.218324 0.865340
vt 0.229074 0.732003
vt 0.229074 0.865340
vt 0.239824 0.732003
vt 0.239824 0.865340
vt 0.250574 0.732003
vt 0.250574 0.865340
vt 0.261323 0.732003
vt 0.261323 0.865340
vt 0.272080 0.732003
vt 0.272080 0.865340
vt 0.282874 0.732003
vt 0.282874 0.865340
vt 0.293667 0.732003
vt 0.293667 0.865340
vt 0.304460 0.732003
vt 0.304460 0.865340
vt 0.315254 0.732003
vt 0.315254 0.865340
vt 0.326046 0.732003
vt 0.326046 0.865340
vt 0.336839 0.732003
vt 0.336839 0.865340
vt 0.347631 0.732003
vt 0.347631 0.865340
vt 0.584285 0.692965
vt 0.583455 0.693243
vt 0.579435 0.683794
vt 0.580211 0.683390
vt 0.566207 0.699022
vt 0.563304 0.692200
vt 0.573994 0.675086
vt 0.559375 0.685912
vt 0.574697 0.674565
vt 0.585946 0.692408
vt 0.585115 0.692686
vt 0.580988 0.682985
vt 0.581764 0.682580
vt 0.575401 0.674044
vt 0.576105 0.673523
vt 0.358423 0.501732
vt 0.369215 0.501732
vt 0.369215 0.598698
vt 0.358423 0.598698
vt 0.358423 0.500853
vt 0.369215 0.500853
vt 0.380007 0.500853
vt 0.380007 0.501732
vt 0.380007 0.598698
vt 0.358423 0.499977
vt 0.369215 0.499977
vt 0.358423 0.499105
vt 0.369215 0.499105
vt 0.380007 0.499105
vt 0.380007 0.499977
vt 0.567250 0.667342
vt 0.567864 0.666717
vt 0.554506 0.680321
vt 0.559385 0.660741
vt 0.548827 0.675555
vt 0.559893 0.660028
vt 0.568477 0.666093
vt 0.569091 0.665468
vt 0.560401 0.659315
vt 0.560909 0.658602
vt 0.390799 0.501732
vt 0.390799 0.598698
vt 0.390799 0.500853
vt 0.401590 0.500853
vt 0.401590 0.501732
vt 0.401590 0.598698
vt 0.390799 0.499977
vt 0.390799 0.499105
vt 0.401590 0.499105
vt 0.401590 0.499977
vt 0.550578 0.655460
vt 0.550969 0.654677
vt 0.542469 0.671742
vt 0.541058 0.651613
vt 0.535594 0.668964
vt 0.541321 0.650778
vt 0.551359 0.653893
vt 0.551750 0.653109
vt 0.541584 0.649943
vt 0.541847 0.649108
vt 0.412379 0.501732
vt 0.412379 0.598698
vt 0.412379 0.500853
vt 0.423166 0.500853
vt 0.423166 0.501732
vt 0.423166 0.598698
vt 0.412379 0.499977
vt 0.412379 0.499105
vt 0.423166 0.499105
vt 0.423166 0.499977
vt 0.531051 0.649312
vt 0.531180 0.648446
vt 0.528369 0.667303
vt 0.520807 0.648595
vt 0.520973 0.666785
vt 0.520799 0.647720
vt 0.531309 0.647580
vt 0.531438 0.646714
vt 0.520791 0.646844
vt 0.520783 0.645969
vt 0.433939 0.501732
vt 0.433939 0.598698
vt 0.433939 0.500853
vt 0.444688 0.500853
vt 0.444688 0.501732
vt 0.444688 0.598698
vt 0.433939 0.499977
vt 0.433939 0.499105
vt 0.444688 0.499105
vt 0.444688 0.499977
vt 0.510579 0.649499
vt 0.510434 0.648636
vt 0.513588 0.667438
vt 0.500615 0.651983
vt 0.506394 0.669231
vt 0.500337 0.651153
vt 0.510289 0.647772
vt 0.510144 0.646909
vt 0.500059 0.650323
vt 0.499781 0.649492
vt 0.013423 0.501732
vt 0.024160 0.501732
vt 0.024160 0.598698
vt 0.013423 0.598698
vt 0.013423 0.500853
vt 0.024160 0.500853
vt 0.034939 0.500853
vt 0.034939 0.501732
vt 0.034939 0.598698
vt 0.013423 0.499977
vt 0.024160 0.499977
vt 0.013423 0.499105
vt 0.024160 0.499105
vt 0.034939 0.499105
vt 0.034939 0.499977
vt 0.491166 0.656003
vt 0.490762 0.655227
vt 0.499572 0.672134
vt 0.482458 0.661445
vt 0.493284 0.676063
vt 0.481937 0.660741
vt 0.490357 0.654451
vt 0.489953 0.653674
vt 0.481416 0.660037
vt 0.480895 0.659334
vt 0.045723 0.501732
vt 0.045723 0.598698
vt 0.045723 0.500853
vt 0.056516 0.500853
vt 0.056515 0.501732
vt 0.056515 0.598698
vt 0.045723 0.499977
vt 0.045723 0.499105
vt 0.056516 0.499105
vt 0.056516 0.499977
vt 0.474714 0.668188
vt 0.474090 0.667575
vt 0.487693 0.680932
vt 0.468114 0.676054
vt 0.482928 0.686611
vt 0.467401 0.675546
vt 0.473465 0.666962
vt 0.472840 0.666348
vt 0.466688 0.675038
vt 0.465975 0.674530
vt 0.067308 0.501732
vt 0.067307 0.598698
vt 0.067307 0.500853
vt 0.078102 0.500853
vt 0.078102 0.501732
vt 0.078102 0.598698
vt 0.067307 0.499977
vt 0.067307 0.499105
vt 0.078102 0.499105
vt 0.078102 0.499977
vt 0.462833 0.684861
vt 0.462049 0.684471
vt 0.479115 0.692970
vt 0.458986 0.694382
vt 0.476338 0.699844
vt 0.458151 0.694119
vt 0.461266 0.684080
vt 0.460482 0.683690
vt 0.457316 0.693856
vt 0.456481 0.693593
vt 0.088895 0.501732
vt 0.088895 0.598698
vt 0.088895 0.500853
vt 0.099690 0.500853
vt 0.099690 0.501732
vt 0.099690 0.598698
vt 0.088895 0.499977
vt 0.088895 0.499105
vt 0.099690 0.499105
vt 0.099690 0.499977
vt 0.456686 0.704389
vt 0.455820 0.704260
vt 0.474677 0.707069
vt 0.455970 0.714632
vt 0.474160 0.714464
vt 0.455094 0.714640
vt 0.454954 0.704131
vt 0.454088 0.704002
vt 0.454219 0.714648
vt 0.453343 0.714656
vt 0.110483 0.501732
vt 0.110483 0.598698
vt 0.110483 0.500853
vt 0.121278 0.500853
vt 0.121278 0.501732
vt 0.121278 0.598698
vt 0.110483 0.499977
vt 0.110483 0.499105
vt 0.121278 0.499105
vt 0.121278 0.499977
vt 0.456874 0.724860
vt 0.456011 0.725005
vt 0.474813 0.721849
vt 0.459359 0.734823
vt 0.476606 0.729042
vt 0.458529 0.735101
vt 0.455148 0.725150
vt 0.454284 0.725295
vt 0.457699 0.735379
vt 0.456868 0.735658
vt 0.132072 0.501732
vt 0.132072 0.598698
vt 0.132072 0.500853
vt 0.142867 0.500853
vt 0.142867 0.501732
vt 0.142867 0.598698
vt 0.132072 0.499977
vt 0.132072 0.499105
vt 0.142867 0.499105
vt 0.142867 0.499977
vt 0.463380 0.744270
vt 0.462603 0.744675
vt 0.479510 0.735864
vt 0.468821 0.752977
vt 0.483439 0.742150
vt 0.468117 0.753498
vt 0.461827 0.745080
vt 0.461050 0.745484
vt 0.467414 0.754019
vt 0.466710 0.754541
vt 0.153662 0.501732
vt 0.153662 0.598698
vt 0.153662 0.500853
vt 0.164457 0.500853
vt 0.164457 0.501732
vt 0.164457 0.598698
vt 0.153662 0.499977
vt 0.153662 0.499105
vt 0.164457 0.499105
vt 0.164457 0.499977
vt 0.475563 0.760720
vt 0.474950 0.761344
vt 0.488308 0.747741
vt 0.483427 0.767320
vt 0.493986 0.752507
vt 0.482919 0.768033
vt 0.474336 0.761969
vt 0.473723 0.762594
vt 0.482411 0.768746
vt 0.481903 0.769459
vt 0.175252 0.501732
vt 0.175252 0.598698
vt 0.175252 0.500853
vt 0.186048 0.500853
vt 0.186048 0.501732
vt 0.186048 0.598698
vt 0.175252 0.499977
vt 0.175252 0.499105
vt 0.186048 0.499105
vt 0.186048 0.499977
vt 0.492232 0.772601
vt 0.491842 0.773385
vt 0.500344 0.756320
vt 0.501752 0.776449
vt 0.507217 0.759098
vt 0.501489 0.777284
vt 0.491452 0.774168
vt 0.491061 0.774952
vt 0.501226 0.778119
vt 0.500962 0.778954
vt 0.196825 0.501732
vt 0.196825 0.598698
vt 0.196825 0.500853
vt 0.207574 0.500853
vt 0.207574 0.501732
vt 0.207574 0.598698
vt 0.196825 0.499977
vt 0.196825 0.499105
vt 0.207574 0.499105
vt 0.207574 0.499977
vt 0.511758 0.778751
vt 0.511629 0.779617
vt 0.514442 0.760760
vt 0.522001 0.779469
vt 0.521837 0.761278
vt 0.522009 0.780344
vt 0.511500 0.780483
vt 0.511371 0.781349
vt 0.522017 0.781219
vt 0.522025 0.782095
vt 0.218324 0.501732
vt 0.218324 0.598698
vt 0.218324 0.500853
vt 0.229074 0.500853
vt 0.229074 0.501732
vt 0.229074 0.598698
vt 0.218324 0.499977
vt 0.218324 0.499105
vt 0.229074 0.499105
vt 0.229074 0.499977
vt 0.532230 0.778565
vt 0.532375 0.779429
vt 0.529222 0.760626
vt 0.542194 0.776082
vt 0.536416 0.758833
vt 0.542472 0.776912
vt 0.532519 0.780292
vt 0.532664 0.781156
vt 0.542750 0.777743
vt 0.543028 0.778573
vt 0.239824 0.501732
vt 0.239824 0.598698
vt 0.239824 0.500853
vt 0.250574 0.500853
vt 0.250574 0.501732
vt 0.250574 0.598698
vt 0.239824 0.499977
vt 0.239824 0.499105
vt 0.250574 0.499105
vt 0.250574 0.499977
vt 0.551642 0.772062
vt 0.552047 0.772839
vt 0.543238 0.755930
vt 0.560351 0.766622
vt 0.549525 0.752002
vt 0.560872 0.767325
vt 0.552451 0.773615
vt 0.552856 0.774392
vt 0.561393 0.768029
vt 0.561914 0.768733
vt 0.261323 0.501732
vt 0.261323 0.598698
vt 0.261323 0.500853
vt 0.272080 0.500853
vt 0.272080 0.501732
vt 0.272080 0.598698
vt 0.261323 0.499977
vt 0.261323 0.499105
vt 0.272080 0.499105
vt 0.272080 0.499977
vt 0.568095 0.759878
vt 0.568720 0.760492
vt 0.555117 0.747134
vt 0.574696 0.752013
vt 0.559883 0.741455
vt 0.575409 0.752521
vt 0.569344 0.761105
vt 0.569969 0.761719
vt 0.576122 0.753029
vt 0.576835 0.753537
vt 0.282874 0.501732
vt 0.282874 0.598698
vt 0.282874 0.500853
vt 0.293667 0.500853
vt 0.293667 0.501732
vt 0.293667 0.598698
vt 0.282874 0.499977
vt 0.282874 0.499105
vt 0.293667 0.499105
vt 0.293667 0.499977
vt 0.579977 0.743206
vt 0.580761 0.743596
vt 0.563696 0.735096
vt 0.583825 0.733686
vt 0.566473 0.728222
vt 0.584660 0.733949
vt 0.581545 0.743987
vt 0.582328 0.744377
vt 0.585495 0.734212
vt 0.586330 0.734475
vt 0.304460 0.501732
vt 0.304460 0.598698
vt 0.304460 0.500853
vt 0.315254 0.500853
vt 0.315254 0.501732
vt 0.315254 0.598698
vt 0.304460 0.499977
vt 0.304460 0.499105
vt 0.315254 0.499105
vt 0.315254 0.499977
vt 0.586126 0.723678
vt 0.586992 0.723807
vt 0.568135 0.720997
vt 0.586843 0.713435
vt 0.568653 0.713601
vt 0.587718 0.713427
vt 0.587858 0.723936
vt 0.588724 0.724066
vt 0.588593 0.713419
vt 0.589469 0.713411
vt 0.326046 0.501732
vt 0.326046 0.598698
vt 0.326046 0.500853
vt 0.336839 0.500853
vt 0.336839 0.501732
vt 0.336839 0.598698
vt 0.326046 0.499977
vt 0.326046 0.499105
vt 0.336839 0.499105
vt 0.336839 0.499977
vt 0.585939 0.703206
vt 0.568000 0.706216
vt 0.586802 0.703061
vt 0.587666 0.702917
vt 0.588529 0.702772
vt 0.347631 0.499977
vt 0.347631 0.499105
vt 0.347631 0.500853
vt 0.347631 0.501732
vt 0.347631 0.598698
vt 0.586467 0.588966
vt 0.585640 0.588698
vt 0.588065 0.578555
vt 0.588924 0.578691
vt 0.588887 0.568159
vt 0.589756 0.568159
vt 0.588122 0.589503
vt 0.587294 0.589235
vt 0.589783 0.578826
vt 0.590642 0.578962
vt 0.590626 0.568159
vt 0.591496 0.568158
vt 0.358423 0.962314
vt 0.347631 0.962314
vt 0.358423 0.963187
vt 0.347631 0.963187
vt 0.336839 0.963187
vt 0.336839 0.962314
vt 0.358423 0.964057
vt 0.347631 0.964057
vt 0.358423 0.964924
vt 0.347631 0.964924
vt 0.336839 0.964924
vt 0.336839 0.964057
vt 0.581648 0.598334
vt 0.582422 0.598728
vt 0.576908 0.607742
vt 0.576205 0.607231
vt 0.583198 0.599123
vt 0.583973 0.599517
vt 0.578316 0.608764
vt 0.577612 0.608253
vt 0.369215 0.964057
vt 0.369215 0.964924
vt 0.369215 0.963187
vt 0.380007 0.963187
vt 0.380007 0.964057
vt 0.380007 0.964924
vt 0.369215 0.962314
vt 0.380007 0.962314
vt 0.569430 0.615159
vt 0.570045 0.615773
vt 0.562019 0.622642
vt 0.561507 0.621939
vt 0.570660 0.616388
vt 0.571275 0.617003
vt 0.563042 0.624049
vt 0.562530 0.623346
vt 0.390799 0.964057
vt 0.390799 0.964924
vt 0.390799 0.963187
vt 0.401590 0.963187
vt 0.401590 0.964057
vt 0.401590 0.964924
vt 0.390799 0.962314
vt 0.401590 0.962314
vt 0.552614 0.627387
vt 0.553009 0.628161
vt 0.543252 0.632216
vt 0.542983 0.631389
vt 0.553404 0.628936
vt 0.553800 0.629711
vt 0.543790 0.633870
vt 0.543521 0.633043
vt 0.412379 0.964057
vt 0.412379 0.964924
vt 0.412379 0.963187
vt 0.423166 0.963187
vt 0.423166 0.964057
vt 0.423166 0.964924
vt 0.412379 0.962314
vt 0.423166 0.962314
vt 0.532841 0.633822
vt 0.532977 0.634680
vt 0.522444 0.635520
vt 0.522444 0.634651
vt 0.533113 0.635539
vt 0.533250 0.636399
vt 0.522445 0.637260
vt 0.522444 0.636390
vt 0.433939 0.964057
vt 0.433939 0.964924
vt 0.433939 0.963187
vt 0.444688 0.963187
vt 0.444688 0.964057
vt 0.444688 0.964924
vt 0.433939 0.962314
vt 0.444688 0.962314
vt 0.512046 0.633830
vt 0.511910 0.634689
vt 0.501633 0.632232
vt 0.501902 0.631405
vt 0.511774 0.635548
vt 0.511638 0.636407
vt 0.501096 0.633887
vt 0.501365 0.633059
vt 0.013423 0.964924
vt 0.013423 0.964057
vt 0.024160 0.964057
vt 0.024160 0.964924
vt 0.013423 0.963187
vt 0.024160 0.963187
vt 0.034939 0.963187
vt 0.034939 0.964057
vt 0.034939 0.964924
vt 0.013423 0.962314
vt 0.024160 0.962314
vt 0.034939 0.962314
vt 0.492266 0.627411
vt 0.491872 0.628186
vt 0.482858 0.622673
vt 0.483368 0.621970
vt 0.491477 0.628961
vt 0.491082 0.629736
vt 0.481835 0.624081
vt 0.482346 0.623377
vt 0.045723 0.964057
vt 0.045723 0.964924
vt 0.045723 0.963187
vt 0.056516 0.963187
vt 0.056516 0.964057
vt 0.056516 0.964924
vt 0.045723 0.962314
vt 0.056516 0.962314
vt 0.475439 0.615194
vt 0.474825 0.615808
vt 0.467955 0.607780
vt 0.468658 0.607269
vt 0.474210 0.616423
vt 0.473594 0.617039
vt 0.466548 0.608803
vt 0.467252 0.608291
vt 0.067307 0.964057
vt 0.067307 0.964924
vt 0.067307 0.963187
vt 0.078102 0.963187
vt 0.078102 0.964057
vt 0.078102 0.964924
vt 0.067307 0.962314
vt 0.078102 0.962314
vt 0.463211 0.598374
vt 0.462437 0.598769
vt 0.458385 0.589011
vt 0.459211 0.588742
vt 0.461662 0.599164
vt 0.460887 0.599559
vt 0.456730 0.589548
vt 0.457558 0.589279
vt 0.088895 0.964057
vt 0.088895 0.964924
vt 0.088895 0.963187
vt 0.099690 0.963187
vt 0.099690 0.964057
vt 0.099690 0.964924
vt 0.088895 0.962314
vt 0.099690 0.962314
vt 0.456780 0.578599
vt 0.455921 0.578736
vt 0.455083 0.568203
vt 0.455952 0.568203
vt 0.455062 0.578872
vt 0.454203 0.579008
vt 0.453343 0.568203
vt 0.454213 0.568203
vt 0.110483 0.964057
vt 0.110483 0.964924
vt 0.110483 0.963187
vt 0.121278 0.963187
vt 0.121278 0.964057
vt 0.121278 0.964924
vt 0.110483 0.962314
vt 0.121278 0.962314
vt 0.456773 0.557806
vt 0.455915 0.557670
vt 0.458372 0.547394
vt 0.459199 0.547662
vt 0.455056 0.557534
vt 0.454196 0.557398
vt 0.456718 0.546856
vt 0.457545 0.547125
vt 0.132072 0.964057
vt 0.132072 0.964924
vt 0.132072 0.963187
vt 0.142867 0.963187
vt 0.142867 0.964057
vt 0.142867 0.964924
vt 0.132072 0.962314
vt 0.142867 0.962314
vt 0.463193 0.538028
vt 0.462418 0.537633
vt 0.467931 0.528620
vt 0.468634 0.529131
vt 0.461643 0.537239
vt 0.460868 0.536844
vt 0.466523 0.527597
vt 0.467227 0.528109
vt 0.153662 0.964057
vt 0.153662 0.964924
vt 0.153662 0.963187
vt 0.164457 0.963187
vt 0.164457 0.964057
vt 0.164457 0.964924
vt 0.153662 0.962314
vt 0.164457 0.962314
vt 0.475409 0.521202
vt 0.474794 0.520587
vt 0.482822 0.513718
vt 0.483334 0.514421
vt 0.474179 0.519972
vt 0.473564 0.519357
vt 0.481799 0.512311
vt 0.482311 0.513015
vt 0.175252 0.964057
vt 0.175252 0.964924
vt 0.175252 0.963187
vt 0.186048 0.963187
vt 0.186048 0.964057
vt 0.186048 0.964924
vt 0.175252 0.962314
vt 0.186048 0.962314
vt 0.492227 0.508974
vt 0.491832 0.508200
vt 0.501590 0.504148
vt 0.501859 0.504974
vt 0.491437 0.507425
vt 0.491042 0.506650
vt 0.501052 0.502493
vt 0.501321 0.503321
vt 0.196825 0.964057
vt 0.196825 0.964924
vt 0.196825 0.963187
vt 0.207574 0.963187
vt 0.207574 0.964057
vt 0.207574 0.964924
vt 0.196825 0.962314
vt 0.207574 0.962314
vt 0.512001 0.502542
vt 0.511864 0.501683
vt 0.522397 0.500845
vt 0.522397 0.501714
vt 0.511728 0.500824
vt 0.511592 0.499965
vt 0.522396 0.499105
vt 0.522397 0.499975
vt 0.218324 0.964057
vt 0.218324 0.964924
vt 0.218324 0.963187
vt 0.229074 0.963187
vt 0.229074 0.964057
vt 0.229074 0.964924
vt 0.218324 0.962314
vt 0.229074 0.962314
vt 0.532794 0.502535
vt 0.532930 0.501676
vt 0.543206 0.504133
vt 0.542938 0.504960
vt 0.533066 0.500817
vt 0.533202 0.499958
vt 0.543744 0.502478
vt 0.543475 0.503306
vt 0.239824 0.964057
vt 0.239824 0.964924
vt 0.239824 0.963187
vt 0.250574 0.963187
vt 0.250574 0.964057
vt 0.250574 0.964924
vt 0.239824 0.962314
vt 0.250574 0.962314
vt 0.552573 0.508954
vt 0.552967 0.508179
vt 0.561981 0.513692
vt 0.561471 0.514395
vt 0.553362 0.507404
vt 0.553757 0.506629
vt 0.563004 0.512284
vt 0.562492 0.512988
vt 0.261323 0.964057
vt 0.261323 0.964924
vt 0.261323 0.963187
vt 0.272080 0.963187
vt 0.272080 0.964057
vt 0.272080 0.964924
vt 0.261323 0.962314
vt 0.272080 0.962314
vt 0.569400 0.521171
vt 0.570014 0.520556
vt 0.576884 0.528584
vt 0.576181 0.529095
vt 0.570629 0.519941
vt 0.571244 0.519325
vt 0.578291 0.527561
vt 0.577587 0.528073
vt 0.282874 0.964057
vt 0.282874 0.964924
vt 0.282874 0.963187
vt 0.293667 0.963187
vt 0.293667 0.964057
vt 0.293667 0.964924
vt 0.282874 0.962314
vt 0.293667 0.962314
vt 0.581627 0.537990
vt 0.582402 0.537595
vt 0.586454 0.547353
vt 0.585627 0.547622
vt 0.583177 0.537200
vt 0.583952 0.536805
vt 0.588109 0.546815
vt 0.587281 0.547084
vt 0.304460 0.964057
vt 0.304460 0.964924
vt 0.304460 0.963187
vt 0.315254 0.963187
vt 0.315254 0.964057
vt 0.315254 0.964924
vt 0.304460 0.962314
vt 0.315254 0.962314
vt 0.588059 0.557763
vt 0.588917 0.557627
vt 0.589776 0.557491
vt 0.590636 0.557355
vt 0.326046 0.964057
vt 0.326046 0.964924
vt 0.326046 0.963187
vt 0.326046 0.962314
vt 0.250362 0.975946
vt 0.250362 0.982008
vt 0.242958 0.982008
vt 0.242958 0.975946
vt 0.250362 0.982499
vt 0.242958 0.982499
vt 0.235554 0.982499
vt 0.235554 0.982008
vt 0.235554 0.975946
vt 0.565664 0.699204
vt 0.567435 0.706310
vt 0.568080 0.713606
vt 0.562796 0.692464
vt 0.558915 0.686253
vt 0.257767 0.982008
vt 0.257767 0.982499
vt 0.257767 0.975946
vt 0.265171 0.982008
vt 0.265171 0.975946
vt 0.265171 0.982499
vt 0.554105 0.680729
vt 0.548495 0.676021
vt 0.272575 0.982008
vt 0.272575 0.982499
vt 0.272575 0.975946
vt 0.279980 0.982008
vt 0.279980 0.975946
vt 0.279980 0.982499
vt 0.542213 0.672254
vt 0.535422 0.669510
vt 0.287384 0.982008
vt 0.287384 0.982499
vt 0.287384 0.975946
vt 0.294789 0.982008
vt 0.294789 0.975946
vt 0.294789 0.982499
vt 0.528284 0.667869
vt 0.520978 0.667358
vt 0.302193 0.982008
vt 0.302193 0.982499
vt 0.302193 0.975946
vt 0.309597 0.982008
vt 0.309597 0.975946
vt 0.309597 0.982499
vt 0.513682 0.668003
vt 0.506576 0.669774
vt 0.013423 0.982499
vt 0.013423 0.982008
vt 0.020827 0.982008
vt 0.020827 0.982499
vt 0.013423 0.975946
vt 0.020827 0.975946
vt 0.028232 0.982008
vt 0.028232 0.975946
vt 0.028232 0.982499
vt 0.499836 0.672642
vt 0.493625 0.676523
vt 0.035636 0.982008
vt 0.035636 0.982499
vt 0.035636 0.975946
vt 0.043040 0.982008
vt 0.043040 0.975946
vt 0.043040 0.982499
vt 0.488102 0.681333
vt 0.483394 0.686944
vt 0.050445 0.982008
vt 0.050445 0.982499
vt 0.050445 0.975946
vt 0.057849 0.982008
vt 0.057849 0.975946
vt 0.057849 0.982499
vt 0.479628 0.693225
vt 0.476884 0.700016
vt 0.065254 0.982008
vt 0.065254 0.982499
vt 0.065254 0.975946
vt 0.072658 0.982008
vt 0.072658 0.975946
vt 0.072658 0.982499
vt 0.475243 0.707153
vt 0.474732 0.714459
vt 0.080062 0.982008
vt 0.080062 0.982499
vt 0.080062 0.975946
vt 0.087467 0.982008
vt 0.087467 0.975946
vt 0.087467 0.982499
vt 0.475378 0.721754
vt 0.477150 0.728860
vt 0.094871 0.982008
vt 0.094871 0.982499
vt 0.094871 0.975946
vt 0.102275 0.982008
vt 0.102275 0.975946
vt 0.102275 0.982499
vt 0.480018 0.735599
vt 0.483899 0.741810
vt 0.109680 0.982008
vt 0.109680 0.982499
vt 0.109680 0.975946
vt 0.117084 0.982008
vt 0.117084 0.975946
vt 0.117084 0.982499
vt 0.488709 0.747332
vt 0.494319 0.752041
vt 0.124488 0.982008
vt 0.124488 0.982499
vt 0.124488 0.975946
vt 0.131893 0.982008
vt 0.131893 0.975946
vt 0.131893 0.982499
vt 0.500599 0.755808
vt 0.507389 0.758552
vt 0.139297 0.982008
vt 0.139297 0.982499
vt 0.139297 0.975946
vt 0.146701 0.982008
vt 0.146701 0.975946
vt 0.146701 0.982499
vt 0.514527 0.760194
vt 0.521832 0.760706
vt 0.154106 0.982008
vt 0.154106 0.982499
vt 0.154106 0.975946
vt 0.161510 0.982008
vt 0.161510 0.975946
vt 0.161510 0.982499
vt 0.529128 0.760061
vt 0.536234 0.758290
vt 0.168915 0.982008
vt 0.168915 0.982499
vt 0.168915 0.975946
vt 0.176319 0.982008
vt 0.176319 0.975946
vt 0.176319 0.982499
vt 0.542973 0.755423
vt 0.549185 0.751542
vt 0.183723 0.982008
vt 0.183723 0.982499
vt 0.183723 0.975946
vt 0.191128 0.982008
vt 0.191128 0.975946
vt 0.191128 0.982499
vt 0.554708 0.746732
vt 0.559416 0.741122
vt 0.198532 0.982008
vt 0.198532 0.982499
vt 0.198532 0.975946
vt 0.205936 0.982008
vt 0.205936 0.975946
vt 0.205936 0.982499
vt 0.563183 0.734841
vt 0.565927 0.728050
vt 0.213341 0.982008
vt 0.213341 0.982499
vt 0.213341 0.975946
vt 0.220745 0.982008
vt 0.220745 0.975946
vt 0.220745 0.982499
vt 0.567569 0.720913
vt 0.228149 0.982008
vt 0.228149 0.982499
vt 0.228149 0.975946
vt 0.250362 0.975098
vt 0.242958 0.975098
vt 0.235554 0.975098
vt 0.250362 0.973632
vt 0.250362 0.974317
vt 0.242958 0.974317
vt 0.242958 0.973632
vt 0.235554 0.974317
vt 0.235554 0.973632
vt 0.582385 0.969750
vt 0.578402 0.975101
vt 0.546412 0.947091
vt 0.583113 0.970209
vt 0.579054 0.975673
vt 0.574174 0.980420
vt 0.573622 0.979756
vt 0.583842 0.970668
vt 0.579708 0.976245
vt 0.584570 0.971127
vt 0.580361 0.976817
vt 0.575277 0.981749
vt 0.574726 0.981085
vt 0.257767 0.975098
vt 0.265171 0.975098
vt 0.257767 0.974317
vt 0.257767 0.973632
vt 0.265171 0.973632
vt 0.265171 0.974317
vt 0.587081 0.964529
vt 0.587876 0.964871
vt 0.586286 0.964187
vt 0.588475 0.957741
vt 0.589313 0.957954
vt 0.590152 0.958168
vt 0.585491 0.963845
vt 0.587637 0.957528
vt 0.272575 0.975098
vt 0.279980 0.975098
vt 0.272575 0.974317
vt 0.272575 0.973632
vt 0.279980 0.973632
vt 0.279980 0.974317
vt 0.590480 0.951108
vt 0.591341 0.951187
vt 0.589619 0.951029
vt 0.589702 0.944220
vt 0.590565 0.944162
vt 0.591427 0.944105
vt 0.588758 0.950950
vt 0.588840 0.944277
vt 0.287384 0.975098
vt 0.294789 0.975098
vt 0.287384 0.974317
vt 0.287384 0.973632
vt 0.294789 0.973632
vt 0.294789 0.974317
vt 0.589557 0.937290
vt 0.590400 0.937098
vt 0.588714 0.937482
vt 0.586688 0.930980
vt 0.587491 0.930659
vt 0.588293 0.930338
vt 0.587871 0.937673
vt 0.585886 0.931301
vt 0.302193 0.975098
vt 0.309597 0.975098
vt 0.302193 0.974317
vt 0.302193 0.973632
vt 0.309597 0.973632
vt 0.309597 0.974317
vt 0.584409 0.924435
vt 0.585151 0.923992
vt 0.583666 0.924878
vt 0.579731 0.919321
vt 0.580395 0.918767
vt 0.581059 0.918213
vt 0.582924 0.925321
vt 0.579068 0.919874
vt 0.013423 0.975098
vt 0.020827 0.975098
vt 0.028232 0.975098
vt 0.013423 0.974317
vt 0.020827 0.974317
vt 0.013423 0.973632
vt 0.020827 0.973632
vt 0.028232 0.973632
vt 0.028232 0.974317
vt 0.575541 0.913800
vt 0.576111 0.913150
vt 0.574972 0.914451
vt 0.569513 0.910382
vt 0.569973 0.909651
vt 0.570434 0.908919
vt 0.574403 0.915102
vt 0.569053 0.911114
vt 0.035636 0.975098
vt 0.043040 0.975098
vt 0.035636 0.974317
vt 0.035636 0.973632
vt 0.043040 0.973632
vt 0.043040 0.974317
vt 0.563823 0.906427
vt 0.564163 0.905632
vt 0.563483 0.907222
vt 0.557034 0.905039
vt 0.557246 0.904201
vt 0.557458 0.903363
vt 0.563143 0.908016
vt 0.556823 0.905877
vt 0.050445 0.975098
vt 0.057849 0.975098
vt 0.050445 0.974317
vt 0.050445 0.973632
vt 0.057849 0.973632
vt 0.057849 0.974317
vt 0.550401 0.903036
vt 0.550479 0.902175
vt 0.550323 0.903897
vt 0.543516 0.903813
vt 0.543458 0.902951
vt 0.543401 0.902088
vt 0.550245 0.904758
vt 0.543574 0.904676
vt 0.065254 0.975098
vt 0.072658 0.975098
vt 0.065254 0.974317
vt 0.065254 0.973632
vt 0.072658 0.973632
vt 0.072658 0.974317
vt 0.536589 0.903958
vt 0.536397 0.903115
vt 0.536781 0.904801
vt 0.530281 0.906825
vt 0.529960 0.906023
vt 0.529639 0.905220
vt 0.536973 0.905644
vt 0.530603 0.907628
vt 0.080062 0.975098
vt 0.087467 0.975098
vt 0.080062 0.974317
vt 0.080062 0.973632
vt 0.087467 0.973632
vt 0.087467 0.974317
vt 0.523738 0.909103
vt 0.523295 0.908361
vt 0.524181 0.909846
vt 0.518626 0.913779
vt 0.518072 0.913115
vt 0.517518 0.912451
vt 0.524624 0.910588
vt 0.519179 0.914443
vt 0.094871 0.975098
vt 0.102275 0.975098
vt 0.094871 0.974317
vt 0.094871 0.973632
vt 0.102275 0.973632
vt 0.102275 0.974317
vt 0.513107 0.917967
vt 0.512456 0.917398
vt 0.513757 0.918537
vt 0.509689 0.923994
vt 0.508958 0.923534
vt 0.508226 0.923073
vt 0.514408 0.919106
vt 0.510421 0.924454
vt 0.109680 0.975098
vt 0.117084 0.975098
vt 0.109680 0.974317
vt 0.109680 0.973632
vt 0.117084 0.973632
vt 0.117084 0.974317
vt 0.505735 0.929683
vt 0.504940 0.929343
vt 0.506530 0.930023
vt 0.504347 0.936470
vt 0.503509 0.936259
vt 0.502671 0.936047
vt 0.507324 0.930363
vt 0.505185 0.936682
vt 0.124488 0.975098
vt 0.131893 0.975098
vt 0.124488 0.974317
vt 0.124488 0.973632
vt 0.131893 0.973632
vt 0.131893 0.974317
vt 0.502344 0.943102
vt 0.501483 0.943024
vt 0.503205 0.943180
vt 0.503122 0.949986
vt 0.502259 0.950044
vt 0.501397 0.950101
vt 0.504066 0.943258
vt 0.503984 0.949928
vt 0.139297 0.975098
vt 0.146701 0.975098
vt 0.139297 0.974317
vt 0.139297 0.973632
vt 0.146701 0.973632
vt 0.146701 0.974317
vt 0.503266 0.956912
vt 0.502423 0.957104
vt 0.504109 0.956720
vt 0.506133 0.963219
vt 0.505330 0.963540
vt 0.504528 0.963861
vt 0.504952 0.956529
vt 0.506935 0.962897
vt 0.154106 0.975098
vt 0.161510 0.975098
vt 0.154106 0.974317
vt 0.154106 0.973632
vt 0.161510 0.973632
vt 0.161510 0.974317
vt 0.508410 0.969761
vt 0.507667 0.970204
vt 0.509153 0.969318
vt 0.513085 0.974873
vt 0.512421 0.975426
vt 0.511757 0.975980
vt 0.509895 0.968875
vt 0.513749 0.974319
vt 0.168915 0.975098
vt 0.176319 0.975098
vt 0.168914 0.974317
vt 0.168915 0.973632
vt 0.176319 0.973632
vt 0.176319 0.974317
vt 0.517272 0.980390
vt 0.516703 0.981041
vt 0.517841 0.979740
vt 0.523297 0.983807
vt 0.522837 0.984538
vt 0.522377 0.985270
vt 0.518411 0.979089
vt 0.523758 0.983075
vt 0.183723 0.975098
vt 0.191128 0.975098
vt 0.183723 0.974317
vt 0.183723 0.973632
vt 0.191128 0.973632
vt 0.191128 0.974317
vt 0.528984 0.987760
vt 0.528644 0.988555
vt 0.529325 0.986966
vt 0.535770 0.989147
vt 0.535558 0.989985
vt 0.535346 0.990823
vt 0.529665 0.986171
vt 0.535982 0.988309
vt 0.198532 0.975098
vt 0.205936 0.975098
vt 0.198532 0.974317
vt 0.198532 0.973632
vt 0.205936 0.973632
vt 0.205936 0.974317
vt 0.542400 0.991150
vt 0.542322 0.992011
vt 0.542478 0.990289
vt 0.549282 0.990372
vt 0.549339 0.991234
vt 0.549396 0.992097
vt 0.542556 0.989428
vt 0.549225 0.989509
vt 0.213341 0.975098
vt 0.220745 0.975098
vt 0.213341 0.974317
vt 0.213341 0.973632
vt 0.220745 0.973632
vt 0.220745 0.974317
vt 0.556206 0.990228
vt 0.556397 0.991071
vt 0.556015 0.989385
vt 0.562512 0.987363
vt 0.562832 0.988166
vt 0.563152 0.988968
vt 0.555823 0.988542
vt 0.562192 0.986560
vt 0.228149 0.975098
vt 0.228149 0.974317
vt 0.228149 0.973632
vt 0.569054 0.985089
vt 0.569495 0.985832
vt 0.568613 0.984346
vt 0.568172 0.983604
vn 0.368375 0.917034 -0.152801
vn 0.368375 0.917034 -0.152801
vn 0.368375 0.917034 -0.152801
vn 0.368375 0.917034 -0.152801
vn 0.142617 0.987107 -0.072667
vn 0.152205 0.987111 -0.049455
vn 0.132182 0.990295 -0.042949
vn 0.123855 0.990292 -0.063107
vn 0.129473 0.987111 -0.094065
vn 0.142617 0.987107 -0.072667
vn 0.123855 0.990292 -0.063107
vn 0.112440 0.990295 -0.081691
vn 0.421909 0.880781 -0.214982
vn 0.142617 0.987107 -0.072667
vn 0.129473 0.987111 -0.094065
vn 0.383028 0.880819 -0.278294
vn 0.715507 0.658789 -0.232478
vn 0.592365 0.782343 -0.192466
vn 0.555021 0.782290 -0.282797
vn 0.670373 0.658733 -0.341570
vn 0.592365 0.782343 -0.192466
vn 0.450279 0.880820 -0.146304
vn 0.421909 0.880781 -0.214982
vn 0.555021 0.782290 -0.282797
vn 0.555021 0.782290 -0.282797
vn 0.421909 0.880781 -0.214982
vn 0.383028 0.880819 -0.278294
vn 0.503900 0.782338 -0.366105
vn 0.670373 0.658733 -0.341570
vn 0.555021 0.782290 -0.282797
vn 0.503900 0.782338 -0.366105
vn 0.608646 0.658788 -0.442209
vn 0.932231 0.197981 -0.302901
vn 0.873376 0.197948 -0.445007
vn 0.878435 0.167399 -0.447582
vn 0.937637 0.167404 -0.304653
vn 0.873376 0.197948 -0.445007
vn 0.793003 0.197981 -0.576151
vn 0.797601 0.167404 -0.579490
vn 0.878435 0.167399 -0.447582
vn 0.932231 0.197981 -0.302901
vn 0.815920 0.513797 -0.265117
vn 0.764430 0.513743 -0.389507
vn 0.873376 0.197948 -0.445007
vn 0.815920 0.513797 -0.265117
vn 0.715507 0.658789 -0.232478
vn 0.670373 0.658733 -0.341570
vn 0.764430 0.513743 -0.389507
vn 0.764430 0.513743 -0.389507
vn 0.670373 0.658733 -0.341570
vn 0.608646 0.658788 -0.442209
vn 0.694063 0.513797 -0.504272
vn 0.873376 0.197948 -0.445007
vn 0.764430 0.513743 -0.389507
vn 0.694063 0.513797 -0.504272
vn 0.793003 0.197981 -0.576151
vn 0.383028 0.880819 -0.278294
vn 0.129473 0.987111 -0.094065
vn 0.113181 0.987107 -0.113181
vn 0.334830 0.880782 -0.334832
vn 0.113181 0.987107 -0.113181
vn 0.129473 0.987111 -0.094065
vn 0.112440 0.990295 -0.081691
vn 0.098292 0.990292 -0.098292
vn 0.094068 0.987111 -0.129473
vn 0.113181 0.987107 -0.113181
vn 0.098292 0.990292 -0.098292
vn 0.081693 0.990295 -0.112441
vn 0.334830 0.880782 -0.334832
vn 0.113181 0.987107 -0.113181
vn 0.094068 0.987111 -0.129473
vn 0.278287 0.880821 -0.383029
vn 0.608646 0.658788 -0.442209
vn 0.503900 0.782338 -0.366105
vn 0.440469 0.782289 -0.440466
vn 0.532013 0.658737 -0.532004
vn 0.503900 0.782338 -0.366105
vn 0.383028 0.880819 -0.278294
vn 0.334830 0.880782 -0.334832
vn 0.440469 0.782289 -0.440466
vn 0.440469 0.782289 -0.440466
vn 0.334830 0.880782 -0.334832
vn 0.278287 0.880821 -0.383029
vn 0.366107 0.782342 -0.503891
vn 0.532013 0.658737 -0.532004
vn 0.440469 0.782289 -0.440466
vn 0.366107 0.782342 -0.503891
vn 0.442208 0.658791 -0.608643
vn 0.797601 0.167404 -0.579490
vn 0.793003 0.197981 -0.576151
vn 0.693114 0.197947 -0.693117
vn 0.697130 0.167399 -0.697128
vn 0.693114 0.197947 -0.693117
vn 0.576150 0.197981 -0.793004
vn 0.579492 0.167404 -0.797600
vn 0.697130 0.167399 -0.697128
vn 0.793003 0.197981 -0.576151
vn 0.694063 0.513797 -0.504272
vn 0.606655 0.513745 -0.606660
vn 0.693114 0.197947 -0.693117
vn 0.694063 0.513797 -0.504272
vn 0.608646 0.658788 -0.442209
vn 0.532013 0.658737 -0.532004
vn 0.606655 0.513745 -0.606660
vn 0.606655 0.513745 -0.606660
vn 0.532013 0.658737 -0.532004
vn 0.442208 0.658791 -0.608643
vn 0.504262 0.513794 -0.694071
vn 0.693114 0.197947 -0.693117
vn 0.606655 0.513745 -0.606660
vn 0.504262 0.513794 -0.694071
vn 0.576150 0.197981 -0.793004
vn 0.278287 0.880821 -0.383029
vn 0.094068 0.987111 -0.129473
vn 0.072667 0.987107 -0.142616
vn 0.214974 0.880782 -0.421911
vn 0.072667 0.987107 -0.142616
vn 0.094068 0.987111 -0.129473
vn 0.081693 0.990295 -0.112441
vn 0.063107 0.990292 -0.123854
vn 0.049454 0.987111 -0.152204
vn 0.072667 0.987107 -0.142616
vn 0.063107 0.990292 -0.123854
vn 0.042948 0.990295 -0.132181
vn 0.214974 0.880782 -0.421911
vn 0.072667 0.987107 -0.142616
vn 0.049454 0.987111 -0.152204
vn 0.146304 0.880822 -0.450275
vn 0.442208 0.658791 -0.608643
vn 0.366107 0.782342 -0.503891
vn 0.282800 0.782295 -0.555012
vn 0.341570 0.658732 -0.670374
vn 0.366107 0.782342 -0.503891
vn 0.278287 0.880821 -0.383029
vn 0.214974 0.880782 -0.421911
vn 0.282800 0.782295 -0.555012
vn 0.282800 0.782295 -0.555012
vn 0.214974 0.880782 -0.421911
vn 0.146304 0.880822 -0.450275
vn 0.192473 0.782340 -0.592367
vn 0.341570 0.658732 -0.670374
vn 0.282800 0.782295 -0.555012
vn 0.192473 0.782340 -0.592367
vn 0.232482 0.658790 -0.715505
vn 0.579492 0.167404 -0.797600
vn 0.576150 0.197981 -0.793004
vn 0.445007 0.197948 -0.873376
vn 0.447585 0.167399 -0.878433
vn 0.445007 0.197948 -0.873376
vn 0.302900 0.197981 -0.932231
vn 0.304657 0.167404 -0.937635
vn 0.447585 0.167399 -0.878433
vn 0.576150 0.197981 -0.793004
vn 0.504262 0.513794 -0.694071
vn 0.389490 0.513737 -0.764442
vn 0.445007 0.197948 -0.873376
vn 0.504262 0.513794 -0.694071
vn 0.442208 0.658791 -0.608643
vn 0.341570 0.658732 -0.670374
vn 0.389490 0.513737 -0.764442
vn 0.389490 0.513737 -0.764442
vn 0.341570 0.658732 -0.670374
vn 0.232482 0.658790 -0.715505
vn 0.265105 0.513793 -0.815927
vn 0.445007 0.197948 -0.873376
vn 0.389490 0.513737 -0.764442
vn 0.265105 0.513793 -0.815927
vn 0.302900 0.197981 -0.932231
vn 0.146304 0.880822 -0.450275
vn 0.049454 0.987111 -0.152204
vn 0.025039 0.987107 -0.158091
vn 0.074075 0.880783 -0.467691
vn 0.025039 0.987107 -0.158091
vn 0.049454 0.987111 -0.152204
vn 0.042948 0.990295 -0.132181
vn 0.021745 0.990292 -0.137292
vn 0.000000 0.987111 -0.160037
vn 0.025039 0.987107 -0.158091
vn 0.021745 0.990292 -0.137292
vn 0.000000 0.990295 -0.138982
vn 0.074075 0.880783 -0.467691
vn 0.025039 0.987107 -0.158091
vn 0.000000 0.987111 -0.160037
vn 0.000000 0.880817 -0.473456
vn 0.232482 0.658790 -0.715505
vn 0.192473 0.782340 -0.592367
vn 0.097445 0.782288 -0.615248
vn 0.117698 0.658736 -0.743111
vn 0.192473 0.782340 -0.592367
vn 0.146304 0.880822 -0.450275
vn 0.074075 0.880783 -0.467691
vn 0.097445 0.782288 -0.615248
vn 0.097445 0.782288 -0.615248
vn 0.074075 0.880783 -0.467691
vn 0.000000 0.880817 -0.473456
vn 0.000000 0.782339 -0.622854
vn 0.117698 0.658736 -0.743111
vn 0.097445 0.782288 -0.615248
vn 0.000000 0.782339 -0.622854
vn 0.000000 0.658789 -0.752328
vn 0.304657 0.167404 -0.937635
vn 0.302900 0.197981 -0.932231
vn 0.153340 0.197948 -0.968144
vn 0.154228 0.167399 -0.973751
vn 0.153340 0.197948 -0.968144
vn 0.000000 0.197981 -0.980206
vn 0.000000 0.167405 -0.985888
vn 0.154228 0.167399 -0.973751
vn 0.302900 0.197981 -0.932231
vn 0.265105 0.513793 -0.815927
vn 0.134211 0.513743 -0.847382
vn 0.153340 0.197948 -0.968144
vn 0.265105 0.513793 -0.815927
vn 0.232482 0.658790 -0.715505
vn 0.117698 0.658736 -0.743111
vn 0.134211 0.513743 -0.847382
vn 0.134211 0.513743 -0.847382
vn 0.117698 0.658736 -0.743111
vn 0.000000 0.658789 -0.752328
vn 0.000000 0.513792 -0.857915
vn 0.153340 0.197948 -0.968144
vn 0.134211 0.513743 -0.847382
vn 0.000000 0.513792 -0.857915
vn 0.000000 0.197981 -0.980206
vn 0.000000 0.880817 -0.473456
vn 0.000000 0.987111 -0.160037
vn -0.025039 0.987107 -0.158093
vn -0.074075 0.880778 -0.467700
vn -0.025039 0.987107 -0.158093
vn 0.000000 0.987111 -0.160037
vn 0.000000 0.990295 -0.138982
vn -0.021745 0.990292 -0.137294
vn -0.049454 0.987111 -0.152205
vn -0.025039 0.987107 -0.158093
vn -0.021745 0.990292 -0.137294
vn -0.042948 0.990295 -0.132182
vn -0.074075 0.880778 -0.467700
vn -0.025039 0.987107 -0.158093
vn -0.049454 0.987111 -0.152205
vn -0.146304 0.880820 -0.450280
vn 0.000000 0.658789 -0.752328
vn 0.000000 0.782339 -0.622854
vn -0.097446 0.782290 -0.615245
vn -0.117697 0.658728 -0.743118
vn 0.000000 0.782339 -0.622854
vn 0.000000 0.880817 -0.473456
vn -0.074075 0.880778 -0.467700
vn -0.097446 0.782290 -0.615245
vn -0.097446 0.782290 -0.615245
vn -0.074075 0.880778 -0.467700
vn -0.146304 0.880820 -0.450280
vn -0.192473 0.782341 -0.592366
vn -0.117697 0.658728 -0.743118
vn -0.097446 0.782290 -0.615245
vn -0.192473 0.782341 -0.592366
vn -0.232482 0.658787 -0.715509
vn 0.000000 0.167405 -0.985888
vn 0.000000 0.197981 -0.980206
vn -0.153340 0.197948 -0.968144
vn -0.154228 0.167399 -0.973751
vn -0.153340 0.197948 -0.968144
vn -0.302901 0.197981 -0.932231
vn -0.304658 0.167405 -0.937635
vn -0.154228 0.167399 -0.973751
vn 0.000000 0.197981 -0.980206
vn 0.000000 0.513792 -0.857915
vn -0.134210 0.513737 -0.847386
vn -0.153340 0.197948 -0.968144
vn 0.000000 0.513792 -0.857915
vn 0.000000 0.658789 -0.752328
vn -0.117697 0.658728 -0.743118
vn -0.134210 0.513737 -0.847386
vn -0.134210 0.513737 -0.847386
vn -0.117697 0.658728 -0.743118
vn -0.232482 0.658787 -0.715509
vn -0.265106 0.513792 -0.815927
vn -0.153340 0.197948 -0.968144
vn -0.134210 0.513737 -0.847386
vn -0.265106 0.513792 -0.815927
vn -0.302901 0.197981 -0.932231
vn -0.146304 0.880820 -0.450280
vn -0.049454 0.987111 -0.152205
vn -0.072667 0.987107 -0.142616
vn -0.214974 0.880785 -0.421906
vn -0.072667 0.987107 -0.142616
vn -0.049454 0.987111 -0.152205
vn -0.042948 0.990295 -0.132182
vn -0.063107 0.990292 -0.123855
vn -0.094068 0.987111 -0.129473
vn -0.072667 0.987107 -0.142616
vn -0.063107 0.990292 -0.123855
vn -0.081693 0.990295 -0.112440
vn -0.214974 0.880785 -0.421906
vn -0.072667 0.987107 -0.142616
vn -0.094068 0.987111 -0.129473
vn -0.278286 0.880819 -0.383033
vn -0.232482 0.658787 -0.715509
vn -0.192473 0.782341 -0.592366
vn -0.282799 0.782291 -0.555019
vn -0.341572 0.658733 -0.670372
vn -0.192473 0.782341 -0.592366
vn -0.146304 0.880820 -0.450280
vn -0.214974 0.880785 -0.421906
vn -0.282799 0.782291 -0.555019
vn -0.282799 0.782291 -0.555019
vn -0.214974 0.880785 -0.421906
vn -0.278286 0.880819 -0.383033
vn -0.366105 0.782338 -0.503899
vn -0.341572 0.658733 -0.670372
vn -0.282799 0.782291 -0.555019
vn -0.366105 0.782338 -0.503899
vn -0.442206 0.658787 -0.608648
vn -0.304658 0.167405 -0.937635
vn -0.302901 0.197981 -0.932231
vn -0.445008 0.197948 -0.873375
vn -0.447587 0.167399 -0.878432
vn -0.445008 0.197948 -0.873375
vn -0.576150 0.197981 -0.793004
vn -0.579492 0.167404 -0.797600
vn -0.447587 0.167399 -0.878432
vn -0.302901 0.197981 -0.932231
vn -0.265106 0.513792 -0.815927
vn -0.389494 0.513741 -0.764437
vn -0.445008 0.197948 -0.873375
vn -0.265106 0.513792 -0.815927
vn -0.232482 0.658787 -0.715509
vn -0.341572 0.658733 -0.670372
vn -0.389494 0.513741 -0.764437
vn -0.389494 0.513741 -0.764437
vn -0.341572 0.658733 -0.670372
vn -0.442206 0.658787 -0.608648
vn -0.504262 0.513793 -0.694072
vn -0.445008 0.197948 -0.873375
vn -0.389494 0.513741 -0.764437
vn -0.504262 0.513793 -0.694072
vn -0.576150 0.197981 -0.793004
vn -0.278286 0.880819 -0.383033
vn -0.094068 0.987111 -0.129473
vn -0.113181 0.987107 -0.113183
vn -0.334829 0.880782 -0.334832
vn -0.113181 0.987107 -0.113183
vn -0.094068 0.987111 -0.129473
vn -0.081693 0.990295 -0.112440
vn -0.098292 0.990292 -0.098292
vn -0.129473 0.987111 -0.094069
vn -0.113181 0.987107 -0.113183
vn -0.098292 0.990292 -0.098292
vn -0.112440 0.990295 -0.081693
vn -0.334829 0.880782 -0.334832
vn -0.113181 0.987107 -0.113183
vn -0.129473 0.987111 -0.094069
vn -0.383029 0.880820 -0.278289
vn -0.442206 0.658787 -0.608648
vn -0.366105 0.782338 -0.503899
vn -0.440469 0.782289 -0.440466
vn -0.532012 0.658735 -0.532008
vn -0.366105 0.782338 -0.503899
vn -0.278286 0.880819 -0.383033
vn -0.334829 0.880782 -0.334832
vn -0.440469 0.782289 -0.440466
vn -0.440469 0.782289 -0.440466
vn -0.334829 0.880782 -0.334832
vn -0.383029 0.880820 -0.278289
vn -0.503900 0.782340 -0.366100
vn -0.532012 0.658735 -0.532008
vn -0.440469 0.782289 -0.440466
vn -0.503900 0.782340 -0.366100
vn -0.608647 0.658790 -0.442204
vn -0.579492 0.167404 -0.797600
vn -0.576150 0.197981 -0.793004
vn -0.693114 0.197947 -0.693117
vn -0.697130 0.167399 -0.697128
vn -0.693114 0.197947 -0.693117
vn -0.793003 0.197981 -0.576151
vn -0.797602 0.167404 -0.579488
vn -0.697130 0.167399 -0.697128
vn -0.576150 0.197981 -0.793004
vn -0.504262 0.513793 -0.694072
vn -0.606651 0.513740 -0.606667
vn -0.693114 0.197947 -0.693117
vn -0.504262 0.513793 -0.694072
vn -0.442206 0.658787 -0.608648
vn -0.532012 0.658735 -0.532008
vn -0.606651 0.513740 -0.606667
vn -0.606651 0.513740 -0.606667
vn -0.532012 0.658735 -0.532008
vn -0.608647 0.658790 -0.442204
vn -0.694061 0.513795 -0.504276
vn -0.693114 0.197947 -0.693117
vn -0.606651 0.513740 -0.606667
vn -0.694061 0.513795 -0.504276
vn -0.793003 0.197981 -0.576151
vn -0.383029 0.880820 -0.278289
vn -0.129473 0.987111 -0.094069
vn -0.142617 0.987107 -0.072667
vn -0.421910 0.880781 -0.214982
vn -0.142617 0.987107 -0.072667
vn -0.129473 0.987111 -0.094069
vn -0.112440 0.990295 -0.081693
vn -0.123855 0.990292 -0.063107
vn -0.152205 0.987111 -0.049457
vn -0.142617 0.987107 -0.072667
vn -0.123855 0.990292 -0.063107
vn -0.132182 0.990295 -0.042951
vn -0.421910 0.880781 -0.214982
vn -0.142617 0.987107 -0.072667
vn -0.152205 0.987111 -0.049457
vn -0.450277 0.880820 -0.146310
vn -0.608647 0.658790 -0.442204
vn -0.503900 0.782340 -0.366100
vn -0.555022 0.782288 -0.282801
vn -0.670372 0.658733 -0.341573
vn -0.503900 0.782340 -0.366100
vn -0.383029 0.880820 -0.278289
vn -0.421910 0.880781 -0.214982
vn -0.555022 0.782288 -0.282801
vn -0.555022 0.782288 -0.282801
vn -0.421910 0.880781 -0.214982
vn -0.450277 0.880820 -0.146310
vn -0.592370 0.782338 -0.192471
vn -0.670372 0.658733 -0.341573
vn -0.555022 0.782288 -0.282801
vn -0.592370 0.782338 -0.192471
vn -0.715507 0.658789 -0.232479
vn -0.797602 0.167404 -0.579488
vn -0.793003 0.197981 -0.576151
vn -0.873376 0.197948 -0.445007
vn -0.878435 0.167399 -0.447582
vn -0.873376 0.197948 -0.445007
vn -0.932231 0.197981 -0.302901
vn -0.937636 0.167404 -0.304655
vn -0.878435 0.167399 -0.447582
vn -0.793003 0.197981 -0.576151
vn -0.694061 0.513795 -0.504276
vn -0.764431 0.513744 -0.389502
vn -0.873376 0.197948 -0.445007
vn -0.694061 0.513795 -0.504276
vn -0.608647 0.658790 -0.442204
vn -0.670372 0.658733 -0.341573
vn -0.764431 0.513744 -0.389502
vn -0.764431 0.513744 -0.389502
vn -0.670372 0.658733 -0.341573
vn -0.715507 0.658789 -0.232479
vn -0.815921 0.513798 -0.265112
vn -0.873376 0.197948 -0.445007
vn -0.764431 0.513744 -0.389502
vn -0.815921 0.513798 -0.265112
vn -0.932231 0.197981 -0.302901
vn -0.450277 0.880820 -0.146310
vn -0.152205 0.987111 -0.049457
vn -0.158092 0.987107 -0.025041
vn -0.467691 0.880783 -0.074076
vn -0.158092 0.987107 -0.025041
vn -0.152205 0.987111 -0.049457
vn -0.132182 0.990295 -0.042951
vn -0.137294 0.990292 -0.021747
vn -0.160038 0.987111 -0.000004
vn -0.158092 0.987107 -0.025041
vn -0.137294 0.990292 -0.021747
vn -0.138984 0.990295 -0.000004
vn -0.467691 0.880783 -0.074076
vn -0.158092 0.987107 -0.025041
vn -0.160038 0.987111 -0.000004
vn -0.473450 0.880821 -0.000001
vn -0.715507 0.658789 -0.232479
vn -0.592370 0.782338 -0.192471
vn -0.615248 0.782288 -0.097442
vn -0.743113 0.658734 -0.117696
vn -0.592370 0.782338 -0.192471
vn -0.450277 0.880820 -0.146310
vn -0.467691 0.880783 -0.074076
vn -0.615248 0.782288 -0.097442
vn -0.615248 0.782288 -0.097442
vn -0.467691 0.880783 -0.074076
vn -0.473450 0.880821 -0.000001
vn -0.622854 0.782338 -0.000001
vn -0.743113 0.658734 -0.117696
vn -0.615248 0.782288 -0.097442
vn -0.622854 0.782338 -0.000001
vn -0.752328 0.658789 0.000000
vn -0.937636 0.167404 -0.304655
vn -0.932231 0.197981 -0.302901
vn -0.968145 0.197947 -0.153339
vn -0.973752 0.167398 -0.154226
vn -0.968145 0.197947 -0.153339
vn -0.980206 0.197980 0.000000
vn -0.985888 0.167404 0.000000
vn -0.973752 0.167398 -0.154226
vn -0.932231 0.197981 -0.302901
vn -0.815921 0.513798 -0.265112
vn -0.847379 0.513746 -0.134215
vn -0.968145 0.197947 -0.153339
vn -0.815921 0.513798 -0.265112
vn -0.715507 0.658789 -0.232479
vn -0.743113 0.658734 -0.117696
vn -0.847379 0.513746 -0.134215
vn -0.847379 0.513746 -0.134215
vn -0.743113 0.658734 -0.117696
vn -0.752328 0.658789 0.000000
vn -0.857910 0.513800 -0.000001
vn -0.968145 0.197947 -0.153339
vn -0.847379 0.513746 -0.134215
vn -0.857910 0.513800 -0.000001
vn -0.980206 0.197980 0.000000
vn -0.473450 0.880821 -0.000001
vn -0.160038 0.987111 -0.000004
vn -0.158092 0.987107 0.025033
vn -0.467691 0.880783 0.074072
vn -0.158092 0.987107 0.025033
vn -0.160038 0.987111 -0.000004
vn -0.138984 0.990295 -0.000004
vn -0.137294 0.990292 0.021738
vn -0.152205 0.987111 0.049455
vn -0.158092 0.987107 0.025033
vn -0.137294 0.990292 0.021738
vn -0.132182 0.990295 0.042949
vn -0.467691 0.880783 0.074072
vn -0.158092 0.987107 0.025033
vn -0.152205 0.987111 0.049455
vn -0.450277 0.880820 0.146308
vn -0.752328 0.658789 0.000000
vn -0.622854 0.782338 -0.000001
vn -0.615248 0.782288 0.097442
vn -0.743113 0.658734 0.117697
vn -0.622854 0.782338 -0.000001
vn -0.473450 0.880821 -0.000001
vn -0.467691 0.880783 0.074072
vn -0.615248 0.782288 0.097442
vn -0.615248 0.782288 0.097442
vn -0.467691 0.880783 0.074072
vn -0.450277 0.880820 0.146308
vn -0.592370 0.782339 0.192468
vn -0.743113 0.658734 0.117697
vn -0.615248 0.782288 0.097442
vn -0.592370 0.782339 0.192468
vn -0.715507 0.658790 0.232478
vn -0.985888 0.167404 0.000000
vn -0.980206 0.197980 0.000000
vn -0.968145 0.197947 0.153339
vn -0.973751 0.167398 0.154227
vn -0.968145 0.197947 0.153339
vn -0.932231 0.197981 0.302902
vn -0.937635 0.167404 0.304657
vn -0.973751 0.167398 0.154227
vn -0.980206 0.197980 0.000000
vn -0.857910 0.513800 -0.000001
vn -0.847379 0.513746 0.134214
vn -0.968145 0.197947 0.153339
vn -0.857910 0.513800 -0.000001
vn -0.752328 0.658789 0.000000
vn -0.743113 0.658734 0.117697
vn -0.847379 0.513746 0.134214
vn -0.847379 0.513746 0.134214
vn -0.743113 0.658734 0.117697
vn -0.715507 0.658790 0.232478
vn -0.815920 0.513798 0.265114
vn -0.968145 0.197947 0.153339
vn -0.847379 0.513746 0.134214
vn -0.815920 0.513798 0.265114
vn -0.932231 0.197981 0.302902
vn -0.450277 0.880820 0.146308
vn -0.152205 0.987111 0.049455
vn -0.142617 0.987107 0.072667
vn -0.421910 0.880782 0.214979
vn -0.142617 0.987107 0.072667
vn -0.152205 0.987111 0.049455
vn -0.132182 0.990295 0.042949
vn -0.123855 0.990292 0.063107
vn -0.129473 0.987111 0.094067
vn -0.142617 0.987107 0.072667
vn -0.123855 0.990292 0.063107
vn -0.112440 0.990295 0.081692
vn -0.421910 0.880782 0.214979
vn -0.142617 0.987107 0.072667
vn -0.129473 0.987111 0.094067
vn -0.383029 0.880821 0.278286
vn -0.715507 0.658790 0.232478
vn -0.592370 0.782339 0.192468
vn -0.555023 0.782289 0.282797
vn -0.670373 0.658734 0.341568
vn -0.592370 0.782339 0.192468
vn -0.450277 0.880820 0.146308
vn -0.421910 0.880782 0.214979
vn -0.555023 0.782289 0.282797
vn -0.555023 0.782289 0.282797
vn -0.421910 0.880782 0.214979
vn -0.383029 0.880821 0.278286
vn -0.503899 0.782338 0.366104
vn -0.670373 0.658734 0.341568
vn -0.555023 0.782289 0.282797
vn -0.503899 0.782338 0.366104
vn -0.608646 0.658789 0.442207
vn -0.937635 0.167404 0.304657
vn -0.932231 0.197981 0.302902
vn -0.873376 0.197947 0.445008
vn -0.878434 0.167398 0.447584
vn -0.873376 0.197947 0.445008
vn -0.793003 0.197981 0.576151
vn -0.797601 0.167404 0.579489
vn -0.878434 0.167398 0.447584
vn -0.932231 0.197981 0.302902
vn -0.815920 0.513798 0.265114
vn -0.764431 0.513745 0.389502
vn -0.873376 0.197947 0.445008
vn -0.815920 0.513798 0.265114
vn -0.715507 0.658790 0.232478
vn -0.670373 0.658734 0.341568
vn -0.764431 0.513745 0.389502
vn -0.764431 0.513745 0.389502
vn -0.670373 0.658734 0.341568
vn -0.608646 0.658789 0.442207
vn -0.694064 0.513798 0.504270
vn -0.873376 0.197947 0.445008
vn -0.764431 0.513745 0.389502
vn -0.694064 0.513798 0.504270
vn -0.793003 0.197981 0.576151
vn -0.383029 0.880821 0.278286
vn -0.129473 0.987111 0.094067
vn -0.113181 0.987107 0.113183
vn -0.334830 0.880783 0.334828
vn -0.113181 0.987107 0.113183
vn -0.129473 0.987111 0.094067
vn -0.112440 0.990295 0.081692
vn -0.098292 0.990291 0.098293
vn -0.094068 0.987111 0.129475
vn -0.113181 0.987107 0.113183
vn -0.098292 0.990291 0.098293
vn -0.081693 0.990294 0.112442
vn -0.334830 0.880783 0.334828
vn -0.113181 0.987107 0.113183
vn -0.094068 0.987111 0.129475
vn -0.278286 0.880819 0.383033
vn -0.608646 0.658789 0.442207
vn -0.503899 0.782338 0.366104
vn -0.440469 0.782290 0.440465
vn -0.532010 0.658732 0.532012
vn -0.503899 0.782338 0.366104
vn -0.383029 0.880821 0.278286
vn -0.334830 0.880783 0.334828
vn -0.440469 0.782290 0.440465
vn -0.440469 0.782290 0.440465
vn -0.334830 0.880783 0.334828
vn -0.278286 0.880819 0.383033
vn -0.366104 0.782339 0.503899
vn -0.532010 0.658732 0.532012
vn -0.440469 0.782290 0.440465
vn -0.366104 0.782339 0.503899
vn -0.442206 0.658785 0.608651
vn -0.797601 0.167404 0.579489
vn -0.793003 0.197981 0.576151
vn -0.693113 0.197947 0.693117
vn -0.697130 0.167398 0.697129
vn -0.693113 0.197947 0.693117
vn -0.576151 0.197981 0.793003
vn -0.579492 0.167404 0.797600
vn -0.697130 0.167398 0.697129
vn -0.793003 0.197981 0.576151
vn -0.694064 0.513798 0.504270
vn -0.606653 0.513743 0.606664
vn -0.693113 0.197947 0.693117
vn -0.694064 0.513798 0.504270
vn -0.608646 0.658789 0.442207
vn -0.532010 0.658732 0.532012
vn -0.606653 0.513743 0.606664
vn -0.606653 0.513743 0.606664
vn -0.532010 0.658732 0.532012
vn -0.442206 0.658785 0.608651
vn -0.504260 0.513792 0.694074
vn -0.693113 0.197947 0.693117
vn -0.606653 0.513743 0.606664
vn -0.504260 0.513792 0.694074
vn -0.576151 0.197981 0.793003
vn -0.278286 0.880819 0.383033
vn -0.094068 0.987111 0.129475
vn -0.072667 0.987107 0.142618
vn -0.214973 0.880781 0.421914
vn -0.072667 0.987107 0.142618
vn -0.094068 0.987111 0.129475
vn -0.081693 0.990294 0.112442
vn -0.063107 0.990291 0.123857
vn -0.049454 0.987111 0.152204
vn -0.072667 0.987107 0.142618
vn -0.063107 0.990291 0.123857
vn -0.042948 0.990295 0.132181
vn -0.214973 0.880781 0.421914
vn -0.072667 0.987107 0.142618
vn -0.049454 0.987111 0.152204
vn -0.146304 0.880820 0.450280
vn -0.442206 0.658785 0.608651
vn -0.366104 0.782339 0.503899
vn -0.282798 0.782288 0.555023
vn -0.341571 0.658732 0.670375
vn -0.366104 0.782339 0.503899
vn -0.278286 0.880819 0.383033
vn -0.214973 0.880781 0.421914
vn -0.282798 0.782288 0.555023
vn -0.282798 0.782288 0.555023
vn -0.214973 0.880781 0.421914
vn -0.146304 0.880820 0.450280
vn -0.192473 0.782340 0.592367
vn -0.341571 0.658732 0.670375
vn -0.282798 0.782288 0.555023
vn -0.192473 0.782340 0.592367
vn -0.232482 0.658790 0.715505
vn -0.579492 0.167404 0.797600
vn -0.576151 0.197981 0.793003
vn -0.445009 0.197948 0.873375
vn -0.447586 0.167399 0.878433
vn -0.445009 0.197948 0.873375
vn -0.302900 0.197981 0.932231
vn -0.304657 0.167404 0.937635
vn -0.447586 0.167399 0.878433
vn -0.576151 0.197981 0.793003
vn -0.504260 0.513792 0.694074
vn -0.389492 0.513738 0.764440
vn -0.445009 0.197948 0.873375
vn -0.504260 0.513792 0.694074
vn -0.442206 0.658785 0.608651
vn -0.341571 0.658732 0.670375
vn -0.389492 0.513738 0.764440
vn -0.389492 0.513738 0.764440
vn -0.341571 0.658732 0.670375
vn -0.232482 0.658790 0.715505
vn -0.265106 0.513794 0.815925
vn -0.445009 0.197948 0.873375
vn -0.389492 0.513738 0.764440
vn -0.265106 0.513794 0.815925
vn -0.302900 0.197981 0.932231
vn -0.146304 0.880820 0.450280
vn -0.049454 0.987111 0.152204
vn -0.025039 0.987107 0.158090
vn -0.074075 0.880782 0.467692
vn -0.025039 0.987107 0.158090
vn -0.049454 0.987111 0.152204
vn -0.042948 0.990295 0.132181
vn -0.021745 0.990292 0.137291
vn 0.000000 0.987111 0.160036
vn -0.025039 0.987107 0.158090
vn -0.021745 0.990292 0.137291
vn 0.000000 0.990295 0.138982
vn -0.074075 0.880782 0.467692
vn -0.025039 0.987107 0.158090
vn 0.000000 0.987111 0.160036
vn 0.000000 0.880820 0.473452
vn -0.232482 0.658790 0.715505
vn -0.192473 0.782340 0.592367
vn -0.097446 0.782290 0.615246
vn -0.117698 0.658734 0.743113
vn -0.192473 0.782340 0.592367
vn -0.146304 0.880820 0.450280
vn -0.074075 0.880782 0.467692
vn -0.097446 0.782290 0.615246
vn -0.097446 0.782290 0.615246
vn -0.074075 0.880782 0.467692
vn 0.000000 0.880820 0.473452
vn 0.000000 0.782338 0.622854
vn -0.117698 0.658734 0.743113
vn -0.097446 0.782290 0.615246
vn 0.000000 0.782338 0.622854
vn 0.000000 0.658789 0.752328
vn -0.304657 0.167404 0.937635
vn -0.302900 0.197981 0.932231
vn -0.153339 0.197947 0.968145
vn -0.154227 0.167398 0.973751
vn -0.153339 0.197947 0.968145
vn 0.000000 0.197981 0.980206
vn 0.000000 0.167404 0.985888
vn -0.154227 0.167398 0.973751
vn -0.302900 0.197981 0.932231
vn -0.265106 0.513794 0.815925
vn -0.134212 0.513745 0.847380
vn -0.153339 0.197947 0.968145
vn -0.265106 0.513794 0.815925
vn -0.232482 0.658790 0.715505
vn -0.117698 0.658734 0.743113
vn -0.134212 0.513745 0.847380
vn -0.134212 0.513745 0.847380
vn -0.117698 0.658734 0.743113
vn 0.000000 0.658789 0.752328
vn 0.000000 0.513795 0.857913
vn -0.153339 0.197947 0.968145
vn -0.134212 0.513745 0.847380
vn 0.000000 0.513795 0.857913
vn 0.000000 0.197981 0.980206
vn 0.000000 0.880820 0.473452
vn 0.000000 0.987111 0.160036
vn 0.025039 0.987107 0.158093
vn 0.074075 0.880778 0.467700
vn 0.025039 0.987107 0.158093
vn 0.000000 0.987111 0.160036
vn 0.000000 0.990295 0.138982
vn 0.021745 0.990292 0.137295
vn 0.049454 0.987111 0.152204
vn 0.025039 0.987107 0.158093
vn 0.021745 0.990292 0.137295
vn 0.042948 0.990295 0.132181
vn 0.074075 0.880778 0.467700
vn 0.025039 0.987107 0.158093
vn 0.049454 0.987111 0.152204
vn 0.146304 0.880820 0.450280
vn 0.000000 0.658789 0.752328
vn 0.000000 0.782338 0.622854
vn 0.097446 0.782290 0.615246
vn 0.117698 0.658734 0.743113
vn 0.000000 0.782338 0.622854
vn 0.000000 0.880820 0.473452
vn 0.074075 0.880778 0.467700
vn 0.097446 0.782290 0.615246
vn 0.097446 0.782290 0.615246
vn 0.074075 0.880778 0.467700
vn 0.146304 0.880820 0.450280
vn 0.192473 0.782340 0.592367
vn 0.117698 0.658734 0.743113
vn 0.097446 0.782290 0.615246
vn 0.192473 0.782340 0.592367
vn 0.232482 0.658789 0.715506
vn 0.000000 0.167404 0.985888
vn 0.000000 0.197981 0.980206
vn 0.153339 0.197948 0.968145
vn 0.154228 0.167399 0.973751
vn 0.153339 0.197948 0.968145
vn 0.302900 0.197981 0.932231
vn 0.304657 0.167405 0.937635
vn 0.154228 0.167399 0.973751
vn 0.000000 0.197981 0.980206
vn 0.000000 0.513795 0.857913
vn 0.134210 0.513737 0.847385
vn 0.153339 0.197948 0.968145
vn 0.000000 0.513795 0.857913
vn 0.000000 0.658789 0.752328
vn 0.117698 0.658734 0.743113
vn 0.134210 0.513737 0.847385
vn 0.134210 0.513737 0.847385
vn 0.117698 0.658734 0.743113
vn 0.232482 0.658789 0.715506
vn 0.265105 0.513792 0.815927
vn 0.153339 0.197948 0.968145
vn 0.134210 0.513737 0.847385
vn 0.265105 0.513792 0.815927
vn 0.302900 0.197981 0.932231
vn 0.146304 0.880820 0.450280
vn 0.049454 0.987111 0.152204
vn 0.072667 0.987107 0.142614
vn 0.214975 0.880786 0.421902
vn 0.072667 0.987107 0.142614
vn 0.049454 0.987111 0.152204
vn 0.042948 0.990295 0.132181
vn 0.063107 0.990292 0.123853
vn 0.094068 0.987111 0.129473
vn 0.072667 0.987107 0.142614
vn 0.063107 0.990292 0.123853
vn 0.081693 0.990295 0.112440
vn 0.214975 0.880786 0.421902
vn 0.072667 0.987107 0.142614
vn 0.094068 0.987111 0.129473
vn 0.278287 0.880822 0.383025
vn 0.232482 0.658789 0.715506
vn 0.192473 0.782340 0.592367
vn 0.282799 0.782290 0.555019
vn 0.341571 0.658731 0.670375
vn 0.192473 0.782340 0.592367
vn 0.146304 0.880820 0.450280
vn 0.214975 0.880786 0.421902
vn 0.282799 0.782290 0.555019
vn 0.282799 0.782290 0.555019
vn 0.214975 0.880786 0.421902
vn 0.278287 0.880822 0.383025
vn 0.366107 0.782343 0.503891
vn 0.341571 0.658731 0.670375
vn 0.282799 0.782290 0.555019
vn 0.366107 0.782343 0.503891
vn 0.442207 0.658788 0.608648
vn 0.304657 0.167405 0.937635
vn 0.302900 0.197981 0.932231
vn 0.445009 0.197948 0.873375
vn 0.447586 0.167399 0.878433
vn 0.445009 0.197948 0.873375
vn 0.576151 0.197981 0.793003
vn 0.579492 0.167404 0.797599
vn 0.447586 0.167399 0.878433
vn 0.302900 0.197981 0.932231
vn 0.265105 0.513792 0.815927
vn 0.389494 0.513741 0.764438
vn 0.445009 0.197948 0.873375
vn 0.265105 0.513792 0.815927
vn 0.232482 0.658789 0.715506
vn 0.341571 0.658731 0.670375
vn 0.389494 0.513741 0.764438
vn 0.389494 0.513741 0.764438
vn 0.341571 0.658731 0.670375
vn 0.442207 0.658788 0.608648
vn 0.504264 0.513796 0.694069
vn 0.445009 0.197948 0.873375
vn 0.389494 0.513741 0.764438
vn 0.504264 0.513796 0.694069
vn 0.576151 0.197981 0.793003
vn 0.278287 0.880822 0.383025
vn 0.094068 0.987111 0.129473
vn 0.113181 0.987107 0.113182
vn 0.334829 0.880782 0.334833
vn 0.113181 0.987107 0.113182
vn 0.094068 0.987111 0.129473
vn 0.081693 0.990295 0.112440
vn 0.098292 0.990292 0.098290
vn 0.129473 0.987111 0.094067
vn 0.113181 0.987107 0.113182
vn 0.098292 0.990292 0.098290
vn 0.112440 0.990295 0.081692
vn 0.334829 0.880782 0.334833
vn 0.113181 0.987107 0.113182
vn 0.129473 0.987111 0.094067
vn 0.383028 0.880820 0.278289
vn 0.442207 0.658788 0.608648
vn 0.366107 0.782343 0.503891
vn 0.440470 0.782291 0.440462
vn 0.532012 0.658734 0.532009
vn 0.366107 0.782343 0.503891
vn 0.278287 0.880822 0.383025
vn 0.334829 0.880782 0.334833
vn 0.440470 0.782291 0.440462
vn 0.440470 0.782291 0.440462
vn 0.334829 0.880782 0.334833
vn 0.383028 0.880820 0.278289
vn 0.503899 0.782337 0.366107
vn 0.532012 0.658734 0.532009
vn 0.440470 0.782291 0.440462
vn 0.503899 0.782337 0.366107
vn 0.608647 0.658788 0.442207
vn 0.579492 0.167404 0.797599
vn 0.576151 0.197981 0.793003
vn 0.693115 0.197948 0.693115
vn 0.697129 0.167398 0.697129
vn 0.693115 0.197948 0.693115
vn 0.793003 0.197981 0.576150
vn 0.797602 0.167404 0.579489
vn 0.697129 0.167398 0.697129
vn 0.576151 0.197981 0.793003
vn 0.504264 0.513796 0.694069
vn 0.606655 0.513745 0.606660
vn 0.693115 0.197948 0.693115
vn 0.504264 0.513796 0.694069
vn 0.442207 0.658788 0.608648
vn 0.532012 0.658734 0.532009
vn 0.606655 0.513745 0.606660
vn 0.606655 0.513745 0.606660
vn 0.532012 0.658734 0.532009
vn 0.608647 0.658788 0.442207
vn 0.694063 0.513798 0.504269
vn 0.693115 0.197948 0.693115
vn 0.606655 0.513745 0.606660
vn 0.694063 0.513798 0.504269
vn 0.793003 0.197981 0.576150
vn 0.383028 0.880820 0.278289
vn 0.129473 0.987111 0.094067
vn 0.142617 0.987107 0.072667
vn 0.421910 0.880784 0.214969
vn 0.142617 0.987107 0.072667
vn 0.129473 0.987111 0.094067
vn 0.112440 0.990295 0.081692
vn 0.123855 0.990292 0.063107
vn 0.152205 0.987111 0.049457
vn 0.142617 0.987107 0.072667
vn 0.123855 0.990292 0.063107
vn 0.132182 0.990295 0.042951
vn 0.421910 0.880784 0.214969
vn 0.142617 0.987107 0.072667
vn 0.152205 0.987111 0.049457
vn 0.450277 0.880822 0.146298
vn 0.608647 0.658788 0.442207
vn 0.503899 0.782337 0.366107
vn 0.555023 0.782288 0.282798
vn 0.670372 0.658731 0.341576
vn 0.503899 0.782337 0.366107
vn 0.383028 0.880820 0.278289
vn 0.421910 0.880784 0.214969
vn 0.555023 0.782288 0.282798
vn 0.555023 0.782288 0.282798
vn 0.421910 0.880784 0.214969
vn 0.450277 0.880822 0.146298
vn 0.592370 0.782339 0.192467
vn 0.670372 0.658731 0.341576
vn 0.555023 0.782288 0.282798
vn 0.592370 0.782339 0.192467
vn 0.715506 0.658788 0.232488
vn 0.797602 0.167404 0.579489
vn 0.793003 0.197981 0.576150
vn 0.873376 0.197947 0.445008
vn 0.878435 0.167399 0.447582
vn 0.873376 0.197947 0.445008
vn 0.932231 0.197981 0.302901
vn 0.937636 0.167404 0.304655
vn 0.878435 0.167399 0.447582
vn 0.793003 0.197981 0.576150
vn 0.694063 0.513798 0.504269
vn 0.764431 0.513744 0.389502
vn 0.873376 0.197947 0.445008
vn 0.694063 0.513798 0.504269
vn 0.608647 0.658788 0.442207
vn 0.670372 0.658731 0.341576
vn 0.764431 0.513744 0.389502
vn 0.764431 0.513744 0.389502
vn 0.670372 0.658731 0.341576
vn 0.715506 0.658788 0.232488
vn 0.815920 0.513798 0.265116
vn 0.873376 0.197947 0.445008
vn 0.764431 0.513744 0.389502
vn 0.815920 0.513798 0.265116
vn 0.932231 0.197981 0.302901
vn 0.450277 0.880822 0.146298
vn 0.152205 0.987111 0.049457
vn 0.158092 0.987107 0.025041
vn 0.467691 0.880783 0.074072
vn 0.158092 0.987107 0.025041
vn 0.152205 0.987111 0.049457
vn 0.132182 0.990295 0.042951
vn 0.137294 0.990292 0.021747
vn 0.160038 0.987111 -0.000001
vn 0.158092 0.987107 0.025041
vn 0.137294 0.990292 0.021747
vn 0.138984 0.990295 -0.000001
vn 0.467691 0.880783 0.074072
vn 0.158092 0.987107 0.025041
vn 0.160038 0.987111 -0.000001
vn 0.473450 0.880821 0.000000
vn 0.715506 0.658788 0.232488
vn 0.592370 0.782339 0.192467
vn 0.615248 0.782289 0.097442
vn 0.743113 0.658733 0.117699
vn 0.592370 0.782339 0.192467
vn 0.450277 0.880822 0.146298
vn 0.467691 0.880783 0.074072
vn 0.615248 0.782289 0.097442
vn 0.615248 0.782289 0.097442
vn 0.467691 0.880783 0.074072
vn 0.473450 0.880821 0.000000
vn 0.622854 0.782338 -0.000001
vn 0.743113 0.658733 0.117699
vn 0.615248 0.782289 0.097442
vn 0.622854 0.782338 -0.000001
vn 0.752328 0.658789 -0.000001
vn 0.937636 0.167404 0.304655
vn 0.932231 0.197981 0.302901
vn 0.968145 0.197947 0.153339
vn 0.973752 0.167398 0.154227
vn 0.968145 0.197947 0.153339
vn 0.980206 0.197981 0.000000
vn 0.985889 0.167403 0.000000
vn 0.973752 0.167398 0.154227
vn 0.932231 0.197981 0.302901
vn 0.815920 0.513798 0.265116
vn 0.847379 0.513746 0.134216
vn 0.968145 0.197947 0.153339
vn 0.815920 0.513798 0.265116
vn 0.715506 0.658788 0.232488
vn 0.743113 0.658733 0.117699
vn 0.847379 0.513746 0.134216
vn 0.847379 0.513746 0.134216
vn 0.743113 0.658733 0.117699
vn 0.752328 0.658789 -0.000001
vn 0.857910 0.513800 0.000000
vn 0.968145 0.197947 0.153339
vn 0.847379 0.513746 0.134216
vn 0.857910 0.513800 0.000000
vn 0.980206 0.197981 0.000000
vn 0.152205 0.987111 -0.049455
vn 0.450279 0.880820 -0.146304
vn 0.467692 0.880783 -0.074070
vn 0.158092 0.987107 -0.025037
vn 0.158092 0.987107 -0.025037
vn 0.467692 0.880783 -0.074070
vn 0.473450 0.880821 0.000000
vn 0.160038 0.987111 -0.000001
vn 0.137294 0.990292 -0.021744
vn 0.158092 0.987107 -0.025037
vn 0.160038 0.987111 -0.000001
vn 0.138984 0.990295 -0.000001
vn 0.450279 0.880820 -0.146304
vn 0.592365 0.782343 -0.192466
vn 0.615245 0.782291 -0.097440
vn 0.467692 0.880783 -0.074070
vn 0.592365 0.782343 -0.192466
vn 0.715507 0.658789 -0.232478
vn 0.743113 0.658734 -0.117697
vn 0.615245 0.782291 -0.097440
vn 0.615245 0.782291 -0.097440
vn 0.743113 0.658734 -0.117697
vn 0.752328 0.658789 -0.000001
vn 0.622854 0.782338 -0.000001
vn 0.467692 0.880783 -0.074070
vn 0.615245 0.782291 -0.097440
vn 0.622854 0.782338 -0.000001
vn 0.473450 0.880821 0.000000
vn 0.715507 0.658789 -0.232478
vn 0.815920 0.513797 -0.265117
vn 0.847379 0.513747 -0.134214
vn 0.743113 0.658734 -0.117697
vn 0.815920 0.513797 -0.265117
vn 0.932231 0.197981 -0.302901
vn 0.968145 0.197948 -0.153339
vn 0.847379 0.513747 -0.134214
vn 0.847379 0.513747 -0.134214
vn 0.968145 0.197948 -0.153339
vn 0.980206 0.197981 0.000000
vn 0.857910 0.513800 0.000000
vn 0.743113 0.658734 -0.117697
vn 0.847379 0.513747 -0.134214
vn 0.857910 0.513800 0.000000
vn 0.752328 0.658789 -0.000001
vn 0.968145 0.197948 -0.153339
vn 0.932231 0.197981 -0.302901
vn 0.937637 0.167404 -0.304653
vn 0.973752 0.167398 -0.154226
vn 0.985889 0.167403 0.000000
vn 0.980206 0.197981 0.000000
vn 0.968145 0.197948 -0.153339
vn 0.973752 0.167398 -0.154226
vn 0.068711 0.997387 -0.022337
vn 0.064311 0.997392 -0.032775
vn 0.000000 1.000000 -0.000001
vn 0.068711 0.997387 -0.022337
vn 0.680322 0.698784 -0.221050
vn 0.637333 0.698821 -0.324740
vn 0.064311 0.997392 -0.032775
vn 0.064311 0.997392 -0.032775
vn 0.637333 0.698821 -0.324740
vn 0.578716 0.698784 -0.420464
vn 0.058449 0.997387 -0.042460
vn 0.000000 1.000000 -0.000001
vn 0.064311 0.997392 -0.032775
vn 0.058449 0.997387 -0.042460
vn 0.680322 0.698784 -0.221050
vn 0.863147 0.419911 -0.280449
vn 0.808644 0.419919 -0.412023
vn 0.637333 0.698821 -0.324740
vn 0.863147 0.419911 -0.280449
vn 0.937637 0.167404 -0.304653
vn 0.878435 0.167399 -0.447582
vn 0.808644 0.419919 -0.412023
vn 0.808644 0.419919 -0.412023
vn 0.878435 0.167399 -0.447582
vn 0.797601 0.167404 -0.579490
vn 0.734236 0.419914 -0.533450
vn 0.637333 0.698821 -0.324740
vn 0.808644 0.419919 -0.412023
vn 0.734236 0.419914 -0.533450
vn 0.578716 0.698784 -0.420464
vn 0.058449 0.997387 -0.042460
vn 0.051038 0.997392 -0.051039
vn 0.000000 1.000000 -0.000001
vn 0.058449 0.997387 -0.042460
vn 0.578716 0.698784 -0.420464
vn 0.505791 0.698821 -0.505792
vn 0.051038 0.997392 -0.051039
vn 0.051038 0.997392 -0.051039
vn 0.505791 0.698821 -0.505792
vn 0.420462 0.698786 -0.578714
vn 0.042465 0.997386 -0.058455
vn 0.000000 1.000000 -0.000001
vn 0.051038 0.997392 -0.051039
vn 0.042465 0.997386 -0.058455
vn 0.578716 0.698784 -0.420464
vn 0.734236 0.419914 -0.533450
vn 0.641745 0.419923 -0.641738
vn 0.505791 0.698821 -0.505792
vn 0.734236 0.419914 -0.533450
vn 0.797601 0.167404 -0.579490
vn 0.697130 0.167399 -0.697128
vn 0.641745 0.419923 -0.641738
vn 0.641745 0.419923 -0.641738
vn 0.697130 0.167399 -0.697128
vn 0.579492 0.167404 -0.797600
vn 0.533455 0.419915 -0.734233
vn 0.505791 0.698821 -0.505792
vn 0.641745 0.419923 -0.641738
vn 0.533455 0.419915 -0.734233
vn 0.420462 0.698786 -0.578714
vn 0.042465 0.997386 -0.058455
vn 0.032768 0.997391 -0.064316
vn 0.000000 1.000000 -0.000001
vn 0.042465 0.997386 -0.058455
vn 0.420462 0.698786 -0.578714
vn 0.324738 0.698825 -0.637330
vn 0.032768 0.997391 -0.064316
vn 0.032768 0.997391 -0.064316
vn 0.324738 0.698825 -0.637330
vn 0.221051 0.698788 -0.680318
vn 0.022325 0.997387 -0.068707
vn 0.000000 1.000000 -0.000001
vn 0.032768 0.997391 -0.064316
vn 0.022325 0.997387 -0.068707
vn 0.420462 0.698786 -0.578714
vn 0.533455 0.419915 -0.734233
vn 0.412023 0.419920 -0.808643
vn 0.324738 0.698825 -0.637330
vn 0.533455 0.419915 -0.734233
vn 0.579492 0.167404 -0.797600
vn 0.447585 0.167399 -0.878433
vn 0.412023 0.419920 -0.808643
vn 0.412023 0.419920 -0.808643
vn 0.447585 0.167399 -0.878433
vn 0.304657 0.167404 -0.937635
vn 0.280451 0.419912 -0.863146
vn 0.324738 0.698825 -0.637330
vn 0.412023 0.419920 -0.808643
vn 0.280451 0.419912 -0.863146
vn 0.221051 0.698788 -0.680318
vn 0.022325 0.997387 -0.068707
vn 0.011291 0.997392 -0.071288
vn 0.000000 1.000000 -0.000001
vn 0.022325 0.997387 -0.068707
vn 0.221051 0.698788 -0.680318
vn 0.111897 0.698821 -0.706490
vn 0.011291 0.997392 -0.071288
vn 0.011291 0.997392 -0.071288
vn 0.111897 0.698821 -0.706490
vn 0.000000 0.698782 -0.715335
vn 0.000000 0.997387 -0.072247
vn 0.000000 1.000000 -0.000001
vn 0.011291 0.997392 -0.071288
vn 0.000000 0.997387 -0.072247
vn 0.221051 0.698788 -0.680318
vn 0.280451 0.419912 -0.863146
vn 0.141974 0.419921 -0.896387
vn 0.111897 0.698821 -0.706490
vn 0.280451 0.419912 -0.863146
vn 0.304657 0.167404 -0.937635
vn 0.154228 0.167399 -0.973751
vn 0.141974 0.419921 -0.896387
vn 0.141974 0.419921 -0.896387
vn 0.154228 0.167399 -0.973751
vn 0.000000 0.167405 -0.985888
vn 0.000000 0.419913 -0.907565
vn 0.111897 0.698821 -0.706490
vn 0.141974 0.419921 -0.896387
vn 0.000000 0.419913 -0.907565
vn 0.000000 0.698782 -0.715335
vn 0.000000 0.997387 -0.072247
vn -0.011291 0.997392 -0.071290
vn 0.000000 1.000000 -0.000001
vn 0.000000 0.997387 -0.072247
vn 0.000000 0.698782 -0.715335
vn -0.111896 0.698818 -0.706493
vn -0.011291 0.997392 -0.071290
vn -0.011291 0.997392 -0.071290
vn -0.111896 0.698818 -0.706493
vn -0.221050 0.698785 -0.680321
vn -0.022325 0.997387 -0.068710
vn 0.000000 1.000000 -0.000001
vn -0.011291 0.997392 -0.071290
vn -0.022325 0.997387 -0.068710
vn 0.000000 0.698782 -0.715335
vn 0.000000 0.419913 -0.907565
vn -0.141973 0.419919 -0.896388
vn -0.111896 0.698818 -0.706493
vn 0.000000 0.419913 -0.907565
vn 0.000000 0.167405 -0.985888
vn -0.154228 0.167399 -0.973751
vn -0.141973 0.419919 -0.896388
vn -0.141973 0.419919 -0.896388
vn -0.154228 0.167399 -0.973751
vn -0.304658 0.167405 -0.937635
vn -0.280452 0.419912 -0.863146
vn -0.111896 0.698818 -0.706493
vn -0.141973 0.419919 -0.896388
vn -0.280452 0.419912 -0.863146
vn -0.221050 0.698785 -0.680321
vn -0.022325 0.997387 -0.068710
vn -0.032768 0.997392 -0.064310
vn 0.000000 1.000000 -0.000001
vn -0.022325 0.997387 -0.068710
vn -0.221050 0.698785 -0.680321
vn -0.324739 0.698824 -0.637330
vn -0.032768 0.997392 -0.064310
vn -0.032768 0.997392 -0.064310
vn -0.324739 0.698824 -0.637330
vn -0.420459 0.698781 -0.578723
vn -0.042465 0.997387 -0.058450
vn 0.000000 1.000000 -0.000001
vn -0.032768 0.997392 -0.064310
vn -0.042465 0.997387 -0.058450
vn -0.221050 0.698785 -0.680321
vn -0.280452 0.419912 -0.863146
vn -0.412025 0.419922 -0.808641
vn -0.324739 0.698824 -0.637330
vn -0.280452 0.419912 -0.863146
vn -0.304658 0.167405 -0.937635
vn -0.447587 0.167399 -0.878432
vn -0.412025 0.419922 -0.808641
vn -0.412025 0.419922 -0.808641
vn -0.447587 0.167399 -0.878432
vn -0.579492 0.167404 -0.797600
vn -0.533452 0.419913 -0.734236
vn -0.324739 0.698824 -0.637330
vn -0.412025 0.419922 -0.808641
vn -0.533452 0.419913 -0.734236
vn -0.420459 0.698781 -0.578723
vn -0.042465 0.997387 -0.058450
vn -0.051038 0.997392 -0.051033
vn 0.000000 1.000000 -0.000001
vn -0.042465 0.997387 -0.058450
vn -0.420459 0.698781 -0.578723
vn -0.505789 0.698819 -0.505796
vn -0.051038 0.997392 -0.051033
vn -0.051038 0.997392 -0.051033
vn -0.505789 0.698819 -0.505796
vn -0.578716 0.698785 -0.420461
vn -0.058449 0.997387 -0.042466
vn 0.000000 1.000000 -0.000001
vn -0.051038 0.997392 -0.051033
vn -0.058449 0.997387 -0.042466
vn -0.420459 0.698781 -0.578723
vn -0.533452 0.419913 -0.734236
vn -0.641741 0.419919 -0.641745
vn -0.505789 0.698819 -0.505796
vn -0.533452 0.419913 -0.734236
vn -0.579492 0.167404 -0.797600
vn -0.697130 0.167399 -0.697128
vn -0.641741 0.419919 -0.641745
vn -0.641741 0.419919 -0.641745
vn -0.697130 0.167399 -0.697128
vn -0.797602 0.167404 -0.579488
vn -0.734238 0.419914 -0.533449
vn -0.505789 0.698819 -0.505796
vn -0.641741 0.419919 -0.641745
vn -0.734238 0.419914 -0.533449
vn -0.578716 0.698785 -0.420461
vn -0.058449 0.997387 -0.042466
vn -0.064311 0.997392 -0.032775
vn 0.000000 1.000000 -0.000001
vn -0.058449 0.997387 -0.042466
vn -0.578716 0.698785 -0.420461
vn -0.637334 0.698823 -0.324734
vn -0.064311 0.997392 -0.032775
vn -0.064311 0.997392 -0.032775
vn -0.637334 0.698823 -0.324734
vn -0.680322 0.698785 -0.221047
vn -0.068711 0.997387 -0.022325
vn 0.000000 1.000000 -0.000001
vn -0.064311 0.997392 -0.032775
vn -0.068711 0.997387 -0.022325
vn -0.578716 0.698785 -0.420461
vn -0.734238 0.419914 -0.533449
vn -0.808645 0.419922 -0.412018
vn -0.637334 0.698823 -0.324734
vn -0.734238 0.419914 -0.533449
vn -0.797602 0.167404 -0.579488
vn -0.878435 0.167399 -0.447582
vn -0.808645 0.419922 -0.412018
vn -0.808645 0.419922 -0.412018
vn -0.878435 0.167399 -0.447582
vn -0.937636 0.167404 -0.304655
vn -0.863145 0.419913 -0.280452
vn -0.637334 0.698823 -0.324734
vn -0.808645 0.419922 -0.412018
vn -0.863145 0.419913 -0.280452
vn -0.680322 0.698785 -0.221047
vn -0.068711 0.997387 -0.022325
vn -0.071290 0.997392 -0.011292
vn 0.000000 1.000000 -0.000001
vn -0.068711 0.997387 -0.022325
vn -0.680322 0.698785 -0.221047
vn -0.706490 0.698821 -0.111898
vn -0.071290 0.997392 -0.011292
vn -0.071290 0.997392 -0.011292
vn -0.706490 0.698821 -0.111898
vn -0.715332 0.698784 0.000000
vn -0.072246 0.997387 0.000000
vn 0.000000 1.000000 -0.000001
vn -0.071290 0.997392 -0.011292
vn -0.072246 0.997387 0.000000
vn -0.680322 0.698785 -0.221047
vn -0.863145 0.419913 -0.280452
vn -0.896388 0.419921 -0.141972
vn -0.706490 0.698821 -0.111898
vn -0.863145 0.419913 -0.280452
vn -0.937636 0.167404 -0.304655
vn -0.973752 0.167398 -0.154226
vn -0.896388 0.419921 -0.141972
vn -0.896388 0.419921 -0.141972
vn -0.973752 0.167398 -0.154226
vn -0.985888 0.167404 0.000000
vn -0.907564 0.419914 0.000001
vn -0.706490 0.698821 -0.111898
vn -0.896388 0.419921 -0.141972
vn -0.907564 0.419914 0.000001
vn -0.715332 0.698784 0.000000
vn -0.072246 0.997387 0.000000
vn -0.071290 0.997392 0.011292
vn 0.000000 1.000000 -0.000001
vn -0.072246 0.997387 0.000000
vn -0.715332 0.698784 0.000000
vn -0.706490 0.698822 0.111897
vn -0.071290 0.997392 0.011292
vn -0.071290 0.997392 0.011292
vn -0.706490 0.698822 0.111897
vn -0.680322 0.698785 0.221048
vn -0.068710 0.997387 0.022313
vn 0.000000 1.000000 -0.000001
vn -0.071290 0.997392 0.011292
vn -0.068710 0.997387 0.022313
vn -0.715332 0.698784 0.000000
vn -0.907564 0.419914 0.000001
vn -0.896387 0.419921 0.141973
vn -0.706490 0.698822 0.111897
vn -0.907564 0.419914 0.000001
vn -0.985888 0.167404 0.000000
vn -0.973751 0.167398 0.154227
vn -0.896387 0.419921 0.141973
vn -0.896387 0.419921 0.141973
vn -0.973751 0.167398 0.154227
vn -0.937635 0.167404 0.304657
vn -0.863145 0.419913 0.280452
vn -0.706490 0.698822 0.111897
vn -0.896387 0.419921 0.141973
vn -0.863145 0.419913 0.280452
vn -0.680322 0.698785 0.221048
vn -0.068710 0.997387 0.022313
vn -0.064311 0.997392 0.032757
vn 0.000000 1.000000 -0.000001
vn -0.068710 0.997387 0.022313
vn -0.680322 0.698785 0.221048
vn -0.637332 0.698821 0.324740
vn -0.064311 0.997392 0.032757
vn -0.064311 0.997392 0.032757
vn -0.637332 0.698821 0.324740
vn -0.578715 0.698784 0.420464
vn -0.058449 0.997387 0.042471
vn 0.000000 1.000000 -0.000001
vn -0.064311 0.997392 0.032757
vn -0.058449 0.997387 0.042471
vn -0.680322 0.698785 0.221048
vn -0.863145 0.419913 0.280452
vn -0.808642 0.419921 0.412025
vn -0.637332 0.698821 0.324740
vn -0.863145 0.419913 0.280452
vn -0.937635 0.167404 0.304657
vn -0.878434 0.167398 0.447584
vn -0.808642 0.419921 0.412025
vn -0.808642 0.419921 0.412025
vn -0.878434 0.167398 0.447584
vn -0.797601 0.167404 0.579489
vn -0.734236 0.419914 0.533451
vn -0.637332 0.698821 0.324740
vn -0.808642 0.419921 0.412025
vn -0.734236 0.419914 0.533451
vn -0.578715 0.698784 0.420464
vn -0.058449 0.997387 0.042471
vn -0.051038 0.997392 0.051039
vn 0.000000 1.000000 -0.000001
vn -0.058449 0.997387 0.042471
vn -0.578715 0.698784 0.420464
vn -0.505790 0.698822 0.505791
vn -0.051038 0.997392 0.051039
vn -0.051038 0.997392 0.051039
vn -0.505790 0.698822 0.505791
vn -0.420462 0.698786 0.578714
vn -0.042465 0.997387 0.058444
vn 0.000000 1.000000 -0.000001
vn -0.051038 0.997392 0.051039
vn -0.042465 0.997387 0.058444
vn -0.578715 0.698784 0.420464
vn -0.734236 0.419914 0.533451
vn -0.641746 0.419923 0.641738
vn -0.505790 0.698822 0.505791
vn -0.734236 0.419914 0.533451
vn -0.797601 0.167404 0.579489
vn -0.697130 0.167398 0.697129
vn -0.641746 0.419923 0.641738
vn -0.641746 0.419923 0.641738
vn -0.697130 0.167398 0.697129
vn -0.579492 0.167404 0.797600
vn -0.533455 0.419915 0.734233
vn -0.505790 0.698822 0.505791
vn -0.641746 0.419923 0.641738
vn -0.533455 0.419915 0.734233
vn -0.420462 0.698786 0.578714
vn -0.042465 0.997387 0.058444
vn -0.032768 0.997392 0.064307
vn 0.000000 1.000000 -0.000001
vn -0.042465 0.997387 0.058444
vn -0.420462 0.698786 0.578714
vn -0.324740 0.698827 0.637327
vn -0.032768 0.997392 0.064307
vn -0.032768 0.997392 0.064307
vn -0.324740 0.698827 0.637327
vn -0.221050 0.698788 0.680318
vn -0.022325 0.997387 0.068707
vn 0.000000 1.000000 -0.000001
vn -0.032768 0.997392 0.064307
vn -0.022325 0.997387 0.068707
vn -0.420462 0.698786 0.578714
vn -0.533455 0.419915 0.734233
vn -0.412024 0.419922 0.808642
vn -0.324740 0.698827 0.637327
vn -0.533455 0.419915 0.734233
vn -0.579492 0.167404 0.797600
vn -0.447586 0.167399 0.878433
vn -0.412024 0.419922 0.808642
vn -0.412024 0.419922 0.808642
vn -0.447586 0.167399 0.878433
vn -0.304657 0.167404 0.937635
vn -0.280453 0.419913 0.863145
vn -0.324740 0.698827 0.637327
vn -0.412024 0.419922 0.808642
vn -0.280453 0.419913 0.863145
vn -0.221050 0.698788 0.680318
vn -0.022325 0.997387 0.068707
vn -0.011291 0.997392 0.071292
vn 0.000000 1.000000 -0.000001
vn -0.022325 0.997387 0.068707
vn -0.221050 0.698788 0.680318
vn -0.111897 0.698821 0.706490
vn -0.011291 0.997392 0.071292
vn -0.011291 0.997392 0.071292
vn -0.111897 0.698821 0.706490
vn 0.000000 0.698784 0.715333
vn 0.000000 0.997387 0.072247
vn 0.000000 1.000000 -0.000001
vn -0.011291 0.997392 0.071292
vn 0.000000 0.997387 0.072247
vn -0.221050 0.698788 0.680318
vn -0.280453 0.419913 0.863145
vn -0.141975 0.419923 0.896386
vn -0.111897 0.698821 0.706490
vn -0.280453 0.419913 0.863145
vn -0.304657 0.167404 0.937635
vn -0.154227 0.167398 0.973751
vn -0.141975 0.419923 0.896386
vn -0.141975 0.419923 0.896386
vn -0.154227 0.167398 0.973751
vn 0.000000 0.167404 0.985888
vn 0.000000 0.419913 0.907564
vn -0.111897 0.698821 0.706490
vn -0.141975 0.419923 0.896386
vn 0.000000 0.419913 0.907564
vn 0.000000 0.698784 0.715333
vn 0.000000 0.997387 0.072247
vn 0.011291 0.997392 0.071286
vn 0.000000 1.000000 -0.000001
vn 0.000000 0.997387 0.072247
vn 0.000000 0.698784 0.715333
vn 0.111897 0.698820 0.706491
vn 0.011291 0.997392 0.071286
vn 0.011291 0.997392 0.071286
vn 0.111897 0.698820 0.706491
vn 0.221051 0.698787 0.680318
vn 0.022325 0.997387 0.068702
vn 0.000000 1.000000 -0.000001
vn 0.011291 0.997392 0.071286
vn 0.022325 0.997387 0.068702
vn 0.000000 0.698784 0.715333
vn 0.000000 0.419913 0.907564
vn 0.141973 0.419918 0.896389
vn 0.111897 0.698820 0.706491
vn 0.000000 0.419913 0.907564
vn 0.000000 0.167404 0.985888
vn 0.154228 0.167399 0.973751
vn 0.141973 0.419918 0.896389
vn 0.141973 0.419918 0.896389
vn 0.154228 0.167399 0.973751
vn 0.304657 0.167405 0.937635
vn 0.280451 0.419912 0.863146
vn 0.111897 0.698820 0.706491
vn 0.141973 0.419918 0.896389
vn 0.280451 0.419912 0.863146
vn 0.221051 0.698787 0.680318
vn 0.022325 0.997387 0.068702
vn 0.032768 0.997392 0.064313
vn 0.000000 1.000000 -0.000001
vn 0.022325 0.997387 0.068702
vn 0.221051 0.698787 0.680318
vn 0.324736 0.698821 0.637334
vn 0.032768 0.997392 0.064313
vn 0.032768 0.997392 0.064313
vn 0.324736 0.698821 0.637334
vn 0.420462 0.698783 0.578718
vn 0.042465 0.997386 0.058456
vn 0.000000 1.000000 -0.000001
vn 0.032768 0.997392 0.064313
vn 0.042465 0.997386 0.058456
vn 0.221051 0.698787 0.680318
vn 0.280451 0.419912 0.863146
vn 0.412021 0.419918 0.808646
vn 0.324736 0.698821 0.637334
vn 0.280451 0.419912 0.863146
vn 0.304657 0.167405 0.937635
vn 0.447586 0.167399 0.878433
vn 0.412021 0.419918 0.808646
vn 0.412021 0.419918 0.808646
vn 0.447586 0.167399 0.878433
vn 0.579492 0.167404 0.797599
vn 0.533455 0.419914 0.734233
vn 0.324736 0.698821 0.637334
vn 0.412021 0.419918 0.808646
vn 0.533455 0.419914 0.734233
vn 0.420462 0.698783 0.578718
vn 0.042465 0.997386 0.058456
vn 0.051038 0.997392 0.051039
vn 0.000000 1.000000 -0.000001
vn 0.042465 0.997386 0.058456
vn 0.420462 0.698783 0.578718
vn 0.505792 0.698823 0.505787
vn 0.051038 0.997392 0.051039
vn 0.051038 0.997392 0.051039
vn 0.505792 0.698823 0.505787
vn 0.578717 0.698787 0.420456
vn 0.058449 0.997387 0.042465
vn 0.000000 1.000000 -0.000001
vn 0.051038 0.997392 0.051039
vn 0.058449 0.997387 0.042465
vn 0.420462 0.698783 0.578718
vn 0.533455 0.419914 0.734233
vn 0.641745 0.419923 0.641738
vn 0.505792 0.698823 0.505787
vn 0.533455 0.419914 0.734233
vn 0.579492 0.167404 0.797599
vn 0.697129 0.167398 0.697129
vn 0.641745 0.419923 0.641738
vn 0.641745 0.419923 0.641738
vn 0.697129 0.167398 0.697129
vn 0.797602 0.167404 0.579489
vn 0.734237 0.419915 0.533448
vn 0.505792 0.698823 0.505787
vn 0.641745 0.419923 0.641738
vn 0.734237 0.419915 0.533448
vn 0.578717 0.698787 0.420456
vn 0.058449 0.997387 0.042465
vn 0.064312 0.997392 0.032767
vn 0.000000 1.000000 -0.000001
vn 0.058449 0.997387 0.042465
vn 0.578717 0.698787 0.420456
vn 0.637335 0.698824 0.324729
vn 0.064312 0.997392 0.032767
vn 0.064312 0.997392 0.032767
vn 0.637335 0.698824 0.324729
vn 0.680322 0.698785 0.221047
vn 0.068711 0.997387 0.022325
vn 0.000000 1.000000 -0.000001
vn 0.064312 0.997392 0.032767
vn 0.068711 0.997387 0.022325
vn 0.578717 0.698787 0.420456
vn 0.734237 0.419915 0.533448
vn 0.808646 0.419923 0.412015
vn 0.637335 0.698824 0.324729
vn 0.734237 0.419915 0.533448
vn 0.797602 0.167404 0.579489
vn 0.878435 0.167399 0.447582
vn 0.808646 0.419923 0.412015
vn 0.808646 0.419923 0.412015
vn 0.878435 0.167399 0.447582
vn 0.937636 0.167404 0.304655
vn 0.863146 0.419913 0.280449
vn 0.637335 0.698824 0.324729
vn 0.808646 0.419923 0.412015
vn 0.863146 0.419913 0.280449
vn 0.680322 0.698785 0.221047
vn 0.068711 0.997387 0.022325
vn 0.071290 0.997392 0.011292
vn 0.000000 1.000000 -0.000001
vn 0.068711 0.997387 0.022325
vn 0.680322 0.698785 0.221047
vn 0.706489 0.698822 0.111900
vn 0.071290 0.997392 0.011292
vn 0.071290 0.997392 0.011292
vn 0.706489 0.698822 0.111900
vn 0.715332 0.698785 0.000002
vn 0.072246 0.997387 0.000001
vn 0.000000 1.000000 -0.000001
vn 0.071290 0.997392 0.011292
vn 0.072246 0.997387 0.000001
vn 0.680322 0.698785 0.221047
vn 0.863146 0.419913 0.280449
vn 0.896387 0.419920 0.141974
vn 0.706489 0.698822 0.111900
vn 0.863146 0.419913 0.280449
vn 0.937636 0.167404 0.304655
vn 0.973752 0.167398 0.154227
vn 0.896387 0.419920 0.141974
vn 0.896387 0.419920 0.141974
vn 0.973752 0.167398 0.154227
vn 0.985889 0.167403 0.000000
vn 0.907564 0.419913 0.000000
vn 0.706489 0.698822 0.111900
vn 0.896387 0.419920 0.141974
vn 0.907564 0.419913 0.000000
vn 0.715332 0.698785 0.000002
vn 0.937637 0.167404 -0.304653
vn 0.863147 0.419911 -0.280449
vn 0.896388 0.419919 -0.141972
vn 0.973752 0.167398 -0.154226
vn 0.863147 0.419911 -0.280449
vn 0.680322 0.698784 -0.221050
vn 0.706489 0.698822 -0.111898
vn 0.896388 0.419919 -0.141972
vn 0.896388 0.419919 -0.141972
vn 0.706489 0.698822 -0.111898
vn 0.715332 0.698785 0.000002
vn 0.907564 0.419913 0.000000
vn 0.973752 0.167398 -0.154226
vn 0.896388 0.419919 -0.141972
vn 0.907564 0.419913 0.000000
vn 0.985889 0.167403 0.000000
vn 0.680322 0.698784 -0.221050
vn 0.068711 0.997387 -0.022337
vn 0.071290 0.997392 -0.011291
vn 0.706489 0.698822 -0.111898
vn 0.000000 1.000000 -0.000001
vn 0.071290 0.997392 -0.011291
vn 0.068711 0.997387 -0.022337
vn 0.072246 0.997387 0.000001
vn 0.071290 0.997392 -0.011291
vn 0.000000 1.000000 -0.000001
vn 0.706489 0.698822 -0.111898
vn 0.071290 0.997392 -0.011291
vn 0.072246 0.997387 0.000001
vn 0.715332 0.698785 0.000002
vn 0.053606 0.998410 -0.017421
vn -0.624828 0.753912 0.202993
vn -0.649001 0.753811 0.102791
vn 0.055664 0.998411 -0.008819
vn 0.055664 0.998411 -0.008819
vn -0.649001 0.753811 0.102791
vn -0.656988 0.753901 0.000000
vn 0.056365 0.998410 -0.000001
vn -0.624828 0.753912 0.202993
vn -0.907596 0.298844 0.294893
vn -0.942568 0.298795 0.149290
vn -0.649001 0.753811 0.102791
vn -0.942568 0.298795 0.149290
vn -0.907596 0.298844 0.294893
vn -0.907806 0.298138 0.294962
vn -0.942768 0.298149 0.149318
vn -0.954522 0.298139 0.000000
vn -0.954303 0.298840 -0.000001
vn -0.942568 0.298795 0.149290
vn -0.942768 0.298149 0.149318
vn -0.649001 0.753811 0.102791
vn -0.942568 0.298795 0.149290
vn -0.954303 0.298840 -0.000001
vn -0.656988 0.753901 0.000000
vn -0.907596 0.298844 0.294893
vn -0.850304 0.298791 0.433251
vn -0.850484 0.298144 0.433345
vn -0.907806 0.298138 0.294962
vn -0.907596 0.298844 0.294893
vn -0.624828 0.753912 0.202993
vn -0.585449 0.753840 0.298288
vn -0.850304 0.298791 0.433251
vn -0.850304 0.298791 0.433251
vn -0.585449 0.753840 0.298288
vn -0.531487 0.753915 0.386179
vn -0.772045 0.298837 0.560931
vn -0.850304 0.298791 0.433251
vn -0.772045 0.298837 0.560931
vn -0.772227 0.298134 0.561053
vn -0.850484 0.298144 0.433345
vn -0.624828 0.753912 0.202993
vn 0.053606 0.998410 -0.017421
vn 0.050215 0.998411 -0.025588
vn -0.585449 0.753840 0.298288
vn -0.585449 0.753840 0.298288
vn 0.050215 0.998411 -0.025588
vn 0.045600 0.998410 -0.033133
vn -0.531487 0.753915 0.386179
vn -0.772227 0.298134 0.561053
vn -0.772045 0.298837 0.560931
vn -0.674802 0.298785 0.674811
vn -0.674944 0.298141 0.674953
vn -0.772045 0.298837 0.560931
vn -0.531487 0.753915 0.386179
vn -0.464605 0.753823 0.464643
vn -0.674802 0.298785 0.674811
vn -0.674802 0.298785 0.674811
vn -0.464605 0.753823 0.464643
vn -0.386152 0.753912 0.531510
vn -0.560925 0.298838 0.772049
vn -0.674802 0.298785 0.674811
vn -0.560925 0.298838 0.772049
vn -0.561054 0.298132 0.772228
vn -0.674944 0.298141 0.674953
vn -0.531487 0.753915 0.386179
vn 0.045600 0.998410 -0.033133
vn 0.039851 0.998411 -0.039852
vn -0.464605 0.753823 0.464643
vn -0.464605 0.753823 0.464643
vn 0.039851 0.998411 -0.039852
vn 0.033130 0.998410 -0.045599
vn -0.386152 0.753912 0.531510
vn -0.561054 0.298132 0.772228
vn -0.560925 0.298838 0.772049
vn -0.433252 0.298792 0.850304
vn -0.433349 0.298150 0.850479
vn -0.560925 0.298838 0.772049
vn -0.386152 0.753912 0.531510
vn -0.298300 0.753827 0.585459
vn -0.433252 0.298792 0.850304
vn -0.433252 0.298792 0.850304
vn -0.298300 0.753827 0.585459
vn -0.203013 0.753912 0.624822
vn -0.294894 0.298840 0.907597
vn -0.433252 0.298792 0.850304
vn -0.294894 0.298840 0.907597
vn -0.294966 0.298139 0.907804
vn -0.433349 0.298150 0.850479
vn -0.386152 0.753912 0.531510
vn 0.033130 0.998410 -0.045599
vn 0.025586 0.998411 -0.050217
vn -0.298300 0.753827 0.585459
vn -0.298300 0.753827 0.585459
vn 0.025586 0.998411 -0.050217
vn 0.017418 0.998410 -0.053607
vn -0.203013 0.753912 0.624822
vn -0.294966 0.298139 0.907804
vn -0.294894 0.298840 0.907597
vn -0.149288 0.298793 0.942569
vn -0.149320 0.298147 0.942768
vn -0.294894 0.298840 0.907597
vn -0.203013 0.753912 0.624822
vn -0.102785 0.753813 0.649000
vn -0.149288 0.298793 0.942569
vn -0.149288 0.298793 0.942569
vn -0.102785 0.753813 0.649000
vn 0.000000 0.753882 0.657010
vn 0.000000 0.298839 0.954304
vn -0.149288 0.298793 0.942569
vn 0.000000 0.298839 0.954304
vn 0.000000 0.298135 0.954524
vn -0.149320 0.298147 0.942768
vn -0.203013 0.753912 0.624822
vn 0.017418 0.998410 -0.053607
vn 0.008816 0.998411 -0.055664
vn -0.102785 0.753813 0.649000
vn -0.102785 0.753813 0.649000
vn 0.008816 0.998411 -0.055664
vn 0.000000 0.998410 -0.056365
vn 0.000000 0.753882 0.657010
vn 0.000000 0.298135 0.954524
vn 0.000000 0.298839 0.954304
vn 0.149283 0.298781 0.942573
vn 0.149320 0.298147 0.942768
vn 0.000000 0.298839 0.954304
vn 0.000000 0.753882 0.657010
vn 0.102784 0.753817 0.648996
vn 0.149283 0.298781 0.942573
vn 0.149283 0.298781 0.942573
vn 0.102784 0.753817 0.648996
vn 0.203017 0.753931 0.624798
vn 0.294891 0.298834 0.907600
vn 0.149283 0.298781 0.942573
vn 0.294891 0.298834 0.907600
vn 0.294961 0.298136 0.907807
vn 0.149320 0.298147 0.942768
vn 0.000000 0.753882 0.657010
vn 0.000000 0.998410 -0.056365
vn -0.008816 0.998411 -0.055666
vn 0.102784 0.753817 0.648996
vn 0.102784 0.753817 0.648996
vn -0.008816 0.998411 -0.055666
vn -0.017418 0.998410 -0.053609
vn 0.203017 0.753931 0.624798
vn 0.294961 0.298136 0.907807
vn 0.294891 0.298834 0.907600
vn 0.433245 0.298783 0.850310
vn 0.433341 0.298147 0.850484
vn 0.294891 0.298834 0.907600
vn 0.203017 0.753931 0.624798
vn 0.298292 0.753814 0.585480
vn 0.433245 0.298783 0.850310
vn 0.433245 0.298783 0.850310
vn 0.298292 0.753814 0.585480
vn 0.386145 0.753898 0.531535
vn 0.560923 0.298836 0.772051
vn 0.433245 0.298783 0.850310
vn 0.560923 0.298836 0.772051
vn 0.561050 0.298137 0.772229
vn 0.433341 0.298147 0.850484
vn 0.203017 0.753931 0.624798
vn -0.017418 0.998410 -0.053609
vn -0.025586 0.998411 -0.050215
vn 0.298292 0.753814 0.585480
vn 0.298292 0.753814 0.585480
vn -0.025586 0.998411 -0.050215
vn -0.033130 0.998410 -0.045600
vn 0.386145 0.753898 0.531535
vn 0.561050 0.298137 0.772229
vn 0.560923 0.298836 0.772051
vn 0.674803 0.298786 0.674809
vn 0.674944 0.298147 0.674951
vn 0.560923 0.298836 0.772051
vn 0.386145 0.753898 0.531535
vn 0.464614 0.753832 0.464620
vn 0.674803 0.298786 0.674809
vn 0.674803 0.298786 0.674809
vn 0.464614 0.753832 0.464620
vn 0.531488 0.753904 0.386198
vn 0.772039 0.298835 0.560940
vn 0.674803 0.298786 0.674809
vn 0.772039 0.298835 0.560940
vn 0.772228 0.298140 0.561050
vn 0.674944 0.298147 0.674951
vn 0.386145 0.753898 0.531535
vn -0.033130 0.998410 -0.045600
vn -0.039851 0.998411 -0.039853
vn 0.464614 0.753832 0.464620
vn 0.464614 0.753832 0.464620
vn -0.039851 0.998411 -0.039853
vn -0.045600 0.998410 -0.033131
vn 0.531488 0.753904 0.386198
vn 0.772228 0.298140 0.561050
vn 0.772039 0.298835 0.560940
vn 0.850301 0.298789 0.433258
vn 0.850483 0.298150 0.433342
vn 0.772039 0.298835 0.560940
vn 0.531488 0.753904 0.386198
vn 0.585448 0.753827 0.298322
vn 0.850301 0.298789 0.433258
vn 0.850301 0.298789 0.433258
vn 0.585448 0.753827 0.298322
vn 0.624815 0.753915 0.203024
vn 0.907596 0.298842 0.294894
vn 0.850301 0.298789 0.433258
vn 0.907596 0.298842 0.294894
vn 0.907805 0.298141 0.294961
vn 0.850483 0.298150 0.433342
vn 0.531488 0.753904 0.386198
vn -0.045600 0.998410 -0.033131
vn -0.050215 0.998411 -0.025590
vn 0.585448 0.753827 0.298322
vn 0.585448 0.753827 0.298322
vn -0.050215 0.998411 -0.025590
vn -0.053606 0.998410 -0.017419
vn 0.624815 0.753915 0.203024
vn 0.907805 0.298141 0.294961
vn 0.907596 0.298842 0.294894
vn 0.942569 0.298792 0.149287
vn 0.942768 0.298150 0.149318
vn 0.907596 0.298842 0.294894
vn 0.624815 0.753915 0.203024
vn 0.648979 0.753828 0.102808
vn 0.942569 0.298792 0.149287
vn 0.942569 0.298792 0.149287
vn 0.648979 0.753828 0.102808
vn 0.656969 0.753918 0.000005
vn 0.954303 0.298842 -0.000001
vn 0.942569 0.298792 0.149287
vn 0.954303 0.298842 -0.000001
vn 0.954523 0.298137 0.000001
vn 0.942768 0.298150 0.149318
vn 0.624815 0.753915 0.203024
vn -0.053606 0.998410 -0.017419
vn -0.055664 0.998411 -0.008815
vn 0.648979 0.753828 0.102808
vn 0.648979 0.753828 0.102808
vn -0.055664 0.998411 -0.008815
vn -0.056365 0.998410 -0.000001
vn 0.656969 0.753918 0.000005
vn 0.954523 0.298137 0.000001
vn 0.954303 0.298842 -0.000001
vn 0.942568 0.298795 -0.149288
vn 0.942769 0.298147 -0.149318
vn 0.954303 0.298842 -0.000001
vn 0.656969 0.753918 0.000005
vn 0.648976 0.753832 -0.102804
vn 0.942568 0.298795 -0.149288
vn 0.942568 0.298795 -0.149288
vn 0.648976 0.753832 -0.102804
vn 0.624818 0.753912 -0.203025
vn 0.907596 0.298841 -0.294895
vn 0.942568 0.298795 -0.149288
vn 0.907596 0.298841 -0.294895
vn 0.907805 0.298141 -0.294962
vn 0.942769 0.298147 -0.149318
vn 0.656969 0.753918 0.000005
vn -0.056365 0.998410 -0.000001
vn -0.055664 0.998411 0.008815
vn 0.648976 0.753832 -0.102804
vn 0.648976 0.753832 -0.102804
vn -0.055664 0.998411 0.008815
vn -0.053606 0.998410 0.017419
vn 0.624818 0.753912 -0.203025
vn 0.907805 0.298141 -0.294962
vn 0.907596 0.298841 -0.294895
vn 0.850301 0.298789 -0.433260
vn 0.850482 0.298149 -0.433344
vn 0.907596 0.298841 -0.294895
vn 0.624818 0.753912 -0.203025
vn 0.585451 0.753831 -0.298306
vn 0.850301 0.298789 -0.433260
vn 0.850301 0.298789 -0.433260
vn 0.585451 0.753831 -0.298306
vn 0.531489 0.753913 -0.386181
vn 0.772038 0.298836 -0.560941
vn 0.850301 0.298789 -0.433260
vn 0.772038 0.298836 -0.560941
vn 0.772222 0.298136 -0.561060
vn 0.850482 0.298149 -0.433344
vn 0.624818 0.753912 -0.203025
vn -0.053606 0.998410 0.017419
vn -0.050215 0.998411 0.025589
vn 0.585451 0.753831 -0.298306
vn 0.585451 0.753831 -0.298306
vn -0.050215 0.998411 0.025589
vn -0.045600 0.998410 0.033132
vn 0.531489 0.753913 -0.386181
vn 0.772222 0.298136 -0.561060
vn 0.772038 0.298836 -0.560941
vn 0.674796 0.298783 -0.674818
vn 0.674944 0.298143 -0.674953
vn 0.772038 0.298836 -0.560941
vn 0.531489 0.753913 -0.386181
vn 0.464600 0.753810 -0.464670
vn 0.674796 0.298783 -0.674818
vn 0.674796 0.298783 -0.674818
vn 0.464600 0.753810 -0.464670
vn 0.386146 0.753897 -0.531536
vn 0.560920 0.298837 -0.772053
vn 0.674796 0.298783 -0.674818
vn 0.560920 0.298837 -0.772053
vn 0.561054 0.298134 -0.772227
vn 0.674944 0.298143 -0.674953
vn 0.531489 0.753913 -0.386181
vn -0.045600 0.998410 0.033132
vn -0.039851 0.998411 0.039852
vn 0.464600 0.753810 -0.464670
vn 0.464600 0.753810 -0.464670
vn -0.039851 0.998411 0.039852
vn -0.033130 0.998410 0.045603
vn 0.386146 0.753897 -0.531536
vn 0.561054 0.298134 -0.772227
vn 0.560920 0.298837 -0.772053
vn 0.433251 0.298791 -0.850304
vn 0.433343 0.298147 -0.850484
vn 0.560920 0.298837 -0.772053
vn 0.386146 0.753897 -0.531536
vn 0.298293 0.753811 -0.585483
vn 0.433251 0.298791 -0.850304
vn 0.433251 0.298791 -0.850304
vn 0.298293 0.753811 -0.585483
vn 0.203008 0.753898 -0.624840
vn 0.294893 0.298834 -0.907599
vn 0.433251 0.298791 -0.850304
vn 0.294893 0.298834 -0.907599
vn 0.294961 0.298133 -0.907808
vn 0.433343 0.298147 -0.850484
vn 0.386146 0.753897 -0.531536
vn -0.033130 0.998410 0.045603
vn -0.025586 0.998411 0.050218
vn 0.298293 0.753811 -0.585483
vn 0.298293 0.753811 -0.585483
vn -0.025586 0.998411 0.050218
vn -0.017418 0.998410 0.053607
vn 0.203008 0.753898 -0.624840
vn 0.294961 0.298133 -0.907808
vn 0.294893 0.298834 -0.907599
vn 0.149284 0.298780 -0.942574
vn 0.149320 0.298145 -0.942769
vn 0.294893 0.298834 -0.907599
vn 0.203008 0.753898 -0.624840
vn 0.102784 0.753818 -0.648994
vn 0.149284 0.298780 -0.942574
vn 0.149284 0.298780 -0.942574
vn 0.102784 0.753818 -0.648994
vn 0.000000 0.753882 -0.657010
vn 0.000001 0.298836 -0.954305
vn 0.149284 0.298780 -0.942574
vn 0.000001 0.298836 -0.954305
vn 0.000001 0.298139 -0.954523
vn 0.149320 0.298145 -0.942769
vn 0.203008 0.753898 -0.624840
vn -0.017418 0.998410 0.053607
vn -0.008816 0.998411 0.055664
vn 0.102784 0.753818 -0.648994
vn 0.102784 0.753818 -0.648994
vn -0.008816 0.998411 0.055664
vn 0.000000 0.998410 0.056363
vn 0.000000 0.753882 -0.657010
vn 0.000001 0.298139 -0.954523
vn 0.000001 0.298836 -0.954305
vn -0.149286 0.298786 -0.942571
vn -0.149319 0.298145 -0.942769
vn 0.000001 0.298836 -0.954305
vn 0.000000 0.753882 -0.657010
vn -0.102786 0.753815 -0.648998
vn -0.149286 0.298786 -0.942571
vn -0.149286 0.298786 -0.942571
vn -0.102786 0.753815 -0.648998
vn -0.203007 0.753898 -0.624840
vn -0.294893 0.298835 -0.907599
vn -0.149286 0.298786 -0.942571
vn -0.294893 0.298835 -0.907599
vn -0.294965 0.298136 -0.907806
vn -0.149319 0.298145 -0.942769
vn 0.000000 0.753882 -0.657010
vn 0.000000 0.998410 0.056363
vn 0.008816 0.998411 0.055666
vn -0.102786 0.753815 -0.648998
vn -0.102786 0.753815 -0.648998
vn 0.008816 0.998411 0.055666
vn 0.017418 0.998410 0.053607
vn -0.203007 0.753898 -0.624840
vn -0.294965 0.298136 -0.907806
vn -0.294893 0.298835 -0.907599
vn -0.433242 0.298783 -0.850312
vn -0.433343 0.298146 -0.850484
vn -0.294893 0.298835 -0.907599
vn -0.203007 0.753898 -0.624840
vn -0.298286 0.753799 -0.585502
vn -0.433242 0.298783 -0.850312
vn -0.433242 0.298783 -0.850312
vn -0.298286 0.753799 -0.585502
vn -0.386147 0.753897 -0.531536
vn -0.560920 0.298837 -0.772052
vn -0.433242 0.298783 -0.850312
vn -0.560920 0.298837 -0.772052
vn -0.561058 0.298139 -0.772222
vn -0.433343 0.298146 -0.850484
vn -0.203007 0.753898 -0.624840
vn 0.017418 0.998410 0.053607
vn 0.025586 0.998411 0.050214
vn -0.298286 0.753799 -0.585502
vn -0.298286 0.753799 -0.585502
vn 0.025586 0.998411 0.050214
vn 0.033130 0.998410 0.045601
vn -0.386147 0.753897 -0.531536
vn -0.561058 0.298139 -0.772222
vn -0.560920 0.298837 -0.772052
vn -0.674804 0.298790 -0.674807
vn -0.674956 0.298152 -0.674937
vn -0.560920 0.298837 -0.772052
vn -0.386147 0.753897 -0.531536
vn -0.464611 0.753816 -0.464648
vn -0.674804 0.298790 -0.674807
vn -0.674804 0.298790 -0.674807
vn -0.464611 0.753816 -0.464648
vn -0.531492 0.753908 -0.386186
vn -0.772040 0.298838 -0.560936
vn -0.674804 0.298790 -0.674807
vn -0.772040 0.298838 -0.560936
vn -0.772230 0.298139 -0.561047
vn -0.674956 0.298152 -0.674937
vn -0.386147 0.753897 -0.531536
vn 0.033130 0.998410 0.045601
vn 0.039851 0.998410 0.039856
vn -0.464611 0.753816 -0.464648
vn -0.464611 0.753816 -0.464648
vn 0.039851 0.998410 0.039856
vn 0.045600 0.998410 0.033133
vn -0.531492 0.753908 -0.386186
vn -0.772230 0.298139 -0.561047
vn -0.772040 0.298838 -0.560936
vn -0.850299 0.298787 -0.433264
vn -0.850484 0.298146 -0.433343
vn -0.772040 0.298838 -0.560936
vn -0.531492 0.753908 -0.386186
vn -0.585447 0.753828 -0.298321
vn -0.850299 0.298787 -0.433264
vn -0.850299 0.298787 -0.433264
vn -0.585447 0.753828 -0.298321
vn -0.624809 0.753917 -0.203036
vn -0.907594 0.298836 -0.294906
vn -0.850299 0.298787 -0.433264
vn -0.907594 0.298836 -0.294906
vn -0.907806 0.298135 -0.294964
vn -0.850484 0.298146 -0.433343
vn -0.531492 0.753908 -0.386186
vn 0.045600 0.998410 0.033133
vn 0.050215 0.998411 0.025588
vn -0.585447 0.753828 -0.298321
vn -0.585447 0.753828 -0.298321
vn 0.050215 0.998411 0.025588
vn 0.053606 0.998410 0.017419
vn -0.624809 0.753917 -0.203036
vn -0.907806 0.298135 -0.294964
vn -0.907594 0.298836 -0.294906
vn -0.942570 0.298788 -0.149293
vn -0.942769 0.298146 -0.149319
vn -0.907594 0.298836 -0.294906
vn -0.624809 0.753917 -0.203036
vn -0.648979 0.753829 -0.102803
vn -0.942570 0.298788 -0.149293
vn -0.942570 0.298788 -0.149293
vn -0.648979 0.753829 -0.102803
vn -0.656988 0.753901 0.000000
vn -0.954303 0.298840 -0.000001
vn -0.942570 0.298788 -0.149293
vn -0.954303 0.298840 -0.000001
vn -0.954522 0.298139 0.000000
vn -0.942769 0.298146 -0.149319
vn -0.624809 0.753917 -0.203036
vn 0.053606 0.998410 0.017419
vn 0.055664 0.998411 0.008816
vn -0.648979 0.753829 -0.102803
vn -0.648979 0.753829 -0.102803
vn 0.055664 0.998411 0.008816
vn 0.056365 0.998410 -0.000001
vn -0.656988 0.753901 0.000000
vn -0.907806 0.298138 0.294962
vn -0.607905 0.769049 0.197525
vn -0.631275 0.769087 0.099982
vn -0.942768 0.298149 0.149318
vn -0.942768 0.298149 0.149318
vn -0.631275 0.769087 0.099982
vn -0.639195 0.769045 0.000004
vn -0.954522 0.298139 0.000000
vn -0.607905 0.769049 0.197525
vn 0.132182 0.990295 -0.042949
vn 0.137294 0.990292 -0.021744
vn -0.631275 0.769087 0.099982
vn 0.137294 0.990292 -0.021744
vn 0.132182 0.990295 -0.042949
vn 0.152205 0.987111 -0.049455
vn 0.158092 0.987107 -0.025037
vn -0.631275 0.769087 0.099982
vn 0.137294 0.990292 -0.021744
vn 0.138984 0.990295 -0.000001
vn -0.639195 0.769045 0.000004
vn 0.132182 0.990295 -0.042949
vn -0.607905 0.769049 0.197525
vn -0.569471 0.769092 0.290172
vn 0.123855 0.990292 -0.063107
vn 0.123855 0.990292 -0.063107
vn -0.569471 0.769092 0.290172
vn -0.517114 0.769054 0.375698
vn 0.112440 0.990295 -0.081691
vn -0.607905 0.769049 0.197525
vn -0.907806 0.298138 0.294962
vn -0.850484 0.298144 0.433345
vn -0.569471 0.769092 0.290172
vn -0.569471 0.769092 0.290172
vn -0.850484 0.298144 0.433345
vn -0.772227 0.298134 0.561053
vn -0.517114 0.769054 0.375698
vn 0.112440 0.990295 -0.081691
vn -0.517114 0.769054 0.375698
vn -0.451933 0.769090 0.451948
vn 0.098292 0.990292 -0.098292
vn 0.098292 0.990292 -0.098292
vn -0.451933 0.769090 0.451948
vn -0.375702 0.769054 0.517110
vn 0.081693 0.990295 -0.112441
vn -0.517114 0.769054 0.375698
vn -0.772227 0.298134 0.561053
vn -0.674944 0.298141 0.674953
vn -0.451933 0.769090 0.451948
vn -0.451933 0.769090 0.451948
vn -0.674944 0.298141 0.674953
vn -0.561054 0.298132 0.772228
vn -0.375702 0.769054 0.517110
vn 0.081693 0.990295 -0.112441
vn -0.375702 0.769054 0.517110
vn -0.290162 0.769096 0.569471
vn 0.063107 0.990292 -0.123854
vn 0.063107 0.990292 -0.123854
vn -0.290162 0.769096 0.569471
vn -0.197514 0.769026 0.607937
vn 0.042948 0.990295 -0.132181
vn -0.375702 0.769054 0.517110
vn -0.561054 0.298132 0.772228
vn -0.433349 0.298150 0.850479
vn -0.290162 0.769096 0.569471
vn -0.290162 0.769096 0.569471
vn -0.433349 0.298150 0.850479
vn -0.294966 0.298139 0.907804
vn -0.197514 0.769026 0.607937
vn 0.042948 0.990295 -0.132181
vn -0.197514 0.769026 0.607937
vn -0.099979 0.769060 0.631309
vn 0.021745 0.990292 -0.137292
vn 0.021745 0.990292 -0.137292
vn -0.099979 0.769060 0.631309
vn 0.000000 0.769044 0.639196
vn 0.000000 0.990295 -0.138982
vn -0.197514 0.769026 0.607937
vn -0.294966 0.298139 0.907804
vn -0.149320 0.298147 0.942768
vn -0.099979 0.769060 0.631309
vn -0.099979 0.769060 0.631309
vn -0.149320 0.298147 0.942768
vn 0.000000 0.298135 0.954524
vn 0.000000 0.769044 0.639196
vn 0.000000 0.990295 -0.138982
vn 0.000000 0.769044 0.639196
vn 0.099986 0.769108 0.631249
vn -0.021745 0.990292 -0.137294
vn -0.021745 0.990292 -0.137294
vn 0.099986 0.769108 0.631249
vn 0.197522 0.769056 0.607896
vn -0.042948 0.990295 -0.132182
vn 0.000000 0.769044 0.639196
vn 0.000000 0.298135 0.954524
vn 0.149320 0.298147 0.942768
vn 0.099986 0.769108 0.631249
vn 0.099986 0.769108 0.631249
vn 0.149320 0.298147 0.942768
vn 0.294961 0.298136 0.907807
vn 0.197522 0.769056 0.607896
vn -0.042948 0.990295 -0.132182
vn 0.197522 0.769056 0.607896
vn 0.290169 0.769109 0.569449
vn -0.063107 0.990292 -0.123855
vn -0.063107 0.990292 -0.123855
vn 0.290169 0.769109 0.569449
vn 0.375698 0.769039 0.517137
vn -0.081693 0.990295 -0.112440
vn 0.197522 0.769056 0.607896
vn 0.294961 0.298136 0.907807
vn 0.433341 0.298147 0.850484
vn 0.290169 0.769109 0.569449
vn 0.290169 0.769109 0.569449
vn 0.433341 0.298147 0.850484
vn 0.561050 0.298137 0.772229
vn 0.375698 0.769039 0.517137
vn -0.081693 0.990295 -0.112440
vn 0.375698 0.769039 0.517137
vn 0.451927 0.769079 0.451972
vn -0.098292 0.990292 -0.098292
vn -0.098292 0.990292 -0.098292
vn 0.451927 0.769079 0.451972
vn 0.517113 0.769057 0.375693
vn -0.112440 0.990295 -0.081693
vn 0.375698 0.769039 0.517137
vn 0.561050 0.298137 0.772229
vn 0.674944 0.298147 0.674951
vn 0.451927 0.769079 0.451972
vn 0.451927 0.769079 0.451972
vn 0.674944 0.298147 0.674951
vn 0.772228 0.298140 0.561050
vn 0.517113 0.769057 0.375693
vn -0.112440 0.990295 -0.081693
vn 0.517113 0.769057 0.375693
vn 0.569475 0.769096 0.290155
vn -0.123855 0.990292 -0.063107
vn -0.123855 0.990292 -0.063107
vn 0.569475 0.769096 0.290155
vn 0.607903 0.769052 0.197515
vn -0.132182 0.990295 -0.042951
vn 0.517113 0.769057 0.375693
vn 0.772228 0.298140 0.561050
vn 0.850483 0.298150 0.433342
vn 0.569475 0.769096 0.290155
vn 0.569475 0.769096 0.290155
vn 0.850483 0.298150 0.433342
vn 0.907805 0.298141 0.294961
vn 0.607903 0.769052 0.197515
vn -0.132182 0.990295 -0.042951
vn 0.607903 0.769052 0.197515
vn 0.631261 0.769098 0.099989
vn -0.137294 0.990292 -0.021747
vn -0.137294 0.990292 -0.021747
vn 0.631261 0.769098 0.099989
vn 0.639186 0.769052 0.000000
vn -0.138984 0.990295 -0.000004
vn 0.607903 0.769052 0.197515
vn 0.907805 0.298141 0.294961
vn 0.942768 0.298150 0.149318
vn 0.631261 0.769098 0.099989
vn 0.631261 0.769098 0.099989
vn 0.942768 0.298150 0.149318
vn 0.954523 0.298137 0.000001
vn 0.639186 0.769052 0.000000
vn -0.138984 0.990295 -0.000004
vn 0.639186 0.769052 0.000000
vn 0.631266 0.769094 -0.099989
vn -0.137294 0.990292 0.021738
vn -0.137294 0.990292 0.021738
vn 0.631266 0.769094 -0.099989
vn 0.607903 0.769052 -0.197516
vn -0.132182 0.990295 0.042949
vn 0.639186 0.769052 0.000000
vn 0.954523 0.298137 0.000001
vn 0.942769 0.298147 -0.149318
vn 0.631266 0.769094 -0.099989
vn 0.631266 0.769094 -0.099989
vn 0.942769 0.298147 -0.149318
vn 0.907805 0.298141 -0.294962
vn 0.607903 0.769052 -0.197516
vn -0.132182 0.990295 0.042949
vn 0.607903 0.769052 -0.197516
vn 0.569479 0.769092 -0.290157
vn -0.123855 0.990292 0.063107
vn -0.123855 0.990292 0.063107
vn 0.569479 0.769092 -0.290157
vn 0.517117 0.769052 -0.375698
vn -0.112440 0.990295 0.081692
vn 0.607903 0.769052 -0.197516
vn 0.907805 0.298141 -0.294962
vn 0.850482 0.298149 -0.433344
vn 0.569479 0.769092 -0.290157
vn 0.569479 0.769092 -0.290157
vn 0.850482 0.298149 -0.433344
vn 0.772222 0.298136 -0.561060
vn 0.517117 0.769052 -0.375698
vn -0.112440 0.990295 0.081692
vn 0.517117 0.769052 -0.375698
vn 0.451927 0.769077 -0.451976
vn -0.098292 0.990291 0.098293
vn -0.098292 0.990291 0.098293
vn 0.451927 0.769077 -0.451976
vn 0.375696 0.769042 -0.517134
vn -0.081693 0.990294 0.112442
vn 0.517117 0.769052 -0.375698
vn 0.772222 0.298136 -0.561060
vn 0.674944 0.298143 -0.674953
vn 0.451927 0.769077 -0.451976
vn 0.451927 0.769077 -0.451976
vn 0.674944 0.298143 -0.674953
vn 0.561054 0.298134 -0.772227
vn 0.375696 0.769042 -0.517134
vn -0.081693 0.990294 0.112442
vn 0.375696 0.769042 -0.517134
vn 0.290165 0.769115 -0.569444
vn -0.063107 0.990291 0.123857
vn -0.063107 0.990291 0.123857
vn 0.290165 0.769115 -0.569444
vn 0.197516 0.769049 -0.607907
vn -0.042948 0.990295 0.132181
vn 0.375696 0.769042 -0.517134
vn 0.561054 0.298134 -0.772227
vn 0.433343 0.298147 -0.850484
vn 0.290165 0.769115 -0.569444
vn 0.290165 0.769115 -0.569444
vn 0.433343 0.298147 -0.850484
vn 0.294961 0.298133 -0.907808
vn 0.197516 0.769049 -0.607907
vn -0.042948 0.990295 0.132181
vn 0.197516 0.769049 -0.607907
vn 0.099981 0.769100 -0.631259
vn -0.021745 0.990292 0.137291
vn -0.021745 0.990292 0.137291
vn 0.099981 0.769100 -0.631259
vn 0.000000 0.769064 -0.639171
vn 0.000000 0.990295 0.138982
vn 0.197516 0.769049 -0.607907
vn 0.294961 0.298133 -0.907808
vn 0.149320 0.298145 -0.942769
vn 0.099981 0.769100 -0.631259
vn 0.099981 0.769100 -0.631259
vn 0.149320 0.298145 -0.942769
vn 0.000001 0.298139 -0.954523
vn 0.000000 0.769064 -0.639171
vn 0.000000 0.990295 0.138982
vn 0.000000 0.769064 -0.639171
vn -0.099982 0.769098 -0.631262
vn 0.021745 0.990292 0.137295
vn 0.021745 0.990292 0.137295
vn -0.099982 0.769098 -0.631262
vn -0.197514 0.769048 -0.607909
vn 0.042948 0.990295 0.132181
vn 0.000000 0.769064 -0.639171
vn 0.000001 0.298139 -0.954523
vn -0.149319 0.298145 -0.942769
vn -0.099982 0.769098 -0.631262
vn -0.099982 0.769098 -0.631262
vn -0.149319 0.298145 -0.942769
vn -0.294965 0.298136 -0.907806
vn -0.197514 0.769048 -0.607909
vn 0.042948 0.990295 0.132181
vn -0.197514 0.769048 -0.607909
vn -0.290161 0.769100 -0.569467
vn 0.063107 0.990292 0.123853
vn 0.063107 0.990292 0.123853
vn -0.290161 0.769100 -0.569467
vn -0.375704 0.769055 -0.517109
vn 0.081693 0.990295 0.112440
vn -0.197514 0.769048 -0.607909
vn -0.294965 0.298136 -0.907806
vn -0.433343 0.298146 -0.850484
vn -0.290161 0.769100 -0.569467
vn -0.290161 0.769100 -0.569467
vn -0.433343 0.298146 -0.850484
vn -0.561058 0.298139 -0.772222
vn -0.375704 0.769055 -0.517109
vn 0.081693 0.990295 0.112440
vn -0.375704 0.769055 -0.517109
vn -0.451934 0.769092 -0.451944
vn 0.098292 0.990292 0.098290
vn 0.098292 0.990292 0.098290
vn -0.451934 0.769092 -0.451944
vn -0.517122 0.769065 -0.375665
vn 0.112440 0.990295 0.081692
vn -0.375704 0.769055 -0.517109
vn -0.561058 0.298139 -0.772222
vn -0.674956 0.298152 -0.674937
vn -0.451934 0.769092 -0.451944
vn -0.451934 0.769092 -0.451944
vn -0.674956 0.298152 -0.674937
vn -0.772230 0.298139 -0.561047
vn -0.517122 0.769065 -0.375665
vn 0.112440 0.990295 0.081692
vn -0.517122 0.769065 -0.375665
vn -0.569474 0.769096 -0.290155
vn 0.123855 0.990292 0.063107
vn 0.123855 0.990292 0.063107
vn -0.569474 0.769096 -0.290155
vn -0.607896 0.769052 -0.197539
vn 0.132182 0.990295 0.042951
vn -0.517122 0.769065 -0.375665
vn -0.772230 0.298139 -0.561047
vn -0.850484 0.298146 -0.433343
vn -0.569474 0.769096 -0.290155
vn -0.569474 0.769096 -0.290155
vn -0.850484 0.298146 -0.433343
vn -0.907806 0.298135 -0.294964
vn -0.607896 0.769052 -0.197539
vn 0.132182 0.990295 0.042951
vn -0.607896 0.769052 -0.197539
vn -0.631267 0.769095 -0.099976
vn 0.137294 0.990292 0.021747
vn 0.137294 0.990292 0.021747
vn -0.631267 0.769095 -0.099976
vn -0.639195 0.769045 0.000004
vn 0.138984 0.990295 -0.000001
vn -0.607896 0.769052 -0.197539
vn -0.907806 0.298135 -0.294964
vn -0.942769 0.298146 -0.149319
vn -0.631267 0.769095 -0.099976
vn -0.631267 0.769095 -0.099976
vn -0.942769 0.298146 -0.149319
vn -0.954522 0.298139 0.000000
vn -0.639195 0.769045 0.000004
vn 0.951057 0.000000 -0.309016
vn 0.891007 0.000000 -0.453990
vn 0.891007 0.000720 -0.453990
vn 0.951057 0.000720 -0.309016
vn 0.891007 0.000000 -0.453990
vn 0.809017 0.000000 -0.587785
vn 0.809017 0.000720 -0.587785
vn 0.891007 0.000720 -0.453990
vn 0.809017 0.000000 -0.587785
vn 0.707107 0.000000 -0.707107
vn 0.707106 0.000720 -0.707107
vn 0.809017 0.000720 -0.587785
vn 0.707107 0.000000 -0.707107
vn 0.587785 0.000000 -0.809017
vn 0.587785 0.000720 -0.809017
vn 0.707106 0.000720 -0.707107
vn 0.587785 0.000000 -0.809017
vn 0.453990 0.000000 -0.891007
vn 0.453990 0.000720 -0.891006
vn 0.587785 0.000720 -0.809017
vn 0.453990 0.000000 -0.891007
vn 0.309017 0.000000 -0.951057
vn 0.309017 0.000720 -0.951056
vn 0.453990 0.000720 -0.891006
vn 0.309017 0.000000 -0.951057
vn 0.156435 0.000000 -0.987688
vn 0.156435 0.000720 -0.987688
vn 0.309017 0.000720 -0.951056
vn 0.156435 0.000000 -0.987688
vn 0.000000 0.000000 -1.000000
vn 0.000000 0.000720 -1.000000
vn 0.156435 0.000720 -0.987688
vn 0.000000 0.000000 -1.000000
vn -0.156435 0.000000 -0.987688
vn -0.156435 0.000720 -0.987688
vn 0.000000 0.000720 -1.000000
vn -0.156435 0.000000 -0.987688
vn -0.309017 0.000000 -0.951057
vn -0.309017 0.000720 -0.951056
vn -0.156435 0.000720 -0.987688
vn -0.309017 0.000000 -0.951057
vn -0.453990 0.000000 -0.891007
vn -0.453990 0.000720 -0.891006
vn -0.309017 0.000720 -0.951056
vn -0.453990 0.000000 -0.891007
vn -0.587785 0.000000 -0.809017
vn -0.587785 0.000720 -0.809017
vn -0.453990 0.000720 -0.891006
vn -0.587785 0.000000 -0.809017
vn -0.707107 0.000000 -0.707106
vn -0.707107 0.000720 -0.707106
vn -0.587785 0.000720 -0.809017
vn -0.707107 0.000000 -0.707106
vn -0.809017 0.000000 -0.587785
vn -0.809017 0.000720 -0.587785
vn -0.707107 0.000720 -0.707106
vn -0.809017 0.000000 -0.587785
vn -0.891007 0.000000 -0.453990
vn -0.891006 0.000720 -0.453990
vn -0.809017 0.000720 -0.587785
vn -0.891007 0.000000 -0.453990
vn -0.951057 0.000000 -0.309017
vn -0.951056 0.000720 -0.309017
vn -0.891006 0.000720 -0.453990
vn -0.951057 0.000000 -0.309017
vn -0.987688 0.000000 -0.156434
vn -0.987688 0.000720 -0.156434
vn -0.951056 0.000720 -0.309017
vn -0.987688 0.000000 -0.156434
vn -1.000000 0.000000 0.000000
vn -1.000000 0.000720 0.000000
vn -0.987688 0.000720 -0.156434
vn -1.000000 0.000000 0.000000
vn -0.987688 0.000000 0.156434
vn -0.987688 0.000720 0.156434
vn -1.000000 0.000720 0.000000
vn -0.987688 0.000000 0.156434
vn -0.951057 0.000000 0.309017
vn -0.951056 0.000720 0.309017
vn -0.987688 0.000720 0.156434
vn -0.951057 0.000000 0.309017
vn -0.891007 0.000000 0.453991
vn -0.891006 0.000720 0.453990
vn -0.951056 0.000720 0.309017
vn -0.891007 0.000000 0.453991
vn -0.809017 0.000000 0.587785
vn -0.809017 0.000720 0.587785
vn -0.891006 0.000720 0.453990
vn -0.809017 0.000000 0.587785
vn -0.707107 0.000000 0.707107
vn -0.707107 0.000720 0.707107
vn -0.809017 0.000720 0.587785
vn -0.707107 0.000000 0.707107
vn -0.587785 0.000000 0.809017
vn -0.587785 0.000720 0.809017
vn -0.707107 0.000720 0.707107
vn -0.587785 0.000000 0.809017
vn -0.453991 0.000000 0.891006
vn -0.453990 0.000720 0.891006
vn -0.587785 0.000720 0.809017
vn -0.453991 0.000000 0.891006
vn -0.309017 0.000000 0.951057
vn -0.309017 0.000720 0.951056
vn -0.453990 0.000720 0.891006
vn -0.309017 0.000000 0.951057
vn -0.156434 0.000000 0.987688
vn -0.156434 0.000720 0.987688
vn -0.309017 0.000720 0.951056
vn -0.156434 0.000000 0.987688
vn 0.000000 0.000000 1.000000
vn 0.000000 0.000720 1.000000
vn -0.156434 0.000720 0.987688
vn 0.000000 0.000000 1.000000
vn 0.156434 0.000000 0.987688
vn 0.156434 0.000720 0.987688
vn 0.000000 0.000720 1.000000
vn 0.156434 0.000000 0.987688
vn 0.309017 0.000000 0.951057
vn 0.309017 0.000720 0.951056
vn 0.156434 0.000720 0.987688
vn 0.309017 0.000000 0.951057
vn 0.453991 0.000000 0.891006
vn 0.453990 0.000720 0.891006
vn 0.309017 0.000720 0.951056
vn 0.453991 0.000000 0.891006
vn 0.587785 0.000000 0.809017
vn 0.587785 0.000720 0.809017
vn 0.453990 0.000720 0.891006
vn 0.587785 0.000000 0.809017
vn 0.707107 0.000000 0.707107
vn 0.707107 0.000720 0.707107
vn 0.587785 0.000720 0.809017
vn 0.707107 0.000000 0.707107
vn 0.809017 0.000000 0.587785
vn 0.809017 0.000720 0.587785
vn 0.707107 0.000720 0.707107
vn 0.809017 0.000000 0.587785
vn 0.891007 0.000000 0.453990
vn 0.891006 0.000720 0.453990
vn 0.809017 0.000720 0.587785
vn 0.891007 0.000000 0.453990
vn 0.951057 0.000000 0.309017
vn 0.951056 0.000720 0.309017
vn 0.891006 0.000720 0.453990
vn 0.951057 0.000000 0.309017
vn 0.987688 0.000000 0.156435
vn 0.987688 0.000720 0.156435
vn 0.951056 0.000720 0.309017
vn 0.987688 0.000000 0.156435
vn 1.000000 0.000000 0.000001
vn 1.000000 0.000720 0.000001
vn 0.987688 0.000720 0.156435
vn 1.000000 0.000000 0.000001
vn 0.987689 0.000000 -0.156433
vn 0.987688 0.000720 -0.156433
vn 1.000000 0.000720 0.000001
vn 0.987689 0.000000 -0.156433
vn 0.951057 0.000000 -0.309016
vn 0.951057 0.000720 -0.309016
vn 0.987688 0.000720 -0.156433
vn 0.368495 -0.921887 -0.119731
vn 0.036114 -0.999279 -0.011734
vn 0.033820 -0.999279 -0.017232
vn 0.345204 -0.921899 -0.175890
vn 0.033820 -0.999279 -0.017232
vn 0.036114 -0.999279 -0.011734
vn 0.033028 -0.999397 -0.010731
vn 0.030957 -0.999396 -0.015774
vn 0.030720 -0.999279 -0.022319
vn 0.033820 -0.999279 -0.017232
vn 0.030957 -0.999396 -0.015774
vn 0.028096 -0.999397 -0.020413
vn 0.345204 -0.921899 -0.175890
vn 0.033820 -0.999279 -0.017232
vn 0.030720 -0.999279 -0.022319
vn 0.313461 -0.921887 -0.227742
vn 0.675142 -0.704317 -0.219366
vn 0.531977 -0.828929 -0.172849
vn 0.498382 -0.828933 -0.253939
vn 0.632511 -0.704319 -0.322281
vn 0.531977 -0.828929 -0.172849
vn 0.368495 -0.921887 -0.119731
vn 0.345204 -0.921899 -0.175890
vn 0.498382 -0.828933 -0.253939
vn 0.498382 -0.828933 -0.253939
vn 0.345204 -0.921899 -0.175890
vn 0.313461 -0.921887 -0.227742
vn 0.452536 -0.828921 -0.328787
vn 0.632511 -0.704319 -0.322281
vn 0.498382 -0.828933 -0.253939
vn 0.452536 -0.828921 -0.328787
vn 0.574312 -0.704313 -0.417262
vn 0.951048 -0.004333 -0.309013
vn 0.890999 -0.004333 -0.453986
vn 0.891007 -0.000755 -0.453990
vn 0.951057 -0.000755 -0.309016
vn 0.951048 -0.004333 -0.309013
vn 0.879434 -0.380717 -0.285744
vn 0.823908 -0.380713 -0.419802
vn 0.890999 -0.004333 -0.453986
vn 0.890999 -0.004333 -0.453986
vn 0.823908 -0.380713 -0.419802
vn 0.748091 -0.380716 -0.543520
vn 0.809009 -0.004333 -0.587780
vn 0.890999 -0.004333 -0.453986
vn 0.809009 -0.004333 -0.587780
vn 0.809017 -0.000755 -0.587785
vn 0.891007 -0.000755 -0.453990
vn 0.879434 -0.380717 -0.285744
vn 0.792371 -0.553050 -0.257456
vn 0.742343 -0.553046 -0.378243
vn 0.823908 -0.380713 -0.419802
vn 0.792371 -0.553050 -0.257456
vn 0.675142 -0.704317 -0.219366
vn 0.632511 -0.704319 -0.322281
vn 0.742343 -0.553046 -0.378243
vn 0.742343 -0.553046 -0.378243
vn 0.632511 -0.704319 -0.322281
vn 0.574312 -0.704313 -0.417262
vn 0.674033 -0.553045 -0.489714
vn 0.823908 -0.380713 -0.419802
vn 0.742343 -0.553046 -0.378243
vn 0.674033 -0.553045 -0.489714
vn 0.748091 -0.380716 -0.543520
vn 0.313461 -0.921887 -0.227742
vn 0.030720 -0.999279 -0.022319
vn 0.026839 -0.999279 -0.026839
vn 0.273955 -0.921899 -0.273955
vn 0.026839 -0.999279 -0.026839
vn 0.030720 -0.999279 -0.022319
vn 0.028096 -0.999397 -0.020413
vn 0.024568 -0.999396 -0.024568
vn 0.022319 -0.999279 -0.030720
vn 0.026839 -0.999279 -0.026839
vn 0.024568 -0.999396 -0.024568
vn 0.020413 -0.999397 -0.028096
vn 0.273955 -0.921899 -0.273955
vn 0.026839 -0.999279 -0.026839
vn 0.022319 -0.999279 -0.030720
vn 0.227742 -0.921887 -0.313461
vn 0.574312 -0.704313 -0.417262
vn 0.452536 -0.828921 -0.328787
vn 0.395522 -0.828929 -0.395523
vn 0.501965 -0.704317 -0.501965
vn 0.452536 -0.828921 -0.328787
vn 0.313461 -0.921887 -0.227742
vn 0.273955 -0.921899 -0.273955
vn 0.395522 -0.828929 -0.395523
vn 0.395522 -0.828929 -0.395523
vn 0.273955 -0.921899 -0.273955
vn 0.227742 -0.921887 -0.313461
vn 0.328787 -0.828920 -0.452537
vn 0.501965 -0.704317 -0.501965
vn 0.395522 -0.828929 -0.395523
vn 0.328787 -0.828920 -0.452537
vn 0.417263 -0.704313 -0.574313
vn 0.809009 -0.004333 -0.587780
vn 0.707100 -0.004333 -0.707100
vn 0.707106 -0.000755 -0.707107
vn 0.809017 -0.000755 -0.587785
vn 0.809009 -0.004333 -0.587780
vn 0.748091 -0.380716 -0.543520
vn 0.653856 -0.380714 -0.653857
vn 0.707100 -0.004333 -0.707100
vn 0.707100 -0.004333 -0.707100
vn 0.653856 -0.380714 -0.653857
vn 0.543521 -0.380715 -0.748092
vn 0.587780 -0.004333 -0.809009
vn 0.707100 -0.004333 -0.707100
vn 0.587780 -0.004333 -0.809009
vn 0.587785 -0.000755 -0.809017
vn 0.707106 -0.000755 -0.707107
vn 0.748091 -0.380716 -0.543520
vn 0.674033 -0.553045 -0.489714
vn 0.589127 -0.553044 -0.589128
vn 0.653856 -0.380714 -0.653857
vn 0.674033 -0.553045 -0.489714
vn 0.574312 -0.704313 -0.417262
vn 0.501965 -0.704317 -0.501965
vn 0.589127 -0.553044 -0.589128
vn 0.589127 -0.553044 -0.589128
vn 0.501965 -0.704317 -0.501965
vn 0.417263 -0.704313 -0.574313
vn 0.489713 -0.553046 -0.674033
vn 0.653856 -0.380714 -0.653857
vn 0.589127 -0.553044 -0.589128
vn 0.489713 -0.553046 -0.674033
vn 0.543521 -0.380715 -0.748092
vn 0.227742 -0.921887 -0.313461
vn 0.022319 -0.999279 -0.030720
vn 0.017232 -0.999279 -0.033819
vn 0.175890 -0.921899 -0.345204
vn 0.017232 -0.999279 -0.033819
vn 0.022319 -0.999279 -0.030720
vn 0.020413 -0.999397 -0.028096
vn 0.015774 -0.999396 -0.030958
vn 0.011734 -0.999279 -0.036113
vn 0.017232 -0.999279 -0.033819
vn 0.015774 -0.999396 -0.030958
vn 0.010732 -0.999397 -0.033029
vn 0.175890 -0.921899 -0.345204
vn 0.017232 -0.999279 -0.033819
vn 0.011734 -0.999279 -0.036113
vn 0.119731 -0.921887 -0.368495
vn 0.417263 -0.704313 -0.574313
vn 0.328787 -0.828920 -0.452537
vn 0.253942 -0.828929 -0.498388
vn 0.322281 -0.704319 -0.632511
vn 0.328787 -0.828920 -0.452537
vn 0.227742 -0.921887 -0.313461
vn 0.175890 -0.921899 -0.345204
vn 0.253942 -0.828929 -0.498388
vn 0.253942 -0.828929 -0.498388
vn 0.175890 -0.921899 -0.345204
vn 0.119731 -0.921887 -0.368495
vn 0.172854 -0.828921 -0.531989
vn 0.322281 -0.704319 -0.632511
vn 0.253942 -0.828929 -0.498388
vn 0.172854 -0.828921 -0.531989
vn 0.219367 -0.704315 -0.675143
vn 0.587780 -0.004333 -0.809009
vn 0.453986 -0.004333 -0.890998
vn 0.453990 -0.000755 -0.891006
vn 0.587785 -0.000755 -0.809017
vn 0.587780 -0.004333 -0.809009
vn 0.543521 -0.380715 -0.748092
vn 0.419802 -0.380712 -0.823908
vn 0.453986 -0.004333 -0.890998
vn 0.453986 -0.004333 -0.890998
vn 0.419802 -0.380712 -0.823908
vn 0.285746 -0.380715 -0.879435
vn 0.309014 -0.004333 -0.951048
vn 0.453986 -0.004333 -0.890998
vn 0.309014 -0.004333 -0.951048
vn 0.309017 -0.000755 -0.951056
vn 0.453990 -0.000755 -0.891006
vn 0.543521 -0.380715 -0.748092
vn 0.489713 -0.553046 -0.674033
vn 0.378243 -0.553045 -0.742343
vn 0.419802 -0.380712 -0.823908
vn 0.489713 -0.553046 -0.674033
vn 0.417263 -0.704313 -0.574313
vn 0.322281 -0.704319 -0.632511
vn 0.378243 -0.553045 -0.742343
vn 0.378243 -0.553045 -0.742343
vn 0.322281 -0.704319 -0.632511
vn 0.219367 -0.704315 -0.675143
vn 0.257457 -0.553046 -0.792373
vn 0.419802 -0.380712 -0.823908
vn 0.378243 -0.553045 -0.742343
vn 0.257457 -0.553046 -0.792373
vn 0.285746 -0.380715 -0.879435
vn 0.119731 -0.921887 -0.368495
vn 0.011734 -0.999279 -0.036113
vn 0.005938 -0.999279 -0.037489
vn 0.060607 -0.921899 -0.382660
vn 0.005938 -0.999279 -0.037489
vn 0.011734 -0.999279 -0.036113
vn 0.010732 -0.999397 -0.033029
vn 0.005435 -0.999396 -0.034317
vn 0.000000 -0.999279 -0.037972
vn 0.005938 -0.999279 -0.037489
vn 0.005435 -0.999396 -0.034317
vn 0.000000 -0.999397 -0.034728
vn 0.060607 -0.921899 -0.382660
vn 0.005938 -0.999279 -0.037489
vn 0.000000 -0.999279 -0.037972
vn 0.000000 -0.921887 -0.387458
vn 0.219367 -0.704315 -0.675143
vn 0.172854 -0.828921 -0.531989
vn 0.087502 -0.828929 -0.552467
vn 0.111050 -0.704319 -0.701144
vn 0.172854 -0.828921 -0.531989
vn 0.119731 -0.921887 -0.368495
vn 0.060607 -0.921899 -0.382660
vn 0.087502 -0.828929 -0.552467
vn 0.087502 -0.828929 -0.552467
vn 0.060607 -0.921899 -0.382660
vn 0.000000 -0.921887 -0.387458
vn 0.000000 -0.828921 -0.559365
vn 0.111050 -0.704319 -0.701144
vn 0.087502 -0.828929 -0.552467
vn 0.000000 -0.828921 -0.559365
vn 0.000000 -0.704314 -0.709888
vn 0.309014 -0.004333 -0.951048
vn 0.156433 -0.004333 -0.987679
vn 0.156434 -0.000755 -0.987688
vn 0.309017 -0.000755 -0.951056
vn 0.309014 -0.004333 -0.951048
vn 0.285746 -0.380715 -0.879435
vn 0.144653 -0.380713 -0.913309
vn 0.156433 -0.004333 -0.987679
vn 0.156433 -0.004333 -0.987679
vn 0.144653 -0.380713 -0.913309
vn 0.000000 -0.380715 -0.924692
vn 0.000000 -0.004333 -0.999991
vn 0.156433 -0.004333 -0.987679
vn 0.000000 -0.004333 -0.999991
vn 0.000000 -0.000755 -1.000000
vn 0.156434 -0.000755 -0.987688
vn 0.285746 -0.380715 -0.879435
vn 0.257457 -0.553046 -0.792373
vn 0.130333 -0.553045 -0.822894
vn 0.144653 -0.380713 -0.913309
vn 0.257457 -0.553046 -0.792373
vn 0.219367 -0.704315 -0.675143
vn 0.111050 -0.704319 -0.701144
vn 0.130333 -0.553045 -0.822894
vn 0.130333 -0.553045 -0.822894
vn 0.111050 -0.704319 -0.701144
vn 0.000000 -0.704314 -0.709888
vn 0.000000 -0.553046 -0.833151
vn 0.144653 -0.380713 -0.913309
vn 0.130333 -0.553045 -0.822894
vn 0.000000 -0.553046 -0.833151
vn 0.000000 -0.380715 -0.924692
vn 0.000000 -0.921887 -0.387458
vn 0.000000 -0.999279 -0.037972
vn -0.005938 -0.999279 -0.037489
vn -0.060607 -0.921899 -0.382661
vn -0.005938 -0.999279 -0.037489
vn 0.000000 -0.999279 -0.037972
vn 0.000000 -0.999397 -0.034728
vn -0.005435 -0.999396 -0.034317
vn -0.011734 -0.999279 -0.036113
vn -0.005938 -0.999279 -0.037489
vn -0.005435 -0.999396 -0.034317
vn -0.010732 -0.999397 -0.033028
vn -0.060607 -0.921899 -0.382661
vn -0.005938 -0.999279 -0.037489
vn -0.011734 -0.999279 -0.036113
vn -0.119731 -0.921887 -0.368495
vn 0.000000 -0.704314 -0.709888
vn 0.000000 -0.828921 -0.559365
vn -0.087502 -0.828929 -0.552467
vn -0.111051 -0.704319 -0.701144
vn 0.000000 -0.828921 -0.559365
vn 0.000000 -0.921887 -0.387458
vn -0.060607 -0.921899 -0.382661
vn -0.087502 -0.828929 -0.552467
vn -0.087502 -0.828929 -0.552467
vn -0.060607 -0.921899 -0.382661
vn -0.119731 -0.921887 -0.368495
vn -0.172854 -0.828920 -0.531989
vn -0.111051 -0.704319 -0.701144
vn -0.087502 -0.828929 -0.552467
vn -0.172854 -0.828920 -0.531989
vn -0.219367 -0.704315 -0.675144
vn 0.000000 -0.004333 -0.999991
vn -0.156433 -0.004333 -0.987679
vn -0.156435 -0.000755 -0.987688
vn 0.000000 -0.000755 -1.000000
vn 0.000000 -0.004333 -0.999991
vn 0.000000 -0.380715 -0.924692
vn -0.144654 -0.380713 -0.913309
vn -0.156433 -0.004333 -0.987679
vn -0.156433 -0.004333 -0.987679
vn -0.144654 -0.380713 -0.913309
vn -0.285746 -0.380716 -0.879434
vn -0.309014 -0.004333 -0.951048
vn -0.156433 -0.004333 -0.987679
vn -0.309014 -0.004333 -0.951048
vn -0.309017 -0.000755 -0.951056
vn -0.156435 -0.000755 -0.987688
vn 0.000000 -0.380715 -0.924692
vn 0.000000 -0.553046 -0.833151
vn -0.130334 -0.553046 -0.822893
vn -0.144654 -0.380713 -0.913309
vn 0.000000 -0.553046 -0.833151
vn 0.000000 -0.704314 -0.709888
vn -0.111051 -0.704319 -0.701144
vn -0.130334 -0.553046 -0.822893
vn -0.130334 -0.553046 -0.822893
vn -0.111051 -0.704319 -0.701144
vn -0.219367 -0.704315 -0.675144
vn -0.257457 -0.553048 -0.792372
vn -0.144654 -0.380713 -0.913309
vn -0.130334 -0.553046 -0.822893
vn -0.257457 -0.553048 -0.792372
vn -0.285746 -0.380716 -0.879434
vn -0.119731 -0.921887 -0.368495
vn -0.011734 -0.999279 -0.036113
vn -0.017232 -0.999279 -0.033819
vn -0.175890 -0.921899 -0.345203
vn -0.017232 -0.999279 -0.033819
vn -0.011734 -0.999279 -0.036113
vn -0.010732 -0.999397 -0.033028
vn -0.015774 -0.999396 -0.030958
vn -0.022319 -0.999279 -0.030720
vn -0.017232 -0.999279 -0.033819
vn -0.015774 -0.999396 -0.030958
vn -0.020413 -0.999397 -0.028096
vn -0.175890 -0.921899 -0.345203
vn -0.017232 -0.999279 -0.033819
vn -0.022319 -0.999279 -0.030720
vn -0.227742 -0.921887 -0.313460
vn -0.219367 -0.704315 -0.675144
vn -0.172854 -0.828920 -0.531989
vn -0.253942 -0.828929 -0.498388
vn -0.322281 -0.704319 -0.632511
vn -0.172854 -0.828920 -0.531989
vn -0.119731 -0.921887 -0.368495
vn -0.175890 -0.921899 -0.345203
vn -0.253942 -0.828929 -0.498388
vn -0.253942 -0.828929 -0.498388
vn -0.175890 -0.921899 -0.345203
vn -0.227742 -0.921887 -0.313460
vn -0.328787 -0.828921 -0.452537
vn -0.322281 -0.704319 -0.632511
vn -0.253942 -0.828929 -0.498388
vn -0.328787 -0.828921 -0.452537
vn -0.417262 -0.704314 -0.574311
vn -0.309014 -0.004333 -0.951048
vn -0.453986 -0.004333 -0.890998
vn -0.453990 -0.000755 -0.891006
vn -0.309017 -0.000755 -0.951056
vn -0.309014 -0.004333 -0.951048
vn -0.285746 -0.380716 -0.879434
vn -0.419802 -0.380714 -0.823907
vn -0.453986 -0.004333 -0.890998
vn -0.453986 -0.004333 -0.890998
vn -0.419802 -0.380714 -0.823907
vn -0.543521 -0.380717 -0.748091
vn -0.587780 -0.004333 -0.809009
vn -0.453986 -0.004333 -0.890998
vn -0.587780 -0.004333 -0.809009
vn -0.587785 -0.000755 -0.809017
vn -0.453990 -0.000755 -0.891006
vn -0.285746 -0.380716 -0.879434
vn -0.257457 -0.553048 -0.792372
vn -0.378243 -0.553046 -0.742343
vn -0.419802 -0.380714 -0.823907
vn -0.257457 -0.553048 -0.792372
vn -0.219367 -0.704315 -0.675144
vn -0.322281 -0.704319 -0.632511
vn -0.378243 -0.553046 -0.742343
vn -0.378243 -0.553046 -0.742343
vn -0.322281 -0.704319 -0.632511
vn -0.417262 -0.704314 -0.574311
vn -0.489713 -0.553047 -0.674033
vn -0.419802 -0.380714 -0.823907
vn -0.378243 -0.553046 -0.742343
vn -0.489713 -0.553047 -0.674033
vn -0.543521 -0.380717 -0.748091
vn -0.227742 -0.921887 -0.313460
vn -0.022319 -0.999279 -0.030720
vn -0.026839 -0.999279 -0.026839
vn -0.273955 -0.921899 -0.273955
vn -0.026839 -0.999279 -0.026839
vn -0.022319 -0.999279 -0.030720
vn -0.020413 -0.999397 -0.028096
vn -0.024568 -0.999396 -0.024568
vn -0.030720 -0.999279 -0.022319
vn -0.026839 -0.999279 -0.026839
vn -0.024568 -0.999396 -0.024568
vn -0.028096 -0.999397 -0.020413
vn -0.273955 -0.921899 -0.273955
vn -0.026839 -0.999279 -0.026839
vn -0.030720 -0.999279 -0.022319
vn -0.313460 -0.921887 -0.227742
vn -0.417262 -0.704314 -0.574311
vn -0.328787 -0.828921 -0.452537
vn -0.395523 -0.828929 -0.395523
vn -0.501964 -0.704319 -0.501964
vn -0.328787 -0.828921 -0.452537
vn -0.227742 -0.921887 -0.313460
vn -0.273955 -0.921899 -0.273955
vn -0.395523 -0.828929 -0.395523
vn -0.395523 -0.828929 -0.395523
vn -0.273955 -0.921899 -0.273955
vn -0.313460 -0.921887 -0.227742
vn -0.452535 -0.828922 -0.328786
vn -0.501964 -0.704319 -0.501964
vn -0.395523 -0.828929 -0.395523
vn -0.452535 -0.828922 -0.328786
vn -0.574312 -0.704314 -0.417262
vn -0.587780 -0.004333 -0.809009
vn -0.707101 -0.004333 -0.707100
vn -0.707107 -0.000755 -0.707106
vn -0.587785 -0.000755 -0.809017
vn -0.587780 -0.004333 -0.809009
vn -0.543521 -0.380717 -0.748091
vn -0.653856 -0.380715 -0.653856
vn -0.707101 -0.004333 -0.707100
vn -0.707101 -0.004333 -0.707100
vn -0.653856 -0.380715 -0.653856
vn -0.748092 -0.380715 -0.543521
vn -0.809009 -0.004333 -0.587780
vn -0.707101 -0.004333 -0.707100
vn -0.809009 -0.004333 -0.587780
vn -0.809017 -0.000755 -0.587785
vn -0.707107 -0.000755 -0.707106
vn -0.543521 -0.380717 -0.748091
vn -0.489713 -0.553047 -0.674033
vn -0.589127 -0.553046 -0.589127
vn -0.653856 -0.380715 -0.653856
vn -0.489713 -0.553047 -0.674033
vn -0.417262 -0.704314 -0.574311
vn -0.501964 -0.704319 -0.501964
vn -0.589127 -0.553046 -0.589127
vn -0.589127 -0.553046 -0.589127
vn -0.501964 -0.704319 -0.501964
vn -0.574312 -0.704314 -0.417262
vn -0.674034 -0.553045 -0.489714
vn -0.653856 -0.380715 -0.653856
vn -0.589127 -0.553046 -0.589127
vn -0.674034 -0.553045 -0.489714
vn -0.748092 -0.380715 -0.543521
vn -0.313460 -0.921887 -0.227742
vn -0.030720 -0.999279 -0.022319
vn -0.033819 -0.999279 -0.017232
vn -0.345203 -0.921899 -0.175890
vn -0.033819 -0.999279 -0.017232
vn -0.030720 -0.999279 -0.022319
vn -0.028096 -0.999397 -0.020413
vn -0.030958 -0.999396 -0.015774
vn -0.036113 -0.999279 -0.011734
vn -0.033819 -0.999279 -0.017232
vn -0.030958 -0.999396 -0.015774
vn -0.033029 -0.999397 -0.010732
vn -0.345203 -0.921899 -0.175890
vn -0.033819 -0.999279 -0.017232
vn -0.036113 -0.999279 -0.011734
vn -0.368495 -0.921887 -0.119731
vn -0.574312 -0.704314 -0.417262
vn -0.452535 -0.828922 -0.328786
vn -0.498386 -0.828930 -0.253940
vn -0.632511 -0.704319 -0.322281
vn -0.452535 -0.828922 -0.328786
vn -0.313460 -0.921887 -0.227742
vn -0.345203 -0.921899 -0.175890
vn -0.498386 -0.828930 -0.253940
vn -0.498386 -0.828930 -0.253940
vn -0.345203 -0.921899 -0.175890
vn -0.368495 -0.921887 -0.119731
vn -0.531990 -0.828920 -0.172854
vn -0.632511 -0.704319 -0.322281
vn -0.498386 -0.828930 -0.253940
vn -0.531990 -0.828920 -0.172854
vn -0.675144 -0.704314 -0.219367
vn -0.809009 -0.004333 -0.587780
vn -0.890998 -0.004333 -0.453986
vn -0.891006 -0.000755 -0.453990
vn -0.809017 -0.000755 -0.587785
vn -0.809009 -0.004333 -0.587780
vn -0.748092 -0.380715 -0.543521
vn -0.823909 -0.380710 -0.419803
vn -0.890998 -0.004333 -0.453986
vn -0.890998 -0.004333 -0.453986
vn -0.823909 -0.380710 -0.419803
vn -0.879435 -0.380715 -0.285746
vn -0.951048 -0.004333 -0.309014
vn -0.890998 -0.004333 -0.453986
vn -0.951048 -0.004333 -0.309014
vn -0.951056 -0.000755 -0.309017
vn -0.891006 -0.000755 -0.453990
vn -0.748092 -0.380715 -0.543521
vn -0.674034 -0.553045 -0.489714
vn -0.742344 -0.553044 -0.378243
vn -0.823909 -0.380710 -0.419803
vn -0.674034 -0.553045 -0.489714
vn -0.574312 -0.704314 -0.417262
vn -0.632511 -0.704319 -0.322281
vn -0.742344 -0.553044 -0.378243
vn -0.742344 -0.553044 -0.378243
vn -0.632511 -0.704319 -0.322281
vn -0.675144 -0.704314 -0.219367
vn -0.792371 -0.553050 -0.257457
vn -0.823909 -0.380710 -0.419803
vn -0.742344 -0.553044 -0.378243
vn -0.792371 -0.553050 -0.257457
vn -0.879435 -0.380715 -0.285746
vn -0.368495 -0.921887 -0.119731
vn -0.036113 -0.999279 -0.011734
vn -0.037489 -0.999279 -0.005938
vn -0.382661 -0.921899 -0.060607
vn -0.037489 -0.999279 -0.005938
vn -0.036113 -0.999279 -0.011734
vn -0.033029 -0.999397 -0.010732
vn -0.034317 -0.999396 -0.005435
vn -0.037972 -0.999279 0.000000
vn -0.037489 -0.999279 -0.005938
vn -0.034317 -0.999396 -0.005435
vn -0.034728 -0.999397 0.000000
vn -0.382661 -0.921899 -0.060607
vn -0.037489 -0.999279 -0.005938
vn -0.037972 -0.999279 0.000000
vn -0.387458 -0.921887 0.000000
vn -0.675144 -0.704314 -0.219367
vn -0.531990 -0.828920 -0.172854
vn -0.552467 -0.828929 -0.087502
vn -0.701143 -0.704319 -0.111050
vn -0.531990 -0.828920 -0.172854
vn -0.368495 -0.921887 -0.119731
vn -0.382661 -0.921899 -0.060607
vn -0.552467 -0.828929 -0.087502
vn -0.552467 -0.828929 -0.087502
vn -0.382661 -0.921899 -0.060607
vn -0.387458 -0.921887 0.000000
vn -0.559364 -0.828922 0.000000
vn -0.701143 -0.704319 -0.111050
vn -0.552467 -0.828929 -0.087502
vn -0.559364 -0.828922 0.000000
vn -0.709887 -0.704316 0.000000
vn -0.951048 -0.004333 -0.309014
vn -0.987679 -0.004333 -0.156433
vn -0.987688 -0.000755 -0.156434
vn -0.951056 -0.000755 -0.309017
vn -0.951048 -0.004333 -0.309014
vn -0.879435 -0.380715 -0.285746
vn -0.913308 -0.380715 -0.144654
vn -0.987679 -0.004333 -0.156433
vn -0.987679 -0.004333 -0.156433
vn -0.913308 -0.380715 -0.144654
vn -0.924692 -0.380717 0.000000
vn -0.999991 -0.004333 0.000000
vn -0.987679 -0.004333 -0.156433
vn -0.999991 -0.004333 0.000000
vn -1.000000 -0.000755 0.000000
vn -0.987688 -0.000755 -0.156434
vn -0.879435 -0.380715 -0.285746
vn -0.792371 -0.553050 -0.257457
vn -0.822892 -0.553048 -0.130333
vn -0.913308 -0.380715 -0.144654
vn -0.792371 -0.553050 -0.257457
vn -0.675144 -0.704314 -0.219367
vn -0.701143 -0.704319 -0.111050
vn -0.822892 -0.553048 -0.130333
vn -0.822892 -0.553048 -0.130333
vn -0.701143 -0.704319 -0.111050
vn -0.709887 -0.704316 0.000000
vn -0.833151 -0.553046 0.000000
vn -0.913308 -0.380715 -0.144654
vn -0.822892 -0.553048 -0.130333
vn -0.833151 -0.553046 0.000000
vn -0.924692 -0.380717 0.000000
vn -0.387458 -0.921887 0.000000
vn -0.037972 -0.999279 0.000000
vn -0.037489 -0.999279 0.005938
vn -0.382660 -0.921899 0.060607
vn -0.037489 -0.999279 0.005938
vn -0.037972 -0.999279 0.000000
vn -0.034728 -0.999397 0.000000
vn -0.034317 -0.999396 0.005435
vn -0.036113 -0.999279 0.011734
vn -0.037489 -0.999279 0.005938
vn -0.034317 -0.999396 0.005435
vn -0.033029 -0.999397 0.010732
vn -0.382660 -0.921899 0.060607
vn -0.037489 -0.999279 0.005938
vn -0.036113 -0.999279 0.011734
vn -0.368494 -0.921888 0.119731
vn -0.709887 -0.704316 0.000000
vn -0.559364 -0.828922 0.000000
vn -0.552467 -0.828929 0.087502
vn -0.701145 -0.704318 0.111050
vn -0.559364 -0.828922 0.000000
vn -0.387458 -0.921887 0.000000
vn -0.382660 -0.921899 0.060607
vn -0.552467 -0.828929 0.087502
vn -0.552467 -0.828929 0.087502
vn -0.382660 -0.921899 0.060607
vn -0.368494 -0.921888 0.119731
vn -0.531988 -0.828921 0.172853
vn -0.701145 -0.704318 0.111050
vn -0.552467 -0.828929 0.087502
vn -0.531988 -0.828921 0.172853
vn -0.675145 -0.704313 0.219368
vn -0.999991 -0.004333 0.000000
vn -0.987679 -0.004333 0.156433
vn -0.987688 -0.000755 0.156434
vn -1.000000 -0.000755 0.000000
vn -0.999991 -0.004333 0.000000
vn -0.924692 -0.380717 0.000000
vn -0.913309 -0.380713 0.144654
vn -0.987679 -0.004333 0.156433
vn -0.987679 -0.004333 0.156433
vn -0.913309 -0.380713 0.144654
vn -0.879435 -0.380714 0.285746
vn -0.951048 -0.004333 0.309014
vn -0.987679 -0.004333 0.156433
vn -0.951048 -0.004333 0.309014
vn -0.951056 -0.000755 0.309017
vn -0.987688 -0.000755 0.156434
vn -0.924692 -0.380717 0.000000
vn -0.833151 -0.553046 0.000000
vn -0.822894 -0.553044 0.130334
vn -0.913309 -0.380713 0.144654
vn -0.833151 -0.553046 0.000000
vn -0.709887 -0.704316 0.000000
vn -0.701145 -0.704318 0.111050
vn -0.822894 -0.553044 0.130334
vn -0.822894 -0.553044 0.130334
vn -0.701145 -0.704318 0.111050
vn -0.675145 -0.704313 0.219368
vn -0.792374 -0.553046 0.257458
vn -0.913309 -0.380713 0.144654
vn -0.822894 -0.553044 0.130334
vn -0.792374 -0.553046 0.257458
vn -0.879435 -0.380714 0.285746
vn -0.368494 -0.921888 0.119731
vn -0.036113 -0.999279 0.011734
vn -0.033819 -0.999279 0.017232
vn -0.345203 -0.921899 0.175890
vn -0.033819 -0.999279 0.017232
vn -0.036113 -0.999279 0.011734
vn -0.033029 -0.999397 0.010732
vn -0.030958 -0.999396 0.015774
vn -0.030720 -0.999279 0.022319
vn -0.033819 -0.999279 0.017232
vn -0.030958 -0.999396 0.015774
vn -0.028096 -0.999397 0.020413
vn -0.345203 -0.921899 0.175890
vn -0.033819 -0.999279 0.017232
vn -0.030720 -0.999279 0.022319
vn -0.313461 -0.921887 0.227743
vn -0.675145 -0.704313 0.219368
vn -0.531988 -0.828921 0.172853
vn -0.498386 -0.828930 0.253941
vn -0.632512 -0.704318 0.322281
vn -0.531988 -0.828921 0.172853
vn -0.368494 -0.921888 0.119731
vn -0.345203 -0.921899 0.175890
vn -0.498386 -0.828930 0.253941
vn -0.498386 -0.828930 0.253941
vn -0.345203 -0.921899 0.175890
vn -0.313461 -0.921887 0.227743
vn -0.452535 -0.828922 0.328787
vn -0.632512 -0.704318 0.322281
vn -0.498386 -0.828930 0.253941
vn -0.452535 -0.828922 0.328787
vn -0.574311 -0.704315 0.417261
vn -0.951048 -0.004333 0.309014
vn -0.890998 -0.004333 0.453986
vn -0.891006 -0.000755 0.453990
vn -0.951056 -0.000755 0.309017
vn -0.951048 -0.004333 0.309014
vn -0.879435 -0.380714 0.285746
vn -0.823908 -0.380713 0.419802
vn -0.890998 -0.004333 0.453986
vn -0.890998 -0.004333 0.453986
vn -0.823908 -0.380713 0.419802
vn -0.748092 -0.380715 0.543521
vn -0.809009 -0.004333 0.587780
vn -0.890998 -0.004333 0.453986
vn -0.809009 -0.004333 0.587780
vn -0.809017 -0.000755 0.587785
vn -0.891006 -0.000755 0.453990
vn -0.879435 -0.380714 0.285746
vn -0.792374 -0.553046 0.257458
vn -0.742345 -0.553042 0.378244
vn -0.823908 -0.380713 0.419802
vn -0.792374 -0.553046 0.257458
vn -0.675145 -0.704313 0.219368
vn -0.632512 -0.704318 0.322281
vn -0.742345 -0.553042 0.378244
vn -0.742345 -0.553042 0.378244
vn -0.632512 -0.704318 0.322281
vn -0.574311 -0.704315 0.417261
vn -0.674034 -0.553045 0.489714
vn -0.823908 -0.380713 0.419802
vn -0.742345 -0.553042 0.378244
vn -0.674034 -0.553045 0.489714
vn -0.748092 -0.380715 0.543521
vn -0.313461 -0.921887 0.227743
vn -0.030720 -0.999279 0.022319
vn -0.026839 -0.999279 0.026839
vn -0.273956 -0.921898 0.273956
vn -0.026839 -0.999279 0.026839
vn -0.030720 -0.999279 0.022319
vn -0.028096 -0.999397 0.020413
vn -0.024568 -0.999396 0.024568
vn -0.022319 -0.999279 0.030720
vn -0.026839 -0.999279 0.026839
vn -0.024568 -0.999396 0.024568
vn -0.020413 -0.999397 0.028096
vn -0.273956 -0.921898 0.273956
vn -0.026839 -0.999279 0.026839
vn -0.022319 -0.999279 0.030720
vn -0.227742 -0.921887 0.313461
vn -0.574311 -0.704315 0.417261
vn -0.452535 -0.828922 0.328787
vn -0.395522 -0.828930 0.395522
vn -0.501962 -0.704320 0.501963
vn -0.452535 -0.828922 0.328787
vn -0.313461 -0.921887 0.227743
vn -0.273956 -0.921898 0.273956
vn -0.395522 -0.828930 0.395522
vn -0.395522 -0.828930 0.395522
vn -0.273956 -0.921898 0.273956
vn -0.227742 -0.921887 0.313461
vn -0.328787 -0.828921 0.452536
vn -0.501962 -0.704320 0.501963
vn -0.395522 -0.828930 0.395522
vn -0.328787 -0.828921 0.452536
vn -0.417261 -0.704315 0.574311
vn -0.809009 -0.004333 0.587780
vn -0.707100 -0.004333 0.707100
vn -0.707107 -0.000755 0.707107
vn -0.809017 -0.000755 0.587785
vn -0.809009 -0.004333 0.587780
vn -0.748092 -0.380715 0.543521
vn -0.653857 -0.380712 0.653857
vn -0.707100 -0.004333 0.707100
vn -0.707100 -0.004333 0.707100
vn -0.653857 -0.380712 0.653857
vn -0.543520 -0.380716 0.748092
vn -0.587780 -0.004333 0.809009
vn -0.707100 -0.004333 0.707100
vn -0.587780 -0.004333 0.809009
vn -0.587785 -0.000755 0.809017
vn -0.707107 -0.000755 0.707107
vn -0.748092 -0.380715 0.543521
vn -0.674034 -0.553045 0.489714
vn -0.589127 -0.553045 0.589127
vn -0.653857 -0.380712 0.653857
vn -0.674034 -0.553045 0.489714
vn -0.574311 -0.704315 0.417261
vn -0.501962 -0.704320 0.501963
vn -0.589127 -0.553045 0.589127
vn -0.589127 -0.553045 0.589127
vn -0.501962 -0.704320 0.501963
vn -0.417261 -0.704315 0.574311
vn -0.489713 -0.553047 0.674032
vn -0.653857 -0.380712 0.653857
vn -0.589127 -0.553045 0.589127
vn -0.489713 -0.553047 0.674032
vn -0.543520 -0.380716 0.748092
vn -0.227742 -0.921887 0.313461
vn -0.022319 -0.999279 0.030720
vn -0.017232 -0.999279 0.033819
vn -0.175890 -0.921899 0.345204
vn -0.017232 -0.999279 0.033819
vn -0.022319 -0.999279 0.030720
vn -0.020413 -0.999397 0.028096
vn -0.015774 -0.999396 0.030958
vn -0.011734 -0.999279 0.036113
vn -0.017232 -0.999279 0.033819
vn -0.015774 -0.999396 0.030958
vn -0.010732 -0.999397 0.033029
vn -0.175890 -0.921899 0.345204
vn -0.017232 -0.999279 0.033819
vn -0.011734 -0.999279 0.036113
vn -0.119731 -0.921887 0.368496
vn -0.417261 -0.704315 0.574311
vn -0.328787 -0.828921 0.452536
vn -0.253941 -0.828929 0.498388
vn -0.322281 -0.704319 0.632511
vn -0.328787 -0.828921 0.452536
vn -0.227742 -0.921887 0.313461
vn -0.175890 -0.921899 0.345204
vn -0.253941 -0.828929 0.498388
vn -0.253941 -0.828929 0.498388
vn -0.175890 -0.921899 0.345204
vn -0.119731 -0.921887 0.368496
vn -0.172854 -0.828921 0.531989
vn -0.322281 -0.704319 0.632511
vn -0.253941 -0.828929 0.498388
vn -0.172854 -0.828921 0.531989
vn -0.219367 -0.704315 0.675143
vn -0.587780 -0.004333 0.809009
vn -0.453986 -0.004333 0.890998
vn -0.453990 -0.000755 0.891006
vn -0.587785 -0.000755 0.809017
vn -0.587780 -0.004333 0.809009
vn -0.543520 -0.380716 0.748092
vn -0.419802 -0.380714 0.823907
vn -0.453986 -0.004333 0.890998
vn -0.453986 -0.004333 0.890998
vn -0.419802 -0.380714 0.823907
vn -0.285746 -0.380715 0.879435
vn -0.309014 -0.004333 0.951048
vn -0.453986 -0.004333 0.890998
vn -0.309014 -0.004333 0.951048
vn -0.309017 -0.000755 0.951056
vn -0.453990 -0.000755 0.891006
vn -0.543520 -0.380716 0.748092
vn -0.489713 -0.553047 0.674032
vn -0.378242 -0.553046 0.742343
vn -0.419802 -0.380714 0.823907
vn -0.489713 -0.553047 0.674032
vn -0.417261 -0.704315 0.574311
vn -0.322281 -0.704319 0.632511
vn -0.378242 -0.553046 0.742343
vn -0.378242 -0.553046 0.742343
vn -0.322281 -0.704319 0.632511
vn -0.219367 -0.704315 0.675143
vn -0.257458 -0.553046 0.792373
vn -0.419802 -0.380714 0.823907
vn -0.378242 -0.553046 0.742343
vn -0.257458 -0.553046 0.792373
vn -0.285746 -0.380715 0.879435
vn -0.119731 -0.921887 0.368496
vn -0.011734 -0.999279 0.036113
vn -0.005938 -0.999279 0.037489
vn -0.060608 -0.921899 0.382661
vn -0.005938 -0.999279 0.037489
vn -0.011734 -0.999279 0.036113
vn -0.010732 -0.999397 0.033029
vn -0.005435 -0.999396 0.034317
vn 0.000000 -0.999279 0.037972
vn -0.005938 -0.999279 0.037489
vn -0.005435 -0.999396 0.034317
vn 0.000000 -0.999397 0.034728
vn -0.060608 -0.921899 0.382661
vn -0.005938 -0.999279 0.037489
vn 0.000000 -0.999279 0.037972
vn 0.000000 -0.921887 0.387458
vn -0.219367 -0.704315 0.675143
vn -0.172854 -0.828921 0.531989
vn -0.087502 -0.828930 0.552466
vn -0.111050 -0.704319 0.701144
vn -0.172854 -0.828921 0.531989
vn -0.119731 -0.921887 0.368496
vn -0.060608 -0.921899 0.382661
vn -0.087502 -0.828930 0.552466
vn -0.087502 -0.828930 0.552466
vn -0.060608 -0.921899 0.382661
vn 0.000000 -0.921887 0.387458
vn 0.000000 -0.828921 0.559365
vn -0.111050 -0.704319 0.701144
vn -0.087502 -0.828930 0.552466
vn 0.000000 -0.828921 0.559365
vn 0.000000 -0.704315 0.709888
vn -0.309014 -0.004333 0.951048
vn -0.156433 -0.004333 0.987679
vn -0.156434 -0.000755 0.987688
vn -0.309017 -0.000755 0.951056
vn -0.309014 -0.004333 0.951048
vn -0.285746 -0.380715 0.879435
vn -0.144654 -0.380713 0.913309
vn -0.156433 -0.004333 0.987679
vn -0.156433 -0.004333 0.987679
vn -0.144654 -0.380713 0.913309
vn 0.000000 -0.380715 0.924692
vn 0.000000 -0.004333 0.999991
vn -0.156433 -0.004333 0.987679
vn 0.000000 -0.004333 0.999991
vn 0.000000 -0.000755 1.000000
vn -0.156434 -0.000755 0.987688
vn -0.285746 -0.380715 0.879435
vn -0.257458 -0.553046 0.792373
vn -0.130334 -0.553044 0.822895
vn -0.144654 -0.380713 0.913309
vn -0.257458 -0.553046 0.792373
vn -0.219367 -0.704315 0.675143
vn -0.111050 -0.704319 0.701144
vn -0.130334 -0.553044 0.822895
vn -0.130334 -0.553044 0.822895
vn -0.111050 -0.704319 0.701144
vn 0.000000 -0.704315 0.709888
vn 0.000000 -0.553045 0.833151
vn -0.144654 -0.380713 0.913309
vn -0.130334 -0.553044 0.822895
vn 0.000000 -0.553045 0.833151
vn 0.000000 -0.380715 0.924692
vn 0.000000 -0.921887 0.387458
vn 0.000000 -0.999279 0.037972
vn 0.005938 -0.999279 0.037489
vn 0.060608 -0.921898 0.382662
vn 0.005938 -0.999279 0.037489
vn 0.000000 -0.999279 0.037972
vn 0.000000 -0.999397 0.034728
vn 0.005435 -0.999396 0.034317
vn 0.011734 -0.999279 0.036113
vn 0.005938 -0.999279 0.037489
vn 0.005435 -0.999396 0.034317
vn 0.010732 -0.999397 0.033028
vn 0.060608 -0.921898 0.382662
vn 0.005938 -0.999279 0.037489
vn 0.011734 -0.999279 0.036113
vn 0.119731 -0.921887 0.368496
vn 0.000000 -0.704315 0.709888
vn 0.000000 -0.828921 0.559365
vn 0.087502 -0.828929 0.552467
vn 0.111050 -0.704319 0.701144
vn 0.000000 -0.828921 0.559365
vn 0.000000 -0.921887 0.387458
vn 0.060608 -0.921898 0.382662
vn 0.087502 -0.828929 0.552467
vn 0.087502 -0.828929 0.552467
vn 0.060608 -0.921898 0.382662
vn 0.119731 -0.921887 0.368496
vn 0.172854 -0.828921 0.531989
vn 0.111050 -0.704319 0.701144
vn 0.087502 -0.828929 0.552467
vn 0.172854 -0.828921 0.531989
vn 0.219367 -0.704315 0.675143
vn 0.000000 -0.004333 0.999991
vn 0.156433 -0.004333 0.987679
vn 0.156434 -0.000755 0.987688
vn 0.000000 -0.000755 1.000000
vn 0.000000 -0.004333 0.999991
vn 0.000000 -0.380715 0.924692
vn 0.144654 -0.380711 0.913310
vn 0.156433 -0.004333 0.987679
vn 0.156433 -0.004333 0.987679
vn 0.144654 -0.380711 0.913310
vn 0.285746 -0.380715 0.879435
vn 0.309014 -0.004333 0.951048
vn 0.156433 -0.004333 0.987679
vn 0.309014 -0.004333 0.951048
vn 0.309017 -0.000755 0.951056
vn 0.156434 -0.000755 0.987688
vn 0.000000 -0.380715 0.924692
vn 0.000000 -0.553045 0.833151
vn 0.130333 -0.553045 0.822894
vn 0.144654 -0.380711 0.913310
vn 0.000000 -0.553045 0.833151
vn 0.000000 -0.704315 0.709888
vn 0.111050 -0.704319 0.701144
vn 0.130333 -0.553045 0.822894
vn 0.130333 -0.553045 0.822894
vn 0.111050 -0.704319 0.701144
vn 0.219367 -0.704315 0.675143
vn 0.257458 -0.553047 0.792372
vn 0.144654 -0.380711 0.913310
vn 0.130333 -0.553045 0.822894
vn 0.257458 -0.553047 0.792372
vn 0.285746 -0.380715 0.879435
vn 0.119731 -0.921887 0.368496
vn 0.011734 -0.999279 0.036113
vn 0.017232 -0.999279 0.033819
vn 0.175890 -0.921899 0.345204
vn 0.017232 -0.999279 0.033819
vn 0.011734 -0.999279 0.036113
vn 0.010732 -0.999397 0.033028
vn 0.015774 -0.999396 0.030958
vn 0.022319 -0.999279 0.030720
vn 0.017232 -0.999279 0.033819
vn 0.015774 -0.999396 0.030958
vn 0.020413 -0.999397 0.028096
vn 0.175890 -0.921899 0.345204
vn 0.017232 -0.999279 0.033819
vn 0.022319 -0.999279 0.030720
vn 0.227743 -0.921887 0.313461
vn 0.219367 -0.704315 0.675143
vn 0.172854 -0.828921 0.531989
vn 0.253942 -0.828929 0.498388
vn 0.322280 -0.704320 0.632510
vn 0.172854 -0.828921 0.531989
vn 0.119731 -0.921887 0.368496
vn 0.175890 -0.921899 0.345204
vn 0.253942 -0.828929 0.498388
vn 0.253942 -0.828929 0.498388
vn 0.175890 -0.921899 0.345204
vn 0.227743 -0.921887 0.313461
vn 0.328787 -0.828921 0.452536
vn 0.322280 -0.704320 0.632510
vn 0.253942 -0.828929 0.498388
vn 0.328787 -0.828921 0.452536
vn 0.417261 -0.704315 0.574311
vn 0.309014 -0.004333 0.951048
vn 0.453986 -0.004333 0.890998
vn 0.453990 -0.000755 0.891006
vn 0.309017 -0.000755 0.951056
vn 0.309014 -0.004333 0.951048
vn 0.285746 -0.380715 0.879435
vn 0.419802 -0.380714 0.823907
vn 0.453986 -0.004333 0.890998
vn 0.453986 -0.004333 0.890998
vn 0.419802 -0.380714 0.823907
vn 0.543520 -0.380716 0.748091
vn 0.587780 -0.004333 0.809009
vn 0.453986 -0.004333 0.890998
vn 0.587780 -0.004333 0.809009
vn 0.587785 -0.000755 0.809017
vn 0.453990 -0.000755 0.891006
vn 0.285746 -0.380715 0.879435
vn 0.257458 -0.553047 0.792372
vn 0.378243 -0.553045 0.742343
vn 0.419802 -0.380714 0.823907
vn 0.257458 -0.553047 0.792372
vn 0.219367 -0.704315 0.675143
vn 0.322280 -0.704320 0.632510
vn 0.378243 -0.553045 0.742343
vn 0.378243 -0.553045 0.742343
vn 0.322280 -0.704320 0.632510
vn 0.417261 -0.704315 0.574311
vn 0.489714 -0.553045 0.674034
vn 0.419802 -0.380714 0.823907
vn 0.378243 -0.553045 0.742343
vn 0.489714 -0.553045 0.674034
vn 0.543520 -0.380716 0.748091
vn 0.227743 -0.921887 0.313461
vn 0.022319 -0.999279 0.030720
vn 0.026839 -0.999279 0.026839
vn 0.273956 -0.921898 0.273956
vn 0.026839 -0.999279 0.026839
vn 0.022319 -0.999279 0.030720
vn 0.020413 -0.999397 0.028096
vn 0.024568 -0.999396 0.024568
vn 0.030720 -0.999279 0.022319
vn 0.026839 -0.999279 0.026839
vn 0.024568 -0.999396 0.024568
vn 0.028096 -0.999397 0.020413
vn 0.273956 -0.921898 0.273956
vn 0.026839 -0.999279 0.026839
vn 0.030720 -0.999279 0.022319
vn 0.313461 -0.921887 0.227742
vn 0.417261 -0.704315 0.574311
vn 0.328787 -0.828921 0.452536
vn 0.395523 -0.828929 0.395523
vn 0.501963 -0.704320 0.501963
vn 0.328787 -0.828921 0.452536
vn 0.227743 -0.921887 0.313461
vn 0.273956 -0.921898 0.273956
vn 0.395523 -0.828929 0.395523
vn 0.395523 -0.828929 0.395523
vn 0.273956 -0.921898 0.273956
vn 0.313461 -0.921887 0.227742
vn 0.452537 -0.828920 0.328788
vn 0.501963 -0.704320 0.501963
vn 0.395523 -0.828929 0.395523
vn 0.452537 -0.828920 0.328788
vn 0.574311 -0.704315 0.417261
vn 0.587780 -0.004333 0.809009
vn 0.707100 -0.004333 0.707100
vn 0.707107 -0.000755 0.707107
vn 0.587785 -0.000755 0.809017
vn 0.587780 -0.004333 0.809009
vn 0.543520 -0.380716 0.748091
vn 0.653856 -0.380714 0.653857
vn 0.707100 -0.004333 0.707100
vn 0.707100 -0.004333 0.707100
vn 0.653856 -0.380714 0.653857
vn 0.748091 -0.380718 0.543520
vn 0.809009 -0.004333 0.587780
vn 0.707100 -0.004333 0.707100
vn 0.809009 -0.004333 0.587780
vn 0.809017 -0.000755 0.587785
vn 0.707107 -0.000755 0.707107
vn 0.543520 -0.380716 0.748091
vn 0.489714 -0.553045 0.674034
vn 0.589127 -0.553045 0.589127
vn 0.653856 -0.380714 0.653857
vn 0.489714 -0.553045 0.674034
vn 0.417261 -0.704315 0.574311
vn 0.501963 -0.704320 0.501963
vn 0.589127 -0.553045 0.589127
vn 0.589127 -0.553045 0.589127
vn 0.501963 -0.704320 0.501963
vn 0.574311 -0.704315 0.417261
vn 0.674032 -0.553048 0.489713
vn 0.653856 -0.380714 0.653857
vn 0.589127 -0.553045 0.589127
vn 0.674032 -0.553048 0.489713
vn 0.748091 -0.380718 0.543520
vn 0.313461 -0.921887 0.227742
vn 0.030720 -0.999279 0.022319
vn 0.033819 -0.999279 0.017232
vn 0.345203 -0.921899 0.175890
vn 0.033819 -0.999279 0.017232
vn 0.030720 -0.999279 0.022319
vn 0.028096 -0.999397 0.020413
vn 0.030958 -0.999396 0.015774
vn 0.036113 -0.999279 0.011734
vn 0.033819 -0.999279 0.017232
vn 0.030958 -0.999396 0.015774
vn 0.033029 -0.999397 0.010732
vn 0.345203 -0.921899 0.175890
vn 0.033819 -0.999279 0.017232
vn 0.036113 -0.999279 0.011734
vn 0.368495 -0.921887 0.119731
vn 0.574311 -0.704315 0.417261
vn 0.452537 -0.828920 0.328788
vn 0.498388 -0.828929 0.253941
vn 0.632512 -0.704318 0.322281
vn 0.452537 -0.828920 0.328788
vn 0.313461 -0.921887 0.227742
vn 0.345203 -0.921899 0.175890
vn 0.498388 -0.828929 0.253941
vn 0.498388 -0.828929 0.253941
vn 0.345203 -0.921899 0.175890
vn 0.368495 -0.921887 0.119731
vn 0.531988 -0.828921 0.172853
vn 0.632512 -0.704318 0.322281
vn 0.498388 -0.828929 0.253941
vn 0.531988 -0.828921 0.172853
vn 0.675143 -0.704315 0.219367
vn 0.809009 -0.004333 0.587780
vn 0.890998 -0.004333 0.453986
vn 0.891006 -0.000755 0.453990
vn 0.809017 -0.000755 0.587785
vn 0.809009 -0.004333 0.587780
vn 0.748091 -0.380718 0.543520
vn 0.823907 -0.380715 0.419802
vn 0.890998 -0.004333 0.453986
vn 0.890998 -0.004333 0.453986
vn 0.823907 -0.380715 0.419802
vn 0.879435 -0.380715 0.285745
vn 0.951048 -0.004333 0.309014
vn 0.890998 -0.004333 0.453986
vn 0.951048 -0.004333 0.309014
vn 0.951056 -0.000755 0.309017
vn 0.891006 -0.000755 0.453990
vn 0.748091 -0.380718 0.543520
vn 0.674032 -0.553048 0.489713
vn 0.742343 -0.553045 0.378243
vn 0.823907 -0.380715 0.419802
vn 0.674032 -0.553048 0.489713
vn 0.574311 -0.704315 0.417261
vn 0.632512 -0.704318 0.322281
vn 0.742343 -0.553045 0.378243
vn 0.742343 -0.553045 0.378243
vn 0.632512 -0.704318 0.322281
vn 0.675143 -0.704315 0.219367
vn 0.792374 -0.553045 0.257458
vn 0.823907 -0.380715 0.419802
vn 0.742343 -0.553045 0.378243
vn 0.792374 -0.553045 0.257458
vn 0.879435 -0.380715 0.285745
vn 0.368495 -0.921887 0.119731
vn 0.036113 -0.999279 0.011734
vn 0.037489 -0.999279 0.005938
vn 0.382662 -0.921898 0.060608
vn 0.037489 -0.999279 0.005938
vn 0.036113 -0.999279 0.011734
vn 0.033029 -0.999397 0.010732
vn 0.034317 -0.999396 0.005435
vn 0.037972 -0.999279 0.000000
vn 0.037489 -0.999279 0.005938
vn 0.034317 -0.999396 0.005435
vn 0.034728 -0.999397 0.000000
vn 0.382662 -0.921898 0.060608
vn 0.037489 -0.999279 0.005938
vn 0.037972 -0.999279 0.000000
vn 0.387459 -0.921887 0.000000
vn 0.675143 -0.704315 0.219367
vn 0.531988 -0.828921 0.172853
vn 0.552468 -0.828928 0.087502
vn 0.701143 -0.704320 0.111050
vn 0.531988 -0.828921 0.172853
vn 0.368495 -0.921887 0.119731
vn 0.382662 -0.921898 0.060608
vn 0.552468 -0.828928 0.087502
vn 0.552468 -0.828928 0.087502
vn 0.382662 -0.921898 0.060608
vn 0.387459 -0.921887 0.000000
vn 0.559368 -0.828919 0.000001
vn 0.701143 -0.704320 0.111050
vn 0.552468 -0.828928 0.087502
vn 0.559368 -0.828919 0.000001
vn 0.709887 -0.704315 0.000001
vn 0.951048 -0.004333 0.309014
vn 0.987679 -0.004333 0.156433
vn 0.987688 -0.000755 0.156435
vn 0.951056 -0.000755 0.309017
vn 0.951048 -0.004333 0.309014
vn 0.879435 -0.380715 0.285745
vn 0.913310 -0.380711 0.144654
vn 0.987679 -0.004333 0.156433
vn 0.987679 -0.004333 0.156433
vn 0.913310 -0.380711 0.144654
vn 0.924692 -0.380715 0.000001
vn 0.999991 -0.004333 0.000001
vn 0.987679 -0.004333 0.156433
vn 0.999991 -0.004333 0.000001
vn 1.000000 -0.000755 0.000001
vn 0.987688 -0.000755 0.156435
vn 0.879435 -0.380715 0.285745
vn 0.792374 -0.553045 0.257458
vn 0.822895 -0.553043 0.130334
vn 0.913310 -0.380711 0.144654
vn 0.792374 -0.553045 0.257458
vn 0.675143 -0.704315 0.219367
vn 0.701143 -0.704320 0.111050
vn 0.822895 -0.553043 0.130334
vn 0.822895 -0.553043 0.130334
vn 0.701143 -0.704320 0.111050
vn 0.709887 -0.704315 0.000001
vn 0.833149 -0.553048 0.000001
vn 0.913310 -0.380711 0.144654
vn 0.822895 -0.553043 0.130334
vn 0.833149 -0.553048 0.000001
vn 0.924692 -0.380715 0.000001
vn 0.033028 -0.999397 -0.010731
vn 0.036114 -0.999279 -0.011734
vn 0.037489 -0.999279 -0.005938
vn 0.034317 -0.999396 -0.005435
vn 0.036114 -0.999279 -0.011734
vn 0.368495 -0.921887 -0.119731
vn 0.382660 -0.921899 -0.060607
vn 0.037489 -0.999279 -0.005938
vn 0.037489 -0.999279 -0.005938
vn 0.382660 -0.921899 -0.060607
vn 0.387459 -0.921887 0.000000
vn 0.037972 -0.999279 0.000000
vn 0.037489 -0.999279 -0.005938
vn 0.037972 -0.999279 0.000000
vn 0.034728 -0.999397 0.000000
vn 0.034317 -0.999396 -0.005435
vn 0.368495 -0.921887 -0.119731
vn 0.531977 -0.828929 -0.172849
vn 0.552462 -0.828933 -0.087500
vn 0.382660 -0.921899 -0.060607
vn 0.531977 -0.828929 -0.172849
vn 0.675142 -0.704317 -0.219366
vn 0.701142 -0.704321 -0.111048
vn 0.552462 -0.828933 -0.087500
vn 0.552462 -0.828933 -0.087500
vn 0.701142 -0.704321 -0.111048
vn 0.709887 -0.704315 0.000001
vn 0.559368 -0.828919 0.000001
vn 0.382660 -0.921899 -0.060607
vn 0.552462 -0.828933 -0.087500
vn 0.559368 -0.828919 0.000001
vn 0.387459 -0.921887 0.000000
vn 0.675142 -0.704317 -0.219366
vn 0.792371 -0.553050 -0.257456
vn 0.822891 -0.553050 -0.130331
vn 0.701142 -0.704321 -0.111048
vn 0.792371 -0.553050 -0.257456
vn 0.879434 -0.380717 -0.285744
vn 0.913309 -0.380714 -0.144652
vn 0.822891 -0.553050 -0.130331
vn 0.822891 -0.553050 -0.130331
vn 0.913309 -0.380714 -0.144652
vn 0.924692 -0.380715 0.000001
vn 0.833149 -0.553048 0.000001
vn 0.701142 -0.704321 -0.111048
vn 0.822891 -0.553050 -0.130331
vn 0.833149 -0.553048 0.000001
vn 0.709887 -0.704315 0.000001
vn 0.879434 -0.380717 -0.285744
vn 0.951048 -0.004333 -0.309013
vn 0.987679 -0.004333 -0.156432
vn 0.913309 -0.380714 -0.144652
vn 0.987679 -0.004333 -0.156432
vn 0.951048 -0.004333 -0.309013
vn 0.951057 -0.000755 -0.309016
vn 0.987688 -0.000755 -0.156433
vn 0.999991 -0.004333 0.000001
vn 0.987679 -0.004333 -0.156432
vn 0.987688 -0.000755 -0.156433
vn 1.000000 -0.000755 0.000001
vn 0.913309 -0.380714 -0.144652
vn 0.987679 -0.004333 -0.156432
vn 0.999991 -0.004333 0.000001
vn 0.924692 -0.380715 0.000001
vn 0.408231 0.903191 -0.132640
vn 0.085287 0.995971 -0.027713
vn 0.088554 0.995973 -0.014028
vn 0.423934 0.903201 -0.067146
vn 0.088554 0.995973 -0.014028
vn 0.085287 0.995971 -0.027713
vn 0.053606 0.998410 -0.017421
vn 0.055664 0.998411 -0.008819
vn 0.056365 0.998410 -0.000001
vn 0.089676 0.995971 0.000000
vn 0.088554 0.995973 -0.014028
vn 0.055664 0.998411 -0.008819
vn 0.423934 0.903201 -0.067146
vn 0.088554 0.995973 -0.014028
vn 0.089676 0.995971 0.000000
vn 0.429239 0.903191 0.000001
vn 0.695153 0.682455 -0.225871
vn 0.561591 0.807044 -0.182473
vn 0.583219 0.807046 -0.092373
vn 0.721925 0.682459 -0.114342
vn 0.561591 0.807044 -0.182473
vn 0.408231 0.903191 -0.132640
vn 0.423934 0.903201 -0.067146
vn 0.583219 0.807046 -0.092373
vn 0.583219 0.807046 -0.092373
vn 0.423934 0.903201 -0.067146
vn 0.429239 0.903191 0.000001
vn 0.590503 0.807035 0.000000
vn 0.721925 0.682459 -0.114342
vn 0.583219 0.807046 -0.092373
vn 0.590503 0.807035 0.000000
vn 0.730929 0.682454 -0.000001
vn 0.951049 0.004141 -0.309013
vn 0.987680 0.004142 -0.156432
vn 0.987688 0.000720 -0.156433
vn 0.951057 0.000720 -0.309016
vn 0.951049 0.004141 -0.309013
vn 0.884805 0.366700 -0.287491
vn 0.918885 0.366700 -0.145536
vn 0.987680 0.004142 -0.156432
vn 0.987680 0.004142 -0.156432
vn 0.918885 0.366700 -0.145536
vn 0.930339 0.366702 0.000001
vn 0.999991 0.004141 0.000001
vn 0.987688 0.000720 -0.156433
vn 0.987680 0.004142 -0.156432
vn 0.999991 0.004141 0.000001
vn 1.000000 0.000720 0.000001
vn 0.884805 0.366700 -0.287491
vn 0.804111 0.533986 -0.261277
vn 0.835081 0.533991 -0.132266
vn 0.918885 0.366700 -0.145536
vn 0.804111 0.533986 -0.261277
vn 0.695153 0.682455 -0.225871
vn 0.721925 0.682459 -0.114342
vn 0.835081 0.533991 -0.132266
vn 0.835081 0.533991 -0.132266
vn 0.721925 0.682459 -0.114342
vn 0.730929 0.682454 -0.000001
vn 0.845488 0.533995 -0.000001
vn 0.918885 0.366700 -0.145536
vn 0.835081 0.533991 -0.132266
vn 0.845488 0.533995 -0.000001
vn 0.930339 0.366702 0.000001
vn 0.085287 0.995971 -0.027713
vn 0.079884 0.995973 -0.040704
vn 0.050215 0.998411 -0.025588
vn 0.053606 0.998410 -0.017421
vn 0.085287 0.995971 -0.027713
vn 0.408231 0.903191 -0.132640
vn 0.382435 0.903201 -0.194863
vn 0.079884 0.995973 -0.040704
vn 0.079884 0.995973 -0.040704
vn 0.382435 0.903201 -0.194863
vn 0.347261 0.903191 -0.252301
vn 0.072549 0.995971 -0.052711
vn 0.079884 0.995973 -0.040704
vn 0.072549 0.995971 -0.052711
vn 0.045600 0.998410 -0.033133
vn 0.050215 0.998411 -0.025588
vn 0.408231 0.903191 -0.132640
vn 0.561591 0.807044 -0.182473
vn 0.526124 0.807050 -0.268076
vn 0.382435 0.903201 -0.194863
vn 0.561591 0.807044 -0.182473
vn 0.695153 0.682455 -0.225871
vn 0.651263 0.682459 -0.331823
vn 0.526124 0.807050 -0.268076
vn 0.526124 0.807050 -0.268076
vn 0.651263 0.682459 -0.331823
vn 0.591339 0.682461 -0.429611
vn 0.477718 0.807043 -0.347085
vn 0.382435 0.903201 -0.194863
vn 0.526124 0.807050 -0.268076
vn 0.477718 0.807043 -0.347085
vn 0.347261 0.903191 -0.252301
vn 0.695153 0.682455 -0.225871
vn 0.804111 0.533986 -0.261277
vn 0.753339 0.533987 -0.383847
vn 0.651263 0.682459 -0.331823
vn 0.804111 0.533986 -0.261277
vn 0.884805 0.366700 -0.287491
vn 0.828936 0.366693 -0.422377
vn 0.753339 0.533987 -0.383847
vn 0.753339 0.533987 -0.383847
vn 0.828936 0.366693 -0.422377
vn 0.752658 0.366700 -0.546843
vn 0.684019 0.534002 -0.496951
vn 0.651263 0.682459 -0.331823
vn 0.753339 0.533987 -0.383847
vn 0.684019 0.534002 -0.496951
vn 0.591339 0.682461 -0.429611
vn 0.884805 0.366700 -0.287491
vn 0.951049 0.004141 -0.309013
vn 0.890999 0.004141 -0.453986
vn 0.828936 0.366693 -0.422377
vn 0.891007 0.000720 -0.453990
vn 0.890999 0.004141 -0.453986
vn 0.951049 0.004141 -0.309013
vn 0.951057 0.000720 -0.309016
vn 0.809010 0.004141 -0.587780
vn 0.890999 0.004141 -0.453986
vn 0.891007 0.000720 -0.453990
vn 0.809017 0.000720 -0.587785
vn 0.828936 0.366693 -0.422377
vn 0.890999 0.004141 -0.453986
vn 0.809010 0.004141 -0.587780
vn 0.752658 0.366700 -0.546843
vn 0.045600 0.998410 -0.033133
vn 0.072549 0.995971 -0.052711
vn 0.063397 0.995973 -0.063397
vn 0.039851 0.998411 -0.039852
vn 0.072549 0.995971 -0.052711
vn 0.347261 0.903191 -0.252301
vn 0.303502 0.903203 -0.303497
vn 0.063397 0.995973 -0.063397
vn 0.063397 0.995973 -0.063397
vn 0.303502 0.903203 -0.303497
vn 0.252300 0.903191 -0.347262
vn 0.052710 0.995971 -0.072547
vn 0.063397 0.995973 -0.063397
vn 0.052710 0.995971 -0.072547
vn 0.033130 0.998410 -0.045599
vn 0.039851 0.998411 -0.039852
vn 0.347261 0.903191 -0.252301
vn 0.477718 0.807043 -0.347085
vn 0.417535 0.807048 -0.417537
vn 0.303502 0.903203 -0.303497
vn 0.477718 0.807043 -0.347085
vn 0.591339 0.682461 -0.429611
vn 0.516845 0.682458 -0.516839
vn 0.417535 0.807048 -0.417537
vn 0.417535 0.807048 -0.417537
vn 0.516845 0.682458 -0.516839
vn 0.429628 0.682452 -0.591337
vn 0.347082 0.807039 -0.477726
vn 0.303502 0.903203 -0.303497
vn 0.417535 0.807048 -0.417537
vn 0.347082 0.807039 -0.477726
vn 0.252300 0.903191 -0.347262
vn 0.591339 0.682461 -0.429611
vn 0.684019 0.534002 -0.496951
vn 0.597856 0.533998 -0.597842
vn 0.516845 0.682458 -0.516839
vn 0.684019 0.534002 -0.496951
vn 0.752658 0.366700 -0.546843
vn 0.657852 0.366698 -0.657847
vn 0.597856 0.533998 -0.597842
vn 0.597856 0.533998 -0.597842
vn 0.657852 0.366698 -0.657847
vn 0.546837 0.366699 -0.752663
vn 0.496966 0.533997 -0.684012
vn 0.516845 0.682458 -0.516839
vn 0.597856 0.533998 -0.597842
vn 0.496966 0.533997 -0.684012
vn 0.429628 0.682452 -0.591337
vn 0.752658 0.366700 -0.546843
vn 0.809010 0.004141 -0.587780
vn 0.707101 0.004141 -0.707101
vn 0.657852 0.366698 -0.657847
vn 0.707106 0.000720 -0.707107
vn 0.707101 0.004141 -0.707101
vn 0.809010 0.004141 -0.587780
vn 0.809017 0.000720 -0.587785
vn 0.587780 0.004141 -0.809010
vn 0.707101 0.004141 -0.707101
vn 0.707106 0.000720 -0.707107
vn 0.587785 0.000720 -0.809017
vn 0.657852 0.366698 -0.657847
vn 0.707101 0.004141 -0.707101
vn 0.587780 0.004141 -0.809010
vn 0.546837 0.366699 -0.752663
vn 0.033130 0.998410 -0.045599
vn 0.052710 0.995971 -0.072547
vn 0.040703 0.995973 -0.079886
vn 0.025586 0.998411 -0.050217
vn 0.052710 0.995971 -0.072547
vn 0.252300 0.903191 -0.347262
vn 0.194860 0.903201 -0.382437
vn 0.040703 0.995973 -0.079886
vn 0.040703 0.995973 -0.079886
vn 0.194860 0.903201 -0.382437
vn 0.132641 0.903189 -0.408236
vn 0.027711 0.995971 -0.085287
vn 0.040703 0.995973 -0.079886
vn 0.027711 0.995971 -0.085287
vn 0.017418 0.998410 -0.053607
vn 0.025586 0.998411 -0.050217
vn 0.252300 0.903191 -0.347262
vn 0.347082 0.807039 -0.477726
vn 0.268073 0.807048 -0.526128
vn 0.194860 0.903201 -0.382437
vn 0.347082 0.807039 -0.477726
vn 0.429628 0.682452 -0.591337
vn 0.331831 0.682453 -0.651265
vn 0.268073 0.807048 -0.526128
vn 0.268073 0.807048 -0.526128
vn 0.331831 0.682453 -0.651265
vn 0.225867 0.682451 -0.695158
vn 0.182471 0.807042 -0.561593
vn 0.194860 0.903201 -0.382437
vn 0.268073 0.807048 -0.526128
vn 0.182471 0.807042 -0.561593
vn 0.132641 0.903189 -0.408236
vn 0.429628 0.682452 -0.591337
vn 0.496966 0.533997 -0.684012
vn 0.383844 0.533990 -0.753338
vn 0.331831 0.682453 -0.651265
vn 0.496966 0.533997 -0.684012
vn 0.546837 0.366699 -0.752663
vn 0.422368 0.366697 -0.828938
vn 0.383844 0.533990 -0.753338
vn 0.383844 0.533990 -0.753338
vn 0.422368 0.366697 -0.828938
vn 0.287497 0.366707 -0.884800
vn 0.261268 0.533991 -0.804110
vn 0.331831 0.682453 -0.651265
vn 0.383844 0.533990 -0.753338
vn 0.261268 0.533991 -0.804110
vn 0.225867 0.682451 -0.695158
vn 0.546837 0.366699 -0.752663
vn 0.587780 0.004141 -0.809010
vn 0.453986 0.004141 -0.890999
vn 0.422368 0.366697 -0.828938
vn 0.453990 0.000720 -0.891006
vn 0.453986 0.004141 -0.890999
vn 0.587780 0.004141 -0.809010
vn 0.587785 0.000720 -0.809017
vn 0.309014 0.004141 -0.951048
vn 0.453986 0.004141 -0.890999
vn 0.453990 0.000720 -0.891006
vn 0.309017 0.000720 -0.951056
vn 0.422368 0.366697 -0.828938
vn 0.453986 0.004141 -0.890999
vn 0.309014 0.004141 -0.951048
vn 0.287497 0.366707 -0.884800
vn 0.017418 0.998410 -0.053607
vn 0.027711 0.995971 -0.085287
vn 0.014025 0.995973 -0.088555
vn 0.008816 0.998411 -0.055664
vn 0.027711 0.995971 -0.085287
vn 0.132641 0.903189 -0.408236
vn 0.067145 0.903207 -0.423921
vn 0.014025 0.995973 -0.088555
vn 0.014025 0.995973 -0.088555
vn 0.067145 0.903207 -0.423921
vn 0.000000 0.903199 -0.429222
vn 0.000000 0.995971 -0.089677
vn 0.014025 0.995973 -0.088555
vn 0.000000 0.995971 -0.089677
vn 0.000000 0.998410 -0.056365
vn 0.008816 0.998411 -0.055664
vn 0.132641 0.903189 -0.408236
vn 0.182471 0.807042 -0.561593
vn 0.092372 0.807050 -0.583214
vn 0.067145 0.903207 -0.423921
vn 0.182471 0.807042 -0.561593
vn 0.225867 0.682451 -0.695158
vn 0.114341 0.682450 -0.721934
vn 0.092372 0.807050 -0.583214
vn 0.092372 0.807050 -0.583214
vn 0.114341 0.682450 -0.721934
vn 0.000000 0.682441 -0.730941
vn 0.000000 0.807038 -0.590499
vn 0.067145 0.903207 -0.423921
vn 0.092372 0.807050 -0.583214
vn 0.000000 0.807038 -0.590499
vn 0.000000 0.903199 -0.429222
vn 0.225867 0.682451 -0.695158
vn 0.261268 0.533991 -0.804110
vn 0.132264 0.533991 -0.835081
vn 0.114341 0.682450 -0.721934
vn 0.261268 0.533991 -0.804110
vn 0.287497 0.366707 -0.884800
vn 0.145539 0.366699 -0.918885
vn 0.132264 0.533991 -0.835081
vn 0.132264 0.533991 -0.835081
vn 0.145539 0.366699 -0.918885
vn 0.000000 0.366695 -0.930341
vn 0.000001 0.533993 -0.845489
vn 0.114341 0.682450 -0.721934
vn 0.132264 0.533991 -0.835081
vn 0.000001 0.533993 -0.845489
vn 0.000000 0.682441 -0.730941
vn 0.287497 0.366707 -0.884800
vn 0.309014 0.004141 -0.951048
vn 0.156434 0.004141 -0.987680
vn 0.145539 0.366699 -0.918885
vn 0.156435 0.000720 -0.987688
vn 0.156434 0.004141 -0.987680
vn 0.309014 0.004141 -0.951048
vn 0.309017 0.000720 -0.951056
vn 0.000000 0.004141 -0.999991
vn 0.156434 0.004141 -0.987680
vn 0.156435 0.000720 -0.987688
vn 0.000000 0.000720 -1.000000
vn 0.145539 0.366699 -0.918885
vn 0.156434 0.004141 -0.987680
vn 0.000000 0.004141 -0.999991
vn 0.000000 0.366695 -0.930341
vn 0.000000 0.998410 -0.056365
vn 0.000000 0.995971 -0.089677
vn -0.014025 0.995973 -0.088554
vn -0.008816 0.998411 -0.055666
vn 0.000000 0.995971 -0.089677
vn 0.000000 0.903199 -0.429222
vn -0.067144 0.903200 -0.423935
vn -0.014025 0.995973 -0.088554
vn -0.014025 0.995973 -0.088554
vn -0.067144 0.903200 -0.423935
vn -0.132641 0.903185 -0.408243
vn -0.027711 0.995971 -0.085290
vn -0.014025 0.995973 -0.088554
vn -0.027711 0.995971 -0.085290
vn -0.017418 0.998410 -0.053609
vn -0.008816 0.998411 -0.055666
vn 0.000000 0.903199 -0.429222
vn 0.000000 0.807038 -0.590499
vn -0.092371 0.807042 -0.583225
vn -0.067144 0.903200 -0.423935
vn 0.000000 0.807038 -0.590499
vn 0.000000 0.682441 -0.730941
vn -0.114339 0.682441 -0.721942
vn -0.092371 0.807042 -0.583225
vn -0.092371 0.807042 -0.583225
vn -0.114339 0.682441 -0.721942
vn -0.225867 0.682446 -0.695163
vn -0.182471 0.807037 -0.561600
vn -0.067144 0.903200 -0.423935
vn -0.092371 0.807042 -0.583225
vn -0.182471 0.807037 -0.561600
vn -0.132641 0.903185 -0.408243
vn 0.000000 0.682441 -0.730941
vn 0.000001 0.533993 -0.845489
vn -0.132264 0.533994 -0.835079
vn -0.114339 0.682441 -0.721942
vn 0.000001 0.533993 -0.845489
vn 0.000000 0.366695 -0.930341
vn -0.145537 0.366695 -0.918887
vn -0.132264 0.533994 -0.835079
vn -0.132264 0.533994 -0.835079
vn -0.145537 0.366695 -0.918887
vn -0.287492 0.366703 -0.884804
vn -0.261271 0.533997 -0.804105
vn -0.114339 0.682441 -0.721942
vn -0.132264 0.533994 -0.835079
vn -0.261271 0.533997 -0.804105
vn -0.225867 0.682446 -0.695163
vn 0.000000 0.366695 -0.930341
vn 0.000000 0.004141 -0.999991
vn -0.156434 0.004141 -0.987680
vn -0.145537 0.366695 -0.918887
vn -0.156435 0.000720 -0.987688
vn -0.156434 0.004141 -0.987680
vn 0.000000 0.004141 -0.999991
vn 0.000000 0.000720 -1.000000
vn -0.309015 0.004141 -0.951048
vn -0.156434 0.004141 -0.987680
vn -0.156435 0.000720 -0.987688
vn -0.309017 0.000720 -0.951056
vn -0.145537 0.366695 -0.918887
vn -0.156434 0.004141 -0.987680
vn -0.309015 0.004141 -0.951048
vn -0.287492 0.366703 -0.884804
vn -0.017418 0.998410 -0.053609
vn -0.027711 0.995971 -0.085290
vn -0.040703 0.995973 -0.079885
vn -0.025586 0.998411 -0.050215
vn -0.027711 0.995971 -0.085290
vn -0.132641 0.903185 -0.408243
vn -0.194861 0.903204 -0.382430
vn -0.040703 0.995973 -0.079885
vn -0.040703 0.995973 -0.079885
vn -0.194861 0.903204 -0.382430
vn -0.252300 0.903194 -0.347255
vn -0.052710 0.995971 -0.072548
vn -0.040703 0.995973 -0.079885
vn -0.052710 0.995971 -0.072548
vn -0.033130 0.998410 -0.045600
vn -0.025586 0.998411 -0.050215
vn -0.132641 0.903185 -0.408243
vn -0.182471 0.807037 -0.561600
vn -0.268074 0.807047 -0.526129
vn -0.194861 0.903204 -0.382430
vn -0.182471 0.807037 -0.561600
vn -0.225867 0.682446 -0.695163
vn -0.331831 0.682452 -0.651266
vn -0.268074 0.807047 -0.526129
vn -0.268074 0.807047 -0.526129
vn -0.331831 0.682452 -0.651266
vn -0.429626 0.682449 -0.591342
vn -0.347081 0.807040 -0.477725
vn -0.194861 0.903204 -0.382430
vn -0.268074 0.807047 -0.526129
vn -0.347081 0.807040 -0.477725
vn -0.252300 0.903194 -0.347255
vn -0.225867 0.682446 -0.695163
vn -0.261271 0.533997 -0.804105
vn -0.383844 0.533990 -0.753339
vn -0.331831 0.682452 -0.651266
vn -0.261271 0.533997 -0.804105
vn -0.287492 0.366703 -0.884804
vn -0.422365 0.366697 -0.828940
vn -0.383844 0.533990 -0.753339
vn -0.383844 0.533990 -0.753339
vn -0.422365 0.366697 -0.828940
vn -0.546837 0.366701 -0.752662
vn -0.496964 0.533991 -0.684018
vn -0.331831 0.682452 -0.651266
vn -0.383844 0.533990 -0.753339
vn -0.496964 0.533991 -0.684018
vn -0.429626 0.682449 -0.591342
vn -0.287492 0.366703 -0.884804
vn -0.309015 0.004141 -0.951048
vn -0.453986 0.004142 -0.890999
vn -0.422365 0.366697 -0.828940
vn -0.453990 0.000720 -0.891006
vn -0.453986 0.004142 -0.890999
vn -0.309015 0.004141 -0.951048
vn -0.309017 0.000720 -0.951056
vn -0.587780 0.004141 -0.809010
vn -0.453986 0.004142 -0.890999
vn -0.453990 0.000720 -0.891006
vn -0.587785 0.000720 -0.809017
vn -0.422365 0.366697 -0.828940
vn -0.453986 0.004142 -0.890999
vn -0.587780 0.004141 -0.809010
vn -0.546837 0.366701 -0.752662
vn -0.033130 0.998410 -0.045600
vn -0.052710 0.995971 -0.072548
vn -0.063397 0.995973 -0.063397
vn -0.039851 0.998411 -0.039853
vn -0.052710 0.995971 -0.072548
vn -0.252300 0.903194 -0.347255
vn -0.303502 0.903200 -0.303506
vn -0.063397 0.995973 -0.063397
vn -0.063397 0.995973 -0.063397
vn -0.303502 0.903200 -0.303506
vn -0.347261 0.903193 -0.252293
vn -0.072549 0.995971 -0.052708
vn -0.063397 0.995973 -0.063397
vn -0.072549 0.995971 -0.052708
vn -0.045600 0.998410 -0.033131
vn -0.039851 0.998411 -0.039853
vn -0.252300 0.903194 -0.347255
vn -0.347081 0.807040 -0.477725
vn -0.417532 0.807044 -0.417549
vn -0.303502 0.903200 -0.303506
vn -0.347081 0.807040 -0.477725
vn -0.429626 0.682449 -0.591342
vn -0.516845 0.682459 -0.516838
vn -0.417532 0.807044 -0.417549
vn -0.417532 0.807044 -0.417549
vn -0.516845 0.682459 -0.516838
vn -0.591335 0.682460 -0.429618
vn -0.477719 0.807046 -0.347076
vn -0.303502 0.903200 -0.303506
vn -0.417532 0.807044 -0.417549
vn -0.477719 0.807046 -0.347076
vn -0.347261 0.903193 -0.252293
vn -0.429626 0.682449 -0.591342
vn -0.496964 0.533991 -0.684018
vn -0.597853 0.533995 -0.597847
vn -0.516845 0.682459 -0.516838
vn -0.496964 0.533991 -0.684018
vn -0.546837 0.366701 -0.752662
vn -0.657853 0.366698 -0.657847
vn -0.597853 0.533995 -0.597847
vn -0.597853 0.533995 -0.597847
vn -0.657853 0.366698 -0.657847
vn -0.752662 0.366699 -0.546838
vn -0.684014 0.533997 -0.496963
vn -0.516845 0.682459 -0.516838
vn -0.597853 0.533995 -0.597847
vn -0.684014 0.533997 -0.496963
vn -0.591335 0.682460 -0.429618
vn -0.546837 0.366701 -0.752662
vn -0.587780 0.004141 -0.809010
vn -0.707101 0.004141 -0.707100
vn -0.657853 0.366698 -0.657847
vn -0.707107 0.000720 -0.707106
vn -0.707101 0.004141 -0.707100
vn -0.587780 0.004141 -0.809010
vn -0.587785 0.000720 -0.809017
vn -0.809010 0.004141 -0.587780
vn -0.707101 0.004141 -0.707100
vn -0.707107 0.000720 -0.707106
vn -0.809017 0.000720 -0.587785
vn -0.657853 0.366698 -0.657847
vn -0.707101 0.004141 -0.707100
vn -0.809010 0.004141 -0.587780
vn -0.752662 0.366699 -0.546838
vn -0.045600 0.998410 -0.033131
vn -0.072549 0.995971 -0.052708
vn -0.079884 0.995973 -0.040707
vn -0.050215 0.998411 -0.025590
vn -0.072549 0.995971 -0.052708
vn -0.347261 0.903193 -0.252293
vn -0.382434 0.903202 -0.194859
vn -0.079884 0.995973 -0.040707
vn -0.079884 0.995973 -0.040707
vn -0.382434 0.903202 -0.194859
vn -0.408231 0.903191 -0.132639
vn -0.085286 0.995971 -0.027713
vn -0.079884 0.995973 -0.040707
vn -0.085286 0.995971 -0.027713
vn -0.053606 0.998410 -0.017419
vn -0.050215 0.998411 -0.025590
vn -0.347261 0.903193 -0.252293
vn -0.477719 0.807046 -0.347076
vn -0.526126 0.807053 -0.268061
vn -0.382434 0.903202 -0.194859
vn -0.477719 0.807046 -0.347076
vn -0.591335 0.682460 -0.429618
vn -0.651259 0.682460 -0.331830
vn -0.526126 0.807053 -0.268061
vn -0.526126 0.807053 -0.268061
vn -0.651259 0.682460 -0.331830
vn -0.695153 0.682456 -0.225867
vn -0.561590 0.807045 -0.182467
vn -0.382434 0.903202 -0.194859
vn -0.526126 0.807053 -0.268061
vn -0.561590 0.807045 -0.182467
vn -0.408231 0.903191 -0.132639
vn -0.591335 0.682460 -0.429618
vn -0.684014 0.533997 -0.496963
vn -0.753336 0.533991 -0.383847
vn -0.651259 0.682460 -0.331830
vn -0.684014 0.533997 -0.496963
vn -0.752662 0.366699 -0.546838
vn -0.828938 0.366693 -0.422371
vn -0.753336 0.533991 -0.383847
vn -0.753336 0.533991 -0.383847
vn -0.828938 0.366693 -0.422371
vn -0.884804 0.366700 -0.287493
vn -0.804107 0.533994 -0.261270
vn -0.651259 0.682460 -0.331830
vn -0.753336 0.533991 -0.383847
vn -0.804107 0.533994 -0.261270
vn -0.695153 0.682456 -0.225867
vn -0.752662 0.366699 -0.546838
vn -0.809010 0.004141 -0.587780
vn -0.890999 0.004141 -0.453987
vn -0.828938 0.366693 -0.422371
vn -0.891006 0.000720 -0.453990
vn -0.890999 0.004141 -0.453987
vn -0.809010 0.004141 -0.587780
vn -0.809017 0.000720 -0.587785
vn -0.951048 0.004141 -0.309014
vn -0.890999 0.004141 -0.453987
vn -0.891006 0.000720 -0.453990
vn -0.951056 0.000720 -0.309017
vn -0.828938 0.366693 -0.422371
vn -0.890999 0.004141 -0.453987
vn -0.951048 0.004141 -0.309014
vn -0.884804 0.366700 -0.287493
vn -0.053606 0.998410 -0.017419
vn -0.085286 0.995971 -0.027713
vn -0.088553 0.995973 -0.014025
vn -0.055664 0.998411 -0.008815
vn -0.085286 0.995971 -0.027713
vn -0.408231 0.903191 -0.132639
vn -0.423934 0.903201 -0.067145
vn -0.088553 0.995973 -0.014025
vn -0.088553 0.995973 -0.014025
vn -0.423934 0.903201 -0.067145
vn -0.429240 0.903191 -0.000002
vn -0.089675 0.995971 -0.000001
vn -0.088553 0.995973 -0.014025
vn -0.089675 0.995971 -0.000001
vn -0.056365 0.998410 -0.000001
vn -0.055664 0.998411 -0.008815
vn -0.408231 0.903191 -0.132639
vn -0.561590 0.807045 -0.182467
vn -0.583215 0.807049 -0.092370
vn -0.423934 0.903201 -0.067145
vn -0.561590 0.807045 -0.182467
vn -0.695153 0.682456 -0.225867
vn -0.721928 0.682456 -0.114340
vn -0.583215 0.807049 -0.092370
vn -0.583215 0.807049 -0.092370
vn -0.721928 0.682456 -0.114340
vn -0.730928 0.682455 0.000000
vn -0.590496 0.807041 -0.000001
vn -0.423934 0.903201 -0.067145
vn -0.583215 0.807049 -0.092370
vn -0.590496 0.807041 -0.000001
vn -0.429240 0.903191 -0.000002
vn -0.695153 0.682456 -0.225867
vn -0.804107 0.533994 -0.261270
vn -0.835079 0.533993 -0.132265
vn -0.721928 0.682456 -0.114340
vn -0.804107 0.533994 -0.261270
vn -0.884804 0.366700 -0.287493
vn -0.918886 0.366698 -0.145540
vn -0.835079 0.533993 -0.132265
vn -0.835079 0.533993 -0.132265
vn -0.918886 0.366698 -0.145540
vn -0.930339 0.366700 0.000000
vn -0.845486 0.533997 0.000000
vn -0.721928 0.682456 -0.114340
vn -0.835079 0.533993 -0.132265
vn -0.845486 0.533997 0.000000
vn -0.730928 0.682455 0.000000
vn -0.884804 0.366700 -0.287493
vn -0.951048 0.004141 -0.309014
vn -0.987680 0.004141 -0.156433
vn -0.918886 0.366698 -0.145540
vn -0.987688 0.000720 -0.156434
vn -0.987680 0.004141 -0.156433
vn -0.951048 0.004141 -0.309014
vn -0.951056 0.000720 -0.309017
vn -0.999991 0.004141 0.000000
vn -0.987680 0.004141 -0.156433
vn -0.987688 0.000720 -0.156434
vn -1.000000 0.000720 0.000000
vn -0.918886 0.366698 -0.145540
vn -0.987680 0.004141 -0.156433
vn -0.999991 0.004141 0.000000
vn -0.930339 0.366700 0.000000
vn -0.056365 0.998410 -0.000001
vn -0.089675 0.995971 -0.000001
vn -0.088553 0.995973 0.014024
vn -0.055664 0.998411 0.008815
vn -0.089675 0.995971 -0.000001
vn -0.429240 0.903191 -0.000002
vn -0.423932 0.903202 0.067145
vn -0.088553 0.995973 0.014024
vn -0.088553 0.995973 0.014024
vn -0.423932 0.903202 0.067145
vn -0.408229 0.903192 0.132641
vn -0.085286 0.995971 0.027713
vn -0.088553 0.995973 0.014024
vn -0.085286 0.995971 0.027713
vn -0.053606 0.998410 0.017419
vn -0.055664 0.998411 0.008815
vn -0.429240 0.903191 -0.000002
vn -0.590496 0.807041 -0.000001
vn -0.583216 0.807048 0.092371
vn -0.423932 0.903202 0.067145
vn -0.590496 0.807041 -0.000001
vn -0.730928 0.682455 0.000000
vn -0.721928 0.682456 0.114340
vn -0.583216 0.807048 0.092371
vn -0.583216 0.807048 0.092371
vn -0.721928 0.682456 0.114340
vn -0.695154 0.682454 0.225871
vn -0.561591 0.807043 0.182473
vn -0.423932 0.903202 0.067145
vn -0.583216 0.807048 0.092371
vn -0.561591 0.807043 0.182473
vn -0.408229 0.903192 0.132641
vn -0.730928 0.682455 0.000000
vn -0.845486 0.533997 0.000000
vn -0.835079 0.533995 0.132261
vn -0.721928 0.682456 0.114340
vn -0.845486 0.533997 0.000000
vn -0.930339 0.366700 0.000000
vn -0.918887 0.366696 0.145536
vn -0.835079 0.533995 0.132261
vn -0.835079 0.533995 0.132261
vn -0.918887 0.366696 0.145536
vn -0.884807 0.366701 0.287485
vn -0.804107 0.533996 0.261266
vn -0.721928 0.682456 0.114340
vn -0.835079 0.533995 0.132261
vn -0.804107 0.533996 0.261266
vn -0.695154 0.682454 0.225871
vn -0.930339 0.366700 0.000000
vn -0.999991 0.004141 0.000000
vn -0.987680 0.004141 0.156433
vn -0.918887 0.366696 0.145536
vn -0.987688 0.000720 0.156434
vn -0.987680 0.004141 0.156433
vn -0.999991 0.004141 0.000000
vn -1.000000 0.000720 0.000000
vn -0.951048 0.004141 0.309014
vn -0.987680 0.004141 0.156433
vn -0.987688 0.000720 0.156434
vn -0.951056 0.000720 0.309017
vn -0.918887 0.366696 0.145536
vn -0.987680 0.004141 0.156433
vn -0.951048 0.004141 0.309014
vn -0.884807 0.366701 0.287485
vn -0.053606 0.998410 0.017419
vn -0.085286 0.995971 0.027713
vn -0.079884 0.995973 0.040706
vn -0.050215 0.998411 0.025589
vn -0.085286 0.995971 0.027713
vn -0.408229 0.903192 0.132641
vn -0.382434 0.903201 0.194867
vn -0.079884 0.995973 0.040706
vn -0.079884 0.995973 0.040706
vn -0.382434 0.903201 0.194867
vn -0.347259 0.903190 0.252308
vn -0.072549 0.995971 0.052711
vn -0.079884 0.995973 0.040706
vn -0.072549 0.995971 0.052711
vn -0.045600 0.998410 0.033132
vn -0.050215 0.998411 0.025589
vn -0.408229 0.903192 0.132641
vn -0.561591 0.807043 0.182473
vn -0.526124 0.807048 0.268080
vn -0.382434 0.903201 0.194867
vn -0.561591 0.807043 0.182473
vn -0.695154 0.682454 0.225871
vn -0.651259 0.682457 0.331834
vn -0.526124 0.807048 0.268080
vn -0.526124 0.807048 0.268080
vn -0.651259 0.682457 0.331834
vn -0.591332 0.682455 0.429631
vn -0.477718 0.807042 0.347085
vn -0.382434 0.903201 0.194867
vn -0.526124 0.807048 0.268080
vn -0.477718 0.807042 0.347085
vn -0.347259 0.903190 0.252308
vn -0.695154 0.682454 0.225871
vn -0.804107 0.533996 0.261266
vn -0.753337 0.533994 0.383841
vn -0.651259 0.682457 0.331834
vn -0.804107 0.533996 0.261266
vn -0.884807 0.366701 0.287485
vn -0.828942 0.366697 0.422362
vn -0.753337 0.533994 0.383841
vn -0.753337 0.533994 0.383841
vn -0.828942 0.366697 0.422362
vn -0.752661 0.366700 0.546838
vn -0.684011 0.533996 0.496968
vn -0.651259 0.682457 0.331834
vn -0.753337 0.533994 0.383841
vn -0.684011 0.533996 0.496968
vn -0.591332 0.682455 0.429631
vn -0.884807 0.366701 0.287485
vn -0.951048 0.004141 0.309014
vn -0.890999 0.004141 0.453986
vn -0.828942 0.366697 0.422362
vn -0.891006 0.000720 0.453990
vn -0.890999 0.004141 0.453986
vn -0.951048 0.004141 0.309014
vn -0.951056 0.000720 0.309017
vn -0.809010 0.004141 0.587780
vn -0.890999 0.004141 0.453986
vn -0.891006 0.000720 0.453990
vn -0.809017 0.000720 0.587785
vn -0.828942 0.366697 0.422362
vn -0.890999 0.004141 0.453986
vn -0.809010 0.004141 0.587780
vn -0.752661 0.366700 0.546838
vn -0.045600 0.998410 0.033132
vn -0.072549 0.995971 0.052711
vn -0.063397 0.995973 0.063399
vn -0.039851 0.998411 0.039852
vn -0.072549 0.995971 0.052711
vn -0.347259 0.903190 0.252308
vn -0.303500 0.903199 0.303511
vn -0.063397 0.995973 0.063399
vn -0.063397 0.995973 0.063399
vn -0.303500 0.903199 0.303511
vn -0.252299 0.903191 0.347262
vn -0.052710 0.995971 0.072551
vn -0.063397 0.995973 0.063399
vn -0.052710 0.995971 0.072551
vn -0.033130 0.998410 0.045603
vn -0.039851 0.998411 0.039852
vn -0.347259 0.903190 0.252308
vn -0.477718 0.807042 0.347085
vn -0.417535 0.807049 0.417537
vn -0.303500 0.903199 0.303511
vn -0.477718 0.807042 0.347085
vn -0.591332 0.682455 0.429631
vn -0.516843 0.682454 0.516846
vn -0.417535 0.807049 0.417537
vn -0.417535 0.807049 0.417537
vn -0.516843 0.682454 0.516846
vn -0.429631 0.682454 0.591332
vn -0.347081 0.807040 0.477726
vn -0.303500 0.903199 0.303511
vn -0.417535 0.807049 0.417537
vn -0.347081 0.807040 0.477726
vn -0.252299 0.903191 0.347262
vn -0.591332 0.682455 0.429631
vn -0.684011 0.533996 0.496968
vn -0.597849 0.533995 0.597851
vn -0.516843 0.682454 0.516846
vn -0.684011 0.533996 0.496968
vn -0.752661 0.366700 0.546838
vn -0.657852 0.366698 0.657847
vn -0.597849 0.533995 0.597851
vn -0.597849 0.533995 0.597851
vn -0.657852 0.366698 0.657847
vn -0.546843 0.366705 0.752656
vn -0.496967 0.534001 0.684008
vn -0.516843 0.682454 0.516846
vn -0.597849 0.533995 0.597851
vn -0.496967 0.534001 0.684008
vn -0.429631 0.682454 0.591332
vn -0.752661 0.366700 0.546838
vn -0.809010 0.004141 0.587780
vn -0.707101 0.004141 0.707101
vn -0.657852 0.366698 0.657847
vn -0.707107 0.000720 0.707107
vn -0.707101 0.004141 0.707101
vn -0.809010 0.004141 0.587780
vn -0.809017 0.000720 0.587785
vn -0.587780 0.004141 0.809010
vn -0.707101 0.004141 0.707101
vn -0.707107 0.000720 0.707107
vn -0.587785 0.000720 0.809017
vn -0.657852 0.366698 0.657847
vn -0.707101 0.004141 0.707101
vn -0.587780 0.004141 0.809010
vn -0.546843 0.366705 0.752656
vn -0.033130 0.998410 0.045603
vn -0.052710 0.995971 0.072551
vn -0.040703 0.995973 0.079887
vn -0.025586 0.998411 0.050218
vn -0.052710 0.995971 0.072551
vn -0.252299 0.903191 0.347262
vn -0.194860 0.903203 0.382431
vn -0.040703 0.995973 0.079887
vn -0.040703 0.995973 0.079887
vn -0.194860 0.903203 0.382431
vn -0.132642 0.903191 0.408230
vn -0.027711 0.995971 0.085287
vn -0.040703 0.995973 0.079887
vn -0.027711 0.995971 0.085287
vn -0.017418 0.998410 0.053607
vn -0.025586 0.998411 0.050218
vn -0.252299 0.903191 0.347262
vn -0.347081 0.807040 0.477726
vn -0.268073 0.807048 0.526128
vn -0.194860 0.903203 0.382431
vn -0.347081 0.807040 0.477726
vn -0.429631 0.682454 0.591332
vn -0.331834 0.682454 0.651263
vn -0.268073 0.807048 0.526128
vn -0.268073 0.807048 0.526128
vn -0.331834 0.682454 0.651263
vn -0.225869 0.682453 0.695155
vn -0.182472 0.807041 0.561594
vn -0.194860 0.903203 0.382431
vn -0.268073 0.807048 0.526128
vn -0.182472 0.807041 0.561594
vn -0.132642 0.903191 0.408230
vn -0.429631 0.682454 0.591332
vn -0.496967 0.534001 0.684008
vn -0.383845 0.533995 0.753334
vn -0.331834 0.682454 0.651263
vn -0.496967 0.534001 0.684008
vn -0.546843 0.366705 0.752656
vn -0.422368 0.366699 0.828938
vn -0.383845 0.533995 0.753334
vn -0.383845 0.533995 0.753334
vn -0.422368 0.366699 0.828938
vn -0.287492 0.366702 0.884804
vn -0.261271 0.533998 0.804104
vn -0.331834 0.682454 0.651263
vn -0.383845 0.533995 0.753334
vn -0.261271 0.533998 0.804104
vn -0.225869 0.682453 0.695155
vn -0.546843 0.366705 0.752656
vn -0.587780 0.004141 0.809010
vn -0.453987 0.004142 0.890999
vn -0.422368 0.366699 0.828938
vn -0.453990 0.000720 0.891006
vn -0.453987 0.004142 0.890999
vn -0.587780 0.004141 0.809010
vn -0.587785 0.000720 0.809017
vn -0.309014 0.004141 0.951048
vn -0.453987 0.004142 0.890999
vn -0.453990 0.000720 0.891006
vn -0.309017 0.000720 0.951056
vn -0.422368 0.366699 0.828938
vn -0.453987 0.004142 0.890999
vn -0.309014 0.004141 0.951048
vn -0.287492 0.366702 0.884804
vn -0.017418 0.998410 0.053607
vn -0.027711 0.995971 0.085287
vn -0.014025 0.995973 0.088551
vn -0.008816 0.998411 0.055664
vn -0.027711 0.995971 0.085287
vn -0.132642 0.903191 0.408230
vn -0.067144 0.903204 0.423928
vn -0.014025 0.995973 0.088551
vn -0.014025 0.995973 0.088551
vn -0.067144 0.903204 0.423928
vn 0.000000 0.903187 0.429248
vn 0.000000 0.995971 0.089677
vn -0.014025 0.995973 0.088551
vn 0.000000 0.995971 0.089677
vn 0.000000 0.998410 0.056363
vn -0.008816 0.998411 0.055664
vn -0.132642 0.903191 0.408230
vn -0.182472 0.807041 0.561594
vn -0.092373 0.807049 0.583215
vn -0.067144 0.903204 0.423928
vn -0.182472 0.807041 0.561594
vn -0.225869 0.682453 0.695155
vn -0.114343 0.682456 0.721927
vn -0.092373 0.807049 0.583215
vn -0.092373 0.807049 0.583215
vn -0.114343 0.682456 0.721927
vn 0.000000 0.682456 0.730927
vn 0.000000 0.807046 0.590489
vn -0.067144 0.903204 0.423928
vn -0.092373 0.807049 0.583215
vn 0.000000 0.807046 0.590489
vn 0.000000 0.903187 0.429248
vn -0.225869 0.682453 0.695155
vn -0.261271 0.533998 0.804104
vn -0.132263 0.533995 0.835079
vn -0.114343 0.682456 0.721927
vn -0.261271 0.533998 0.804104
vn -0.287492 0.366702 0.884804
vn -0.145539 0.366701 0.918885
vn -0.132263 0.533995 0.835079
vn -0.132263 0.533995 0.835079
vn -0.145539 0.366701 0.918885
vn 0.000000 0.366705 0.930337
vn 0.000000 0.534002 0.845483
vn -0.114343 0.682456 0.721927
vn -0.132263 0.533995 0.835079
vn 0.000000 0.534002 0.845483
vn 0.000000 0.682456 0.730927
vn -0.287492 0.366702 0.884804
vn -0.309014 0.004141 0.951048
vn -0.156433 0.004142 0.987680
vn -0.145539 0.366701 0.918885
vn -0.156434 0.000720 0.987688
vn -0.156433 0.004142 0.987680
vn -0.309014 0.004141 0.951048
vn -0.309017 0.000720 0.951056
vn 0.000000 0.004141 0.999991
vn -0.156433 0.004142 0.987680
vn -0.156434 0.000720 0.987688
vn 0.000000 0.000720 1.000000
vn -0.145539 0.366701 0.918885
vn -0.156433 0.004142 0.987680
vn 0.000000 0.004141 0.999991
vn 0.000000 0.366705 0.930337
vn 0.000000 0.998410 0.056363
vn 0.000000 0.995971 0.089677
vn 0.014025 0.995972 0.088556
vn 0.008816 0.998411 0.055666
vn 0.000000 0.995971 0.089677
vn 0.000000 0.903187 0.429248
vn 0.067144 0.903201 0.423935
vn 0.014025 0.995972 0.088556
vn 0.014025 0.995972 0.088556
vn 0.067144 0.903201 0.423935
vn 0.132642 0.903191 0.408230
vn 0.027711 0.995971 0.085286
vn 0.014025 0.995972 0.088556
vn 0.027711 0.995971 0.085286
vn 0.017418 0.998410 0.053607
vn 0.008816 0.998411 0.055666
vn 0.000000 0.903187 0.429248
vn 0.000000 0.807046 0.590489
vn 0.092372 0.807049 0.583215
vn 0.067144 0.903201 0.423935
vn 0.000000 0.807046 0.590489
vn 0.000000 0.682456 0.730927
vn 0.114344 0.682466 0.721918
vn 0.092372 0.807049 0.583215
vn 0.092372 0.807049 0.583215
vn 0.114344 0.682466 0.721918
vn 0.225872 0.682462 0.695146
vn 0.182473 0.807040 0.561596
vn 0.067144 0.903201 0.423935
vn 0.092372 0.807049 0.583215
vn 0.182473 0.807040 0.561596
vn 0.132642 0.903191 0.408230
vn 0.000000 0.682456 0.730927
vn 0.000000 0.534002 0.845483
vn 0.132267 0.534008 0.835069
vn 0.114344 0.682466 0.721918
vn 0.000000 0.534002 0.845483
vn 0.000000 0.366705 0.930337
vn 0.145536 0.366695 0.918887
vn 0.132267 0.534008 0.835069
vn 0.132267 0.534008 0.835069
vn 0.145536 0.366695 0.918887
vn 0.287489 0.366699 0.884806
vn 0.261273 0.534005 0.804099
vn 0.114344 0.682466 0.721918
vn 0.132267 0.534008 0.835069
vn 0.261273 0.534005 0.804099
vn 0.225872 0.682462 0.695146
vn 0.000000 0.366705 0.930337
vn 0.000000 0.004141 0.999991
vn 0.156433 0.004141 0.987680
vn 0.145536 0.366695 0.918887
vn 0.156434 0.000720 0.987688
vn 0.156433 0.004141 0.987680
vn 0.000000 0.004141 0.999991
vn 0.000000 0.000720 1.000000
vn 0.309015 0.004141 0.951048
vn 0.156433 0.004141 0.987680
vn 0.156434 0.000720 0.987688
vn 0.309017 0.000720 0.951056
vn 0.145536 0.366695 0.918887
vn 0.156433 0.004141 0.987680
vn 0.309015 0.004141 0.951048
vn 0.287489 0.366699 0.884806
vn 0.017418 0.998410 0.053607
vn 0.027711 0.995971 0.085286
vn 0.040703 0.995973 0.079886
vn 0.025586 0.998411 0.050214
vn 0.027711 0.995971 0.085286
vn 0.132642 0.903191 0.408230
vn 0.194859 0.903195 0.382450
vn 0.040703 0.995973 0.079886
vn 0.040703 0.995973 0.079886
vn 0.194859 0.903195 0.382450
vn 0.252299 0.903189 0.347269
vn 0.052710 0.995971 0.072551
vn 0.040703 0.995973 0.079886
vn 0.052710 0.995971 0.072551
vn 0.033130 0.998410 0.045601
vn 0.025586 0.998411 0.050214
vn 0.132642 0.903191 0.408230
vn 0.182473 0.807040 0.561596
vn 0.268074 0.807046 0.526130
vn 0.194859 0.903195 0.382450
vn 0.182473 0.807040 0.561596
vn 0.225872 0.682462 0.695146
vn 0.331833 0.682456 0.651261
vn 0.268074 0.807046 0.526130
vn 0.268074 0.807046 0.526130
vn 0.331833 0.682456 0.651261
vn 0.429632 0.682459 0.591326
vn 0.347083 0.807043 0.477719
vn 0.194859 0.903195 0.382450
vn 0.268074 0.807046 0.526130
vn 0.347083 0.807043 0.477719
vn 0.252299 0.903189 0.347269
vn 0.225872 0.682462 0.695146
vn 0.261273 0.534005 0.804099
vn 0.383844 0.533996 0.753334
vn 0.331833 0.682456 0.651261
vn 0.261273 0.534005 0.804099
vn 0.287489 0.366699 0.884806
vn 0.422367 0.366698 0.828938
vn 0.383844 0.533996 0.753334
vn 0.383844 0.533996 0.753334
vn 0.422367 0.366698 0.828938
vn 0.546841 0.366700 0.752660
vn 0.496968 0.534000 0.684008
vn 0.331833 0.682456 0.651261
vn 0.383844 0.533996 0.753334
vn 0.496968 0.534000 0.684008
vn 0.429632 0.682459 0.591326
vn 0.287489 0.366699 0.884806
vn 0.309015 0.004141 0.951048
vn 0.453987 0.004142 0.890999
vn 0.422367 0.366698 0.828938
vn 0.453990 0.000720 0.891006
vn 0.453987 0.004142 0.890999
vn 0.309015 0.004141 0.951048
vn 0.309017 0.000720 0.951056
vn 0.587780 0.004141 0.809010
vn 0.453987 0.004142 0.890999
vn 0.453990 0.000720 0.891006
vn 0.587785 0.000720 0.809017
vn 0.422367 0.366698 0.828938
vn 0.453987 0.004142 0.890999
vn 0.587780 0.004141 0.809010
vn 0.546841 0.366700 0.752660
vn 0.033130 0.998410 0.045601
vn 0.052710 0.995971 0.072551
vn 0.063397 0.995973 0.063399
vn 0.039851 0.998410 0.039856
vn 0.052710 0.995971 0.072551
vn 0.252299 0.903189 0.347269
vn 0.303502 0.903203 0.303498
vn 0.063397 0.995973 0.063399
vn 0.063397 0.995973 0.063399
vn 0.303502 0.903203 0.303498
vn 0.347261 0.903193 0.252293
vn 0.072548 0.995971 0.052710
vn 0.063397 0.995973 0.063399
vn 0.072548 0.995971 0.052710
vn 0.045600 0.998410 0.033133
vn 0.039851 0.998410 0.039856
vn 0.252299 0.903189 0.347269
vn 0.347083 0.807043 0.477719
vn 0.417535 0.807049 0.417536
vn 0.303502 0.903203 0.303498
vn 0.347083 0.807043 0.477719
vn 0.429632 0.682459 0.591326
vn 0.516848 0.682464 0.516827
vn 0.417535 0.807049 0.417536
vn 0.417535 0.807049 0.417536
vn 0.516848 0.682464 0.516827
vn 0.591336 0.682459 0.429618
vn 0.477718 0.807042 0.347085
vn 0.303502 0.903203 0.303498
vn 0.417535 0.807049 0.417536
vn 0.477718 0.807042 0.347085
vn 0.347261 0.903193 0.252293
vn 0.429632 0.682459 0.591326
vn 0.496968 0.534000 0.684008
vn 0.597855 0.533999 0.597841
vn 0.516848 0.682464 0.516827
vn 0.496968 0.534000 0.684008
vn 0.546841 0.366700 0.752660
vn 0.657849 0.366694 0.657853
vn 0.597855 0.533999 0.597841
vn 0.597855 0.533999 0.597841
vn 0.657849 0.366694 0.657853
vn 0.752655 0.366696 0.546849
vn 0.684014 0.533997 0.496963
vn 0.516848 0.682464 0.516827
vn 0.597855 0.533999 0.597841
vn 0.684014 0.533997 0.496963
vn 0.591336 0.682459 0.429618
vn 0.546841 0.366700 0.752660
vn 0.587780 0.004141 0.809010
vn 0.707101 0.004141 0.707101
vn 0.657849 0.366694 0.657853
vn 0.707107 0.000720 0.707107
vn 0.707101 0.004141 0.707101
vn 0.587780 0.004141 0.809010
vn 0.587785 0.000720 0.809017
vn 0.809010 0.004141 0.587780
vn 0.707101 0.004141 0.707101
vn 0.707107 0.000720 0.707107
vn 0.809017 0.000720 0.587785
vn 0.657849 0.366694 0.657853
vn 0.707101 0.004141 0.707101
vn 0.809010 0.004141 0.587780
vn 0.752655 0.366696 0.546849
vn 0.045600 0.998410 0.033133
vn 0.072548 0.995971 0.052710
vn 0.079884 0.995973 0.040705
vn 0.050215 0.998411 0.025588
vn 0.072548 0.995971 0.052710
vn 0.347261 0.903193 0.252293
vn 0.382434 0.903202 0.194863
vn 0.079884 0.995973 0.040705
vn 0.079884 0.995973 0.040705
vn 0.382434 0.903202 0.194863
vn 0.408229 0.903191 0.132645
vn 0.085286 0.995971 0.027713
vn 0.079884 0.995973 0.040705
vn 0.085286 0.995971 0.027713
vn 0.053606 0.998410 0.017419
vn 0.050215 0.998411 0.025588
vn 0.347261 0.903193 0.252293
vn 0.477718 0.807042 0.347085
vn 0.526125 0.807050 0.268073
vn 0.382434 0.903202 0.194863
vn 0.477718 0.807042 0.347085
vn 0.591336 0.682459 0.429618
vn 0.651260 0.682458 0.331830
vn 0.526125 0.807050 0.268073
vn 0.526125 0.807050 0.268073
vn 0.651260 0.682458 0.331830
vn 0.695153 0.682457 0.225867
vn 0.561590 0.807044 0.182475
vn 0.382434 0.903202 0.194863
vn 0.526125 0.807050 0.268073
vn 0.561590 0.807044 0.182475
vn 0.408229 0.903191 0.132645
vn 0.591336 0.682459 0.429618
vn 0.684014 0.533997 0.496963
vn 0.753335 0.533992 0.383848
vn 0.651260 0.682458 0.331830
vn 0.684014 0.533997 0.496963
vn 0.752655 0.366696 0.546849
vn 0.828941 0.366692 0.422368
vn 0.753335 0.533992 0.383848
vn 0.753335 0.533992 0.383848
vn 0.828941 0.366692 0.422368
vn 0.884808 0.366695 0.287488
vn 0.804107 0.533996 0.261267
vn 0.651260 0.682458 0.331830
vn 0.753335 0.533992 0.383848
vn 0.804107 0.533996 0.261267
vn 0.695153 0.682457 0.225867
vn 0.752655 0.366696 0.546849
vn 0.809010 0.004141 0.587780
vn 0.890999 0.004141 0.453986
vn 0.828941 0.366692 0.422368
vn 0.891006 0.000720 0.453990
vn 0.890999 0.004141 0.453986
vn 0.809010 0.004141 0.587780
vn 0.809017 0.000720 0.587785
vn 0.951048 0.004141 0.309014
vn 0.890999 0.004141 0.453986
vn 0.891006 0.000720 0.453990
vn 0.951056 0.000720 0.309017
vn 0.828941 0.366692 0.422368
vn 0.890999 0.004141 0.453986
vn 0.951048 0.004141 0.309014
vn 0.884808 0.366695 0.287488
vn 0.053606 0.998410 0.017419
vn 0.085286 0.995971 0.027713
vn 0.088553 0.995973 0.014026
vn 0.055664 0.998411 0.008816
vn 0.085286 0.995971 0.027713
vn 0.408229 0.903191 0.132645
vn 0.423932 0.903202 0.067145
vn 0.088553 0.995973 0.014026
vn 0.088553 0.995973 0.014026
vn 0.423932 0.903202 0.067145
vn 0.429239 0.903191 0.000001
vn 0.089676 0.995971 0.000000
vn 0.088553 0.995973 0.014026
vn 0.089676 0.995971 0.000000
vn 0.056365 0.998410 -0.000001
vn 0.055664 0.998411 0.008816
vn 0.408229 0.903191 0.132645
vn 0.561590 0.807044 0.182475
vn 0.583220 0.807046 0.092371
vn 0.423932 0.903202 0.067145
vn 0.561590 0.807044 0.182475
vn 0.695153 0.682457 0.225867
vn 0.721929 0.682456 0.114338
vn 0.583220 0.807046 0.092371
vn 0.583220 0.807046 0.092371
vn 0.721929 0.682456 0.114338
vn 0.730929 0.682454 -0.000001
vn 0.590503 0.807035 0.000000
vn 0.423932 0.903202 0.067145
vn 0.583220 0.807046 0.092371
vn 0.590503 0.807035 0.000000
vn 0.429239 0.903191 0.000001
vn 0.695153 0.682457 0.225867
vn 0.804107 0.533996 0.261267
vn 0.835080 0.533993 0.132260
vn 0.721929 0.682456 0.114338
vn 0.804107 0.533996 0.261267
vn 0.884808 0.366695 0.287488
vn 0.918887 0.366695 0.145537
vn 0.835080 0.533993 0.132260
vn 0.835080 0.533993 0.132260
vn 0.918887 0.366695 0.145537
vn 0.930339 0.366702 0.000001
vn 0.845488 0.533995 -0.000001
vn 0.721929 0.682456 0.114338
vn 0.835080 0.533993 0.132260
vn 0.845488 0.533995 -0.000001
vn 0.730929 0.682454 -0.000001
vn 0.884808 0.366695 0.287488
vn 0.951048 0.004141 0.309014
vn 0.987680 0.004141 0.156433
vn 0.918887 0.366695 0.145537
vn 0.987688 0.000720 0.156435
vn 0.987680 0.004141 0.156433
vn 0.951048 0.004141 0.309014
vn 0.951056 0.000720 0.309017
vn 0.999991 0.004141 0.000001
vn 0.987680 0.004141 0.156433
vn 0.987688 0.000720 0.156435
vn 1.000000 0.000720 0.000001
vn 0.918887 0.366695 0.145537
vn 0.987680 0.004141 0.156433
vn 0.999991 0.004141 0.000001
vn 0.930339 0.366702 0.000001
vn 0.946679 -0.095836 -0.307594
vn 0.944953 -0.113114 -0.307033
vn 0.981352 -0.113090 -0.155429
vn 0.983143 -0.095835 -0.155713
vn 0.944953 -0.113114 -0.307033
vn 0.667042 -0.712798 -0.216734
vn 0.692822 -0.712710 -0.109732
vn 0.981352 -0.113090 -0.155429
vn 0.981352 -0.113090 -0.155429
vn 0.692822 -0.712710 -0.109732
vn 0.701369 -0.712798 0.000001
vn 0.993582 -0.113115 0.000001
vn 0.981352 -0.113090 -0.155429
vn 0.993582 -0.113115 0.000001
vn 0.995397 -0.095836 0.000001
vn 0.983143 -0.095835 -0.155713
vn 0.667042 -0.712798 -0.216734
vn 0.033028 -0.999397 -0.010731
vn 0.034317 -0.999396 -0.005435
vn 0.692822 -0.712710 -0.109732
vn 0.692822 -0.712710 -0.109732
vn 0.034317 -0.999396 -0.005435
vn 0.034728 -0.999397 0.000000
vn 0.701369 -0.712798 0.000001
vn 0.033028 -0.999397 -0.010731
vn 0.667042 -0.712798 -0.216734
vn 0.625006 -0.712709 -0.318455
vn 0.030957 -0.999396 -0.015774
vn 0.030957 -0.999396 -0.015774
vn 0.625006 -0.712709 -0.318455
vn 0.567420 -0.712798 -0.412255
vn 0.028096 -0.999397 -0.020413
vn 0.667042 -0.712798 -0.216734
vn 0.944953 -0.113114 -0.307033
vn 0.885291 -0.113091 -0.451077
vn 0.625006 -0.712709 -0.318455
vn 0.885291 -0.113091 -0.451077
vn 0.944953 -0.113114 -0.307033
vn 0.946679 -0.095836 -0.307594
vn 0.886906 -0.095835 -0.451901
vn 0.803825 -0.113115 -0.584013
vn 0.885291 -0.113091 -0.451077
vn 0.886906 -0.095835 -0.451901
vn 0.805293 -0.095837 -0.585080
vn 0.625006 -0.712709 -0.318455
vn 0.885291 -0.113091 -0.451077
vn 0.803825 -0.113115 -0.584013
vn 0.567420 -0.712798 -0.412255
vn 0.028096 -0.999397 -0.020413
vn 0.567420 -0.712798 -0.412255
vn 0.496007 -0.712709 -0.496007
vn 0.024568 -0.999396 -0.024568
vn 0.024568 -0.999396 -0.024568
vn 0.496007 -0.712709 -0.496007
vn 0.412255 -0.712796 -0.567421
vn 0.020413 -0.999397 -0.028096
vn 0.567420 -0.712798 -0.412255
vn 0.803825 -0.113115 -0.584013
vn 0.702571 -0.113090 -0.702570
vn 0.496007 -0.712709 -0.496007
vn 0.702571 -0.113090 -0.702570
vn 0.803825 -0.113115 -0.584013
vn 0.805293 -0.095837 -0.585080
vn 0.703852 -0.095835 -0.703852
vn 0.584013 -0.113114 -0.803825
vn 0.702571 -0.113090 -0.702570
vn 0.703852 -0.095835 -0.703852
vn 0.585079 -0.095837 -0.805294
vn 0.496007 -0.712709 -0.496007
vn 0.702571 -0.113090 -0.702570
vn 0.584013 -0.113114 -0.803825
vn 0.412255 -0.712796 -0.567421
vn 0.020413 -0.999397 -0.028096
vn 0.412255 -0.712796 -0.567421
vn 0.318456 -0.712709 -0.625005
vn 0.015774 -0.999396 -0.030958
vn 0.015774 -0.999396 -0.030958
vn 0.318456 -0.712709 -0.625005
vn 0.216735 -0.712798 -0.667042
vn 0.010732 -0.999397 -0.033029
vn 0.412255 -0.712796 -0.567421
vn 0.584013 -0.113114 -0.803825
vn 0.451078 -0.113090 -0.885291
vn 0.318456 -0.712709 -0.625005
vn 0.451078 -0.113090 -0.885291
vn 0.584013 -0.113114 -0.803825
vn 0.585079 -0.095837 -0.805294
vn 0.451900 -0.095835 -0.886906
vn 0.307034 -0.113115 -0.944953
vn 0.451078 -0.113090 -0.885291
vn 0.451900 -0.095835 -0.886906
vn 0.307594 -0.095837 -0.946679
vn 0.318456 -0.712709 -0.625005
vn 0.451078 -0.113090 -0.885291
vn 0.307034 -0.113115 -0.944953
vn 0.216735 -0.712798 -0.667042
vn 0.010732 -0.999397 -0.033029
vn 0.216735 -0.712798 -0.667042
vn 0.109733 -0.712709 -0.692824
vn 0.005435 -0.999396 -0.034317
vn 0.005435 -0.999396 -0.034317
vn 0.109733 -0.712709 -0.692824
vn 0.000000 -0.712797 -0.701370
vn 0.000000 -0.999397 -0.034728
vn 0.216735 -0.712798 -0.667042
vn 0.307034 -0.113115 -0.944953
vn 0.155431 -0.113091 -0.981352
vn 0.109733 -0.712709 -0.692824
vn 0.155431 -0.113091 -0.981352
vn 0.307034 -0.113115 -0.944953
vn 0.307594 -0.095837 -0.946679
vn 0.155714 -0.095835 -0.983142
vn 0.000000 -0.113115 -0.993582
vn 0.155431 -0.113091 -0.981352
vn 0.155714 -0.095835 -0.983142
vn 0.000000 -0.095837 -0.995397
vn 0.109733 -0.712709 -0.692824
vn 0.155431 -0.113091 -0.981352
vn 0.000000 -0.113115 -0.993582
vn 0.000000 -0.712797 -0.701370
vn 0.000000 -0.999397 -0.034728
vn 0.000000 -0.712797 -0.701370
vn -0.109733 -0.712709 -0.692824
vn -0.005435 -0.999396 -0.034317
vn -0.005435 -0.999396 -0.034317
vn -0.109733 -0.712709 -0.692824
vn -0.216735 -0.712798 -0.667042
vn -0.010732 -0.999397 -0.033028
vn 0.000000 -0.712797 -0.701370
vn 0.000000 -0.113115 -0.993582
vn -0.155431 -0.113090 -0.981352
vn -0.109733 -0.712709 -0.692824
vn -0.155431 -0.113090 -0.981352
vn 0.000000 -0.113115 -0.993582
vn 0.000000 -0.095837 -0.995397
vn -0.155715 -0.095835 -0.983142
vn -0.307034 -0.113114 -0.944953
vn -0.155431 -0.113090 -0.981352
vn -0.155715 -0.095835 -0.983142
vn -0.307595 -0.095837 -0.946679
vn -0.109733 -0.712709 -0.692824
vn -0.155431 -0.113090 -0.981352
vn -0.307034 -0.113114 -0.944953
vn -0.216735 -0.712798 -0.667042
vn -0.010732 -0.999397 -0.033028
vn -0.216735 -0.712798 -0.667042
vn -0.318456 -0.712709 -0.625005
vn -0.015774 -0.999396 -0.030958
vn -0.015774 -0.999396 -0.030958
vn -0.318456 -0.712709 -0.625005
vn -0.412256 -0.712797 -0.567420
vn -0.020413 -0.999397 -0.028096
vn -0.216735 -0.712798 -0.667042
vn -0.307034 -0.113114 -0.944953
vn -0.451078 -0.113090 -0.885290
vn -0.318456 -0.712709 -0.625005
vn -0.451078 -0.113090 -0.885290
vn -0.307034 -0.113114 -0.944953
vn -0.307595 -0.095837 -0.946679
vn -0.451901 -0.095835 -0.886905
vn -0.584013 -0.113115 -0.803824
vn -0.451078 -0.113090 -0.885290
vn -0.451901 -0.095835 -0.886905
vn -0.585080 -0.095836 -0.805293
vn -0.318456 -0.712709 -0.625005
vn -0.451078 -0.113090 -0.885290
vn -0.584013 -0.113115 -0.803824
vn -0.412256 -0.712797 -0.567420
vn -0.020413 -0.999397 -0.028096
vn -0.412256 -0.712797 -0.567420
vn -0.496008 -0.712708 -0.496007
vn -0.024568 -0.999396 -0.024568
vn -0.024568 -0.999396 -0.024568
vn -0.496008 -0.712708 -0.496007
vn -0.567421 -0.712797 -0.412255
vn -0.028096 -0.999397 -0.020413
vn -0.412256 -0.712797 -0.567420
vn -0.584013 -0.113115 -0.803824
vn -0.702571 -0.113090 -0.702570
vn -0.496008 -0.712708 -0.496007
vn -0.702571 -0.113090 -0.702570
vn -0.584013 -0.113115 -0.803824
vn -0.585080 -0.095836 -0.805293
vn -0.703852 -0.095835 -0.703852
vn -0.803825 -0.113115 -0.584013
vn -0.702571 -0.113090 -0.702570
vn -0.703852 -0.095835 -0.703852
vn -0.805293 -0.095837 -0.585080
vn -0.496008 -0.712708 -0.496007
vn -0.702571 -0.113090 -0.702570
vn -0.803825 -0.113115 -0.584013
vn -0.567421 -0.712797 -0.412255
vn -0.028096 -0.999397 -0.020413
vn -0.567421 -0.712797 -0.412255
vn -0.625005 -0.712710 -0.318456
vn -0.030958 -0.999396 -0.015774
vn -0.030958 -0.999396 -0.015774
vn -0.625005 -0.712710 -0.318456
vn -0.667043 -0.712797 -0.216735
vn -0.033029 -0.999397 -0.010732
vn -0.567421 -0.712797 -0.412255
vn -0.803825 -0.113115 -0.584013
vn -0.885290 -0.113091 -0.451078
vn -0.625005 -0.712710 -0.318456
vn -0.885290 -0.113091 -0.451078
vn -0.803825 -0.113115 -0.584013
vn -0.805293 -0.095837 -0.585080
vn -0.886905 -0.095835 -0.451901
vn -0.944953 -0.113115 -0.307034
vn -0.885290 -0.113091 -0.451078
vn -0.886905 -0.095835 -0.451901
vn -0.946679 -0.095836 -0.307595
vn -0.625005 -0.712710 -0.318456
vn -0.885290 -0.113091 -0.451078
vn -0.944953 -0.113115 -0.307034
vn -0.667043 -0.712797 -0.216735
vn -0.033029 -0.999397 -0.010732
vn -0.667043 -0.712797 -0.216735
vn -0.692825 -0.712708 -0.109732
vn -0.034317 -0.999396 -0.005435
vn -0.034317 -0.999396 -0.005435
vn -0.692825 -0.712708 -0.109732
vn -0.701370 -0.712797 0.000000
vn -0.034728 -0.999397 0.000000
vn -0.667043 -0.712797 -0.216735
vn -0.944953 -0.113115 -0.307034
vn -0.981352 -0.113091 -0.155431
vn -0.692825 -0.712708 -0.109732
vn -0.981352 -0.113091 -0.155431
vn -0.944953 -0.113115 -0.307034
vn -0.946679 -0.095836 -0.307595
vn -0.983142 -0.095835 -0.155714
vn -0.993582 -0.113115 0.000000
vn -0.981352 -0.113091 -0.155431
vn -0.983142 -0.095835 -0.155714
vn -0.995397 -0.095837 0.000000
vn -0.692825 -0.712708 -0.109732
vn -0.981352 -0.113091 -0.155431
vn -0.993582 -0.113115 0.000000
vn -0.701370 -0.712797 0.000000
vn -0.034728 -0.999397 0.000000
vn -0.701370 -0.712797 0.000000
vn -0.692825 -0.712708 0.109733
vn -0.034317 -0.999396 0.005435
vn -0.034317 -0.999396 0.005435
vn -0.692825 -0.712708 0.109733
vn -0.667044 -0.712796 0.216736
vn -0.033029 -0.999397 0.010732
vn -0.701370 -0.712797 0.000000
vn -0.993582 -0.113115 0.000000
vn -0.981352 -0.113091 0.155431
vn -0.692825 -0.712708 0.109733
vn -0.981352 -0.113091 0.155431
vn -0.993582 -0.113115 0.000000
vn -0.995397 -0.095837 0.000000
vn -0.983142 -0.095835 0.155714
vn -0.944952 -0.113116 0.307034
vn -0.981352 -0.113091 0.155431
vn -0.983142 -0.095835 0.155714
vn -0.946679 -0.095837 0.307595
vn -0.692825 -0.712708 0.109733
vn -0.981352 -0.113091 0.155431
vn -0.944952 -0.113116 0.307034
vn -0.667044 -0.712796 0.216736
vn -0.033029 -0.999397 0.010732
vn -0.667044 -0.712796 0.216736
vn -0.625006 -0.712708 0.318457
vn -0.030958 -0.999396 0.015774
vn -0.030958 -0.999396 0.015774
vn -0.625006 -0.712708 0.318457
vn -0.567423 -0.712794 0.412257
vn -0.028096 -0.999397 0.020413
vn -0.667044 -0.712796 0.216736
vn -0.944952 -0.113116 0.307034
vn -0.885290 -0.113090 0.451078
vn -0.625006 -0.712708 0.318457
vn -0.885290 -0.113090 0.451078
vn -0.944952 -0.113116 0.307034
vn -0.946679 -0.095837 0.307595
vn -0.886905 -0.095835 0.451901
vn -0.803825 -0.113114 0.584013
vn -0.885290 -0.113090 0.451078
vn -0.886905 -0.095835 0.451901
vn -0.805293 -0.095837 0.585080
vn -0.625006 -0.712708 0.318457
vn -0.885290 -0.113090 0.451078
vn -0.803825 -0.113114 0.584013
vn -0.567423 -0.712794 0.412257
vn -0.028096 -0.999397 0.020413
vn -0.567423 -0.712794 0.412257
vn -0.496007 -0.712708 0.496008
vn -0.024568 -0.999396 0.024568
vn -0.024568 -0.999396 0.024568
vn -0.496007 -0.712708 0.496008
vn -0.412254 -0.712799 0.567419
vn -0.020413 -0.999397 0.028096
vn -0.567423 -0.712794 0.412257
vn -0.803825 -0.113114 0.584013
vn -0.702570 -0.113089 0.702571
vn -0.496007 -0.712708 0.496008
vn -0.702570 -0.113089 0.702571
vn -0.803825 -0.113114 0.584013
vn -0.805293 -0.095837 0.585080
vn -0.703852 -0.095835 0.703853
vn -0.584013 -0.113114 0.803825
vn -0.702570 -0.113089 0.702571
vn -0.703852 -0.095835 0.703853
vn -0.585079 -0.095836 0.805294
vn -0.496007 -0.712708 0.496008
vn -0.702570 -0.113089 0.702571
vn -0.584013 -0.113114 0.803825
vn -0.412254 -0.712799 0.567419
vn -0.020413 -0.999397 0.028096
vn -0.412254 -0.712799 0.567419
vn -0.318455 -0.712711 0.625004
vn -0.015774 -0.999396 0.030958
vn -0.015774 -0.999396 0.030958
vn -0.318455 -0.712711 0.625004
vn -0.216735 -0.712799 0.667041
vn -0.010732 -0.999397 0.033029
vn -0.412254 -0.712799 0.567419
vn -0.584013 -0.113114 0.803825
vn -0.451078 -0.113090 0.885290
vn -0.318455 -0.712711 0.625004
vn -0.451078 -0.113090 0.885290
vn -0.584013 -0.113114 0.803825
vn -0.585079 -0.095836 0.805294
vn -0.451901 -0.095835 0.886905
vn -0.307034 -0.113114 0.944953
vn -0.451078 -0.113090 0.885290
vn -0.451901 -0.095835 0.886905
vn -0.307595 -0.095836 0.946679
vn -0.318455 -0.712711 0.625004
vn -0.451078 -0.113090 0.885290
vn -0.307034 -0.113114 0.944953
vn -0.216735 -0.712799 0.667041
vn -0.010732 -0.999397 0.033029
vn -0.216735 -0.712799 0.667041
vn -0.109733 -0.712710 0.692823
vn -0.005435 -0.999396 0.034317
vn -0.005435 -0.999396 0.034317
vn -0.109733 -0.712710 0.692823
vn 0.000000 -0.712798 0.701370
vn 0.000000 -0.999397 0.034728
vn -0.216735 -0.712799 0.667041
vn -0.307034 -0.113114 0.944953
vn -0.155431 -0.113090 0.981352
vn -0.109733 -0.712710 0.692823
vn -0.155431 -0.113090 0.981352
vn -0.307034 -0.113114 0.944953
vn -0.307595 -0.095836 0.946679
vn -0.155715 -0.095835 0.983142
vn 0.000000 -0.113115 0.993582
vn -0.155431 -0.113090 0.981352
vn -0.155715 -0.095835 0.983142
vn 0.000000 -0.095837 0.995397
vn -0.109733 -0.712710 0.692823
vn -0.155431 -0.113090 0.981352
vn 0.000000 -0.113115 0.993582
vn 0.000000 -0.712798 0.701370
vn 0.000000 -0.999397 0.034728
vn 0.000000 -0.712798 0.701370
vn 0.109733 -0.712710 0.692822
vn 0.005435 -0.999396 0.034317
vn 0.005435 -0.999396 0.034317
vn 0.109733 -0.712710 0.692822
vn 0.216735 -0.712799 0.667041
vn 0.010732 -0.999397 0.033028
vn 0.000000 -0.712798 0.701370
vn 0.000000 -0.113115 0.993582
vn 0.155431 -0.113090 0.981352
vn 0.109733 -0.712710 0.692822
vn 0.155431 -0.113090 0.981352
vn 0.000000 -0.113115 0.993582
vn 0.000000 -0.095837 0.995397
vn 0.155714 -0.095835 0.983142
vn 0.307034 -0.113114 0.944953
vn 0.155431 -0.113090 0.981352
vn 0.155714 -0.095835 0.983142
vn 0.307595 -0.095836 0.946679
vn 0.109733 -0.712710 0.692822
vn 0.155431 -0.113090 0.981352
vn 0.307034 -0.113114 0.944953
vn 0.216735 -0.712799 0.667041
vn 0.010732 -0.999397 0.033028
vn 0.216735 -0.712799 0.667041
vn 0.318456 -0.712709 0.625005
vn 0.015774 -0.999396 0.030958
vn 0.015774 -0.999396 0.030958
vn 0.318456 -0.712709 0.625005
vn 0.412255 -0.712797 0.567420
vn 0.020413 -0.999397 0.028096
vn 0.216735 -0.712799 0.667041
vn 0.307034 -0.113114 0.944953
vn 0.451078 -0.113090 0.885290
vn 0.318456 -0.712709 0.625005
vn 0.451078 -0.113090 0.885290
vn 0.307034 -0.113114 0.944953
vn 0.307595 -0.095836 0.946679
vn 0.451901 -0.095835 0.886905
vn 0.584013 -0.113115 0.803825
vn 0.451078 -0.113090 0.885290
vn 0.451901 -0.095835 0.886905
vn 0.585080 -0.095837 0.805293
vn 0.318456 -0.712709 0.625005
vn 0.451078 -0.113090 0.885290
vn 0.584013 -0.113115 0.803825
vn 0.412255 -0.712797 0.567420
vn 0.020413 -0.999397 0.028096
vn 0.412255 -0.712797 0.567420
vn 0.496007 -0.712709 0.496007
vn 0.024568 -0.999396 0.024568
vn 0.024568 -0.999396 0.024568
vn 0.496007 -0.712709 0.496007
vn 0.567421 -0.712797 0.412255
vn 0.028096 -0.999397 0.020413
vn 0.412255 -0.712797 0.567420
vn 0.584013 -0.113115 0.803825
vn 0.702570 -0.113090 0.702570
vn 0.496007 -0.712709 0.496007
vn 0.702570 -0.113090 0.702570
vn 0.584013 -0.113115 0.803825
vn 0.585080 -0.095837 0.805293
vn 0.703852 -0.095835 0.703852
vn 0.803825 -0.113115 0.584013
vn 0.702570 -0.113090 0.702570
vn 0.703852 -0.095835 0.703852
vn 0.805293 -0.095837 0.585080
vn 0.496007 -0.712709 0.496007
vn 0.702570 -0.113090 0.702570
vn 0.803825 -0.113115 0.584013
vn 0.567421 -0.712797 0.412255
vn 0.028096 -0.999397 0.020413
vn 0.567421 -0.712797 0.412255
vn 0.625004 -0.712711 0.318455
vn 0.030958 -0.999396 0.015774
vn 0.030958 -0.999396 0.015774
vn 0.625004 -0.712711 0.318455
vn 0.667039 -0.712801 0.216734
vn 0.033029 -0.999397 0.010732
vn 0.567421 -0.712797 0.412255
vn 0.803825 -0.113115 0.584013
vn 0.885291 -0.113090 0.451078
vn 0.625004 -0.712711 0.318455
vn 0.885291 -0.113090 0.451078
vn 0.803825 -0.113115 0.584013
vn 0.805293 -0.095837 0.585080
vn 0.886905 -0.095835 0.451901
vn 0.944953 -0.113114 0.307034
vn 0.885291 -0.113090 0.451078
vn 0.886905 -0.095835 0.451901
vn 0.946679 -0.095836 0.307595
vn 0.625004 -0.712711 0.318455
vn 0.885291 -0.113090 0.451078
vn 0.944953 -0.113114 0.307034
vn 0.667039 -0.712801 0.216734
vn 0.033029 -0.999397 0.010732
vn 0.667039 -0.712801 0.216734
vn 0.692823 -0.712710 0.109733
vn 0.034317 -0.999396 0.005435
vn 0.034317 -0.999396 0.005435
vn 0.692823 -0.712710 0.109733
vn 0.701369 -0.712798 0.000001
vn 0.034728 -0.999397 0.000000
vn 0.667039 -0.712801 0.216734
vn 0.944953 -0.113114 0.307034
vn 0.981352 -0.113090 0.155431
vn 0.692823 -0.712710 0.109733
vn 0.981352 -0.113090 0.155431
vn 0.944953 -0.113114 0.307034
vn 0.946679 -0.095836 0.307595
vn 0.983142 -0.095834 0.155715
vn 0.993582 -0.113115 0.000001
vn 0.981352 -0.113090 0.155431
vn 0.983142 -0.095834 0.155715
vn 0.995397 -0.095836 0.000001
vn 0.692823 -0.712710 0.109733
vn 0.981352 -0.113090 0.155431
vn 0.993582 -0.113115 0.000001
vn 0.701369 -0.712798 0.000001
vn 0.879476 -0.380610 -0.285758
vn 0.946679 -0.095836 -0.307594
vn 0.983143 -0.095835 -0.155713
vn 0.913352 -0.380608 -0.144659
vn 0.913352 -0.380608 -0.144659
vn 0.983143 -0.095835 -0.155713
vn 0.995397 -0.095836 0.000001
vn 0.924736 -0.380609 0.000001
vn 0.675298 -0.704151 -0.219417
vn 0.792458 -0.552912 -0.257485
vn 0.822983 -0.552910 -0.130346
vn 0.701307 -0.704153 -0.111075
vn 0.792458 -0.552912 -0.257485
vn 0.879476 -0.380610 -0.285758
vn 0.913352 -0.380608 -0.144659
vn 0.822983 -0.552910 -0.130346
vn 0.822983 -0.552910 -0.130346
vn 0.913352 -0.380608 -0.144659
vn 0.924736 -0.380609 0.000001
vn 0.833240 -0.552911 0.000001
vn 0.701307 -0.704153 -0.111075
vn 0.822983 -0.552910 -0.130346
vn 0.833240 -0.552911 0.000001
vn 0.710052 -0.704149 0.000001
vn 0.011948 -0.999921 -0.003882
vn 0.012394 -0.999921 -0.001963
vn 0.000000 -1.000000 0.000000
vn 0.011948 -0.999921 -0.003882
vn 0.368768 -0.921766 -0.119820
vn 0.382942 -0.921779 -0.060652
vn 0.012394 -0.999921 -0.001963
vn 0.012394 -0.999921 -0.001963
vn 0.382942 -0.921779 -0.060652
vn 0.387739 -0.921769 0.000000
vn 0.012562 -0.999921 0.000000
vn 0.000000 -1.000000 0.000000
vn 0.012394 -0.999921 -0.001963
vn 0.012562 -0.999921 0.000000
vn 0.368768 -0.921766 -0.119820
vn 0.532192 -0.828777 -0.172919
vn 0.552678 -0.828785 -0.087535
vn 0.382942 -0.921779 -0.060652
vn 0.532192 -0.828777 -0.172919
vn 0.675298 -0.704151 -0.219417
vn 0.701307 -0.704153 -0.111075
vn 0.552678 -0.828785 -0.087535
vn 0.552678 -0.828785 -0.087535
vn 0.701307 -0.704153 -0.111075
vn 0.710052 -0.704149 0.000001
vn 0.559579 -0.828777 0.000001
vn 0.382942 -0.921779 -0.060652
vn 0.552678 -0.828785 -0.087535
vn 0.559579 -0.828777 0.000001
vn 0.387739 -0.921769 0.000000
vn 0.946679 -0.095836 -0.307594
vn 0.879476 -0.380610 -0.285758
vn 0.823947 -0.380606 -0.419822
vn 0.886906 -0.095835 -0.451901
vn 0.886906 -0.095835 -0.451901
vn 0.823947 -0.380606 -0.419822
vn 0.748127 -0.380610 -0.543546
vn 0.805293 -0.095837 -0.585080
vn 0.879476 -0.380610 -0.285758
vn 0.792458 -0.552912 -0.257485
vn 0.742424 -0.552909 -0.378283
vn 0.823947 -0.380606 -0.419822
vn 0.792458 -0.552912 -0.257485
vn 0.675298 -0.704151 -0.219417
vn 0.632656 -0.704156 -0.322354
vn 0.742424 -0.552909 -0.378283
vn 0.742424 -0.552909 -0.378283
vn 0.632656 -0.704156 -0.322354
vn 0.574442 -0.704152 -0.417357
vn 0.674106 -0.552911 -0.489767
vn 0.823947 -0.380606 -0.419822
vn 0.742424 -0.552909 -0.378283
vn 0.674106 -0.552911 -0.489767
vn 0.748127 -0.380610 -0.543546
vn 0.675298 -0.704151 -0.219417
vn 0.532192 -0.828777 -0.172919
vn 0.498577 -0.828786 -0.254037
vn 0.632656 -0.704156 -0.322354
vn 0.532192 -0.828777 -0.172919
vn 0.368768 -0.921766 -0.119820
vn 0.345459 -0.921778 -0.176020
vn 0.498577 -0.828786 -0.254037
vn 0.498577 -0.828786 -0.254037
vn 0.345459 -0.921778 -0.176020
vn 0.313692 -0.921767 -0.227911
vn 0.452708 -0.828778 -0.328912
vn 0.632656 -0.704156 -0.322354
vn 0.498577 -0.828786 -0.254037
vn 0.452708 -0.828778 -0.328912
vn 0.574442 -0.704152 -0.417357
vn 0.368768 -0.921766 -0.119820
vn 0.011948 -0.999921 -0.003882
vn 0.011180 -0.999921 -0.005697
vn 0.345459 -0.921778 -0.176020
vn 0.000000 -1.000000 0.000000
vn 0.011180 -0.999921 -0.005697
vn 0.011948 -0.999921 -0.003882
vn 0.010163 -0.999921 -0.007384
vn 0.011180 -0.999921 -0.005697
vn 0.000000 -1.000000 0.000000
vn 0.345459 -0.921778 -0.176020
vn 0.011180 -0.999921 -0.005697
vn 0.010163 -0.999921 -0.007384
vn 0.313692 -0.921767 -0.227911
vn 0.805293 -0.095837 -0.585080
vn 0.748127 -0.380610 -0.543546
vn 0.653888 -0.380607 -0.653888
vn 0.703852 -0.095835 -0.703852
vn 0.703852 -0.095835 -0.703852
vn 0.653888 -0.380607 -0.653888
vn 0.543546 -0.380611 -0.748127
vn 0.585079 -0.095837 -0.805294
vn 0.748127 -0.380610 -0.543546
vn 0.674106 -0.552911 -0.489767
vn 0.589190 -0.552911 -0.589190
vn 0.653888 -0.380607 -0.653888
vn 0.674106 -0.552911 -0.489767
vn 0.574442 -0.704152 -0.417357
vn 0.502078 -0.704155 -0.502079
vn 0.589190 -0.552911 -0.589190
vn 0.589190 -0.552911 -0.589190
vn 0.502078 -0.704155 -0.502079
vn 0.417357 -0.704151 -0.574443
vn 0.489765 -0.552913 -0.674105
vn 0.653888 -0.380607 -0.653888
vn 0.589190 -0.552911 -0.589190
vn 0.489765 -0.552913 -0.674105
vn 0.543546 -0.380611 -0.748127
vn 0.574442 -0.704152 -0.417357
vn 0.452708 -0.828778 -0.328912
vn 0.395673 -0.828786 -0.395673
vn 0.502078 -0.704155 -0.502079
vn 0.452708 -0.828778 -0.328912
vn 0.313692 -0.921767 -0.227911
vn 0.274157 -0.921778 -0.274158
vn 0.395673 -0.828786 -0.395673
vn 0.395673 -0.828786 -0.395673
vn 0.274157 -0.921778 -0.274158
vn 0.227910 -0.921767 -0.313692
vn 0.328913 -0.828777 -0.452709
vn 0.502078 -0.704155 -0.502079
vn 0.395673 -0.828786 -0.395673
vn 0.328913 -0.828777 -0.452709
vn 0.417357 -0.704151 -0.574443
vn 0.313692 -0.921767 -0.227911
vn 0.010163 -0.999921 -0.007384
vn 0.008873 -0.999921 -0.008873
vn 0.274157 -0.921778 -0.274158
vn 0.000000 -1.000000 0.000000
vn 0.008873 -0.999921 -0.008873
vn 0.010163 -0.999921 -0.007384
vn 0.007384 -0.999921 -0.010163
vn 0.008873 -0.999921 -0.008873
vn 0.000000 -1.000000 0.000000
vn 0.274157 -0.921778 -0.274158
vn 0.008873 -0.999921 -0.008873
vn 0.007384 -0.999921 -0.010163
vn 0.227910 -0.921767 -0.313692
vn 0.585079 -0.095837 -0.805294
vn 0.543546 -0.380611 -0.748127
vn 0.419821 -0.380609 -0.823946
vn 0.451900 -0.095835 -0.886906
vn 0.451900 -0.095835 -0.886906
vn 0.419821 -0.380609 -0.823946
vn 0.285759 -0.380612 -0.879475
vn 0.307594 -0.095837 -0.946679
vn 0.543546 -0.380611 -0.748127
vn 0.489765 -0.552913 -0.674105
vn 0.378283 -0.552912 -0.742422
vn 0.419821 -0.380609 -0.823946
vn 0.489765 -0.552913 -0.674105
vn 0.417357 -0.704151 -0.574443
vn 0.322354 -0.704155 -0.632656
vn 0.378283 -0.552912 -0.742422
vn 0.378283 -0.552912 -0.742422
vn 0.322354 -0.704155 -0.632656
vn 0.219417 -0.704151 -0.675298
vn 0.257485 -0.552913 -0.792458
vn 0.419821 -0.380609 -0.823946
vn 0.378283 -0.552912 -0.742422
vn 0.257485 -0.552913 -0.792458
vn 0.285759 -0.380612 -0.879475
vn 0.417357 -0.704151 -0.574443
vn 0.328913 -0.828777 -0.452709
vn 0.254038 -0.828785 -0.498578
vn 0.322354 -0.704155 -0.632656
vn 0.328913 -0.828777 -0.452709
vn 0.227910 -0.921767 -0.313692
vn 0.176020 -0.921778 -0.345459
vn 0.254038 -0.828785 -0.498578
vn 0.254038 -0.828785 -0.498578
vn 0.176020 -0.921778 -0.345459
vn 0.119820 -0.921767 -0.368768
vn 0.172919 -0.828777 -0.532192
vn 0.322354 -0.704155 -0.632656
vn 0.254038 -0.828785 -0.498578
vn 0.172919 -0.828777 -0.532192
vn 0.219417 -0.704151 -0.675298
vn 0.227910 -0.921767 -0.313692
vn 0.007384 -0.999921 -0.010163
vn 0.005697 -0.999921 -0.011180
vn 0.176020 -0.921778 -0.345459
vn 0.000000 -1.000000 0.000000
vn 0.005697 -0.999921 -0.011180
vn 0.007384 -0.999921 -0.010163
vn 0.003882 -0.999921 -0.011948
vn 0.005697 -0.999921 -0.011180
vn 0.000000 -1.000000 0.000000
vn 0.176020 -0.921778 -0.345459
vn 0.005697 -0.999921 -0.011180
vn 0.003882 -0.999921 -0.011948
vn 0.119820 -0.921767 -0.368768
vn 0.307594 -0.095837 -0.946679
vn 0.285759 -0.380612 -0.879475
vn 0.144661 -0.380609 -0.913351
vn 0.155714 -0.095835 -0.983142
vn 0.155714 -0.095835 -0.983142
vn 0.144661 -0.380609 -0.913351
vn 0.000000 -0.380613 -0.924735
vn 0.000000 -0.095837 -0.995397
vn 0.285759 -0.380612 -0.879475
vn 0.257485 -0.552913 -0.792458
vn 0.130347 -0.552911 -0.822982
vn 0.144661 -0.380609 -0.913351
vn 0.257485 -0.552913 -0.792458
vn 0.219417 -0.704151 -0.675298
vn 0.111076 -0.704156 -0.701304
vn 0.130347 -0.552911 -0.822982
vn 0.130347 -0.552911 -0.822982
vn 0.111076 -0.704156 -0.701304
vn 0.000000 -0.704152 -0.710049
vn 0.000000 -0.552912 -0.833240
vn 0.144661 -0.380609 -0.913351
vn 0.130347 -0.552911 -0.822982
vn 0.000000 -0.552912 -0.833240
vn 0.000000 -0.380613 -0.924735
vn 0.219417 -0.704151 -0.675298
vn 0.172919 -0.828777 -0.532192
vn 0.087536 -0.828785 -0.552678
vn 0.111076 -0.704156 -0.701304
vn 0.172919 -0.828777 -0.532192
vn 0.119820 -0.921767 -0.368768
vn 0.060652 -0.921778 -0.382945
vn 0.087536 -0.828785 -0.552678
vn 0.087536 -0.828785 -0.552678
vn 0.060652 -0.921778 -0.382945
vn 0.000000 -0.921766 -0.387746
vn 0.000000 -0.828777 -0.559579
vn 0.111076 -0.704156 -0.701304
vn 0.087536 -0.828785 -0.552678
vn 0.000000 -0.828777 -0.559579
vn 0.000000 -0.704152 -0.710049
vn 0.119820 -0.921767 -0.368768
vn 0.003882 -0.999921 -0.011948
vn 0.001963 -0.999921 -0.012394
vn 0.060652 -0.921778 -0.382945
vn 0.000000 -1.000000 0.000000
vn 0.001963 -0.999921 -0.012394
vn 0.003882 -0.999921 -0.011948
vn 0.000000 -0.999921 -0.012562
vn 0.001963 -0.999921 -0.012394
vn 0.000000 -1.000000 0.000000
vn 0.060652 -0.921778 -0.382945
vn 0.001963 -0.999921 -0.012394
vn 0.000000 -0.999921 -0.012562
vn 0.000000 -0.921766 -0.387746
vn 0.000000 -0.095837 -0.995397
vn 0.000000 -0.380613 -0.924735
vn -0.144661 -0.380609 -0.913351
vn -0.155715 -0.095835 -0.983142
vn -0.155715 -0.095835 -0.983142
vn -0.144661 -0.380609 -0.913351
vn -0.285759 -0.380611 -0.879475
vn -0.307595 -0.095837 -0.946679
vn 0.000000 -0.380613 -0.924735
vn 0.000000 -0.552912 -0.833240
vn -0.130347 -0.552910 -0.822983
vn -0.144661 -0.380609 -0.913351
vn 0.000000 -0.552912 -0.833240
vn 0.000000 -0.704152 -0.710049
vn -0.111075 -0.704155 -0.701304
vn -0.130347 -0.552910 -0.822983
vn -0.130347 -0.552910 -0.822983
vn -0.111075 -0.704155 -0.701304
vn -0.219417 -0.704151 -0.675298
vn -0.257485 -0.552911 -0.792459
vn -0.144661 -0.380609 -0.913351
vn -0.130347 -0.552910 -0.822983
vn -0.257485 -0.552911 -0.792459
vn -0.285759 -0.380611 -0.879475
vn 0.000000 -0.704152 -0.710049
vn 0.000000 -0.828777 -0.559579
vn -0.087535 -0.828786 -0.552677
vn -0.111075 -0.704155 -0.701304
vn 0.000000 -0.828777 -0.559579
vn 0.000000 -0.921766 -0.387746
vn -0.060652 -0.921778 -0.382945
vn -0.087535 -0.828786 -0.552677
vn -0.087535 -0.828786 -0.552677
vn -0.060652 -0.921778 -0.382945
vn -0.119820 -0.921766 -0.368768
vn -0.172919 -0.828778 -0.532191
vn -0.111075 -0.704155 -0.701304
vn -0.087535 -0.828786 -0.552677
vn -0.172919 -0.828778 -0.532191
vn -0.219417 -0.704151 -0.675298
vn 0.000000 -0.921766 -0.387746
vn 0.000000 -0.999921 -0.012562
vn -0.001963 -0.999921 -0.012394
vn -0.060652 -0.921778 -0.382945
vn 0.000000 -1.000000 0.000000
vn -0.001963 -0.999921 -0.012394
vn 0.000000 -0.999921 -0.012562
vn -0.003882 -0.999921 -0.011948
vn -0.001963 -0.999921 -0.012394
vn 0.000000 -1.000000 0.000000
vn -0.060652 -0.921778 -0.382945
vn -0.001963 -0.999921 -0.012394
vn -0.003882 -0.999921 -0.011948
vn -0.119820 -0.921766 -0.368768
vn -0.307595 -0.095837 -0.946679
vn -0.285759 -0.380611 -0.879475
vn -0.419822 -0.380608 -0.823946
vn -0.451901 -0.095835 -0.886905
vn -0.451901 -0.095835 -0.886905
vn -0.419822 -0.380608 -0.823946
vn -0.543546 -0.380610 -0.748127
vn -0.585080 -0.095836 -0.805293
vn -0.285759 -0.380611 -0.879475
vn -0.257485 -0.552911 -0.792459
vn -0.378284 -0.552910 -0.742423
vn -0.419822 -0.380608 -0.823946
vn -0.257485 -0.552911 -0.792459
vn -0.219417 -0.704151 -0.675298
vn -0.322354 -0.704156 -0.632655
vn -0.378284 -0.552910 -0.742423
vn -0.378284 -0.552910 -0.742423
vn -0.322354 -0.704156 -0.632655
vn -0.417357 -0.704152 -0.574442
vn -0.489766 -0.552912 -0.674105
vn -0.419822 -0.380608 -0.823946
vn -0.378284 -0.552910 -0.742423
vn -0.489766 -0.552912 -0.674105
vn -0.543546 -0.380610 -0.748127
vn -0.219417 -0.704151 -0.675298
vn -0.172919 -0.828778 -0.532191
vn -0.254038 -0.828786 -0.498577
vn -0.322354 -0.704156 -0.632655
vn -0.172919 -0.828778 -0.532191
vn -0.119820 -0.921766 -0.368768
vn -0.176020 -0.921778 -0.345459
vn -0.254038 -0.828786 -0.498577
vn -0.254038 -0.828786 -0.498577
vn -0.176020 -0.921778 -0.345459
vn -0.227911 -0.921767 -0.313692
vn -0.328912 -0.828778 -0.452708
vn -0.322354 -0.704156 -0.632655
vn -0.254038 -0.828786 -0.498577
vn -0.328912 -0.828778 -0.452708
vn -0.417357 -0.704152 -0.574442
vn -0.119820 -0.921766 -0.368768
vn -0.003882 -0.999921 -0.011948
vn -0.005697 -0.999921 -0.011180
vn -0.176020 -0.921778 -0.345459
vn 0.000000 -1.000000 0.000000
vn -0.005697 -0.999921 -0.011180
vn -0.003882 -0.999921 -0.011948
vn -0.007384 -0.999921 -0.010163
vn -0.005697 -0.999921 -0.011180
vn 0.000000 -1.000000 0.000000
vn -0.176020 -0.921778 -0.345459
vn -0.005697 -0.999921 -0.011180
vn -0.007384 -0.999921 -0.010163
vn -0.227911 -0.921767 -0.313692
vn -0.585080 -0.095836 -0.805293
vn -0.543546 -0.380610 -0.748127
vn -0.653888 -0.380608 -0.653888
vn -0.703852 -0.095835 -0.703852
vn -0.703852 -0.095835 -0.703852
vn -0.653888 -0.380608 -0.653888
vn -0.748127 -0.380611 -0.543546
vn -0.805293 -0.095837 -0.585080
vn -0.543546 -0.380610 -0.748127
vn -0.489766 -0.552912 -0.674105
vn -0.589191 -0.552910 -0.589190
vn -0.653888 -0.380608 -0.653888
vn -0.489766 -0.552912 -0.674105
vn -0.417357 -0.704152 -0.574442
vn -0.502078 -0.704156 -0.502078
vn -0.589191 -0.552910 -0.589190
vn -0.589191 -0.552910 -0.589190
vn -0.502078 -0.704156 -0.502078
vn -0.574442 -0.704152 -0.417357
vn -0.674106 -0.552910 -0.489767
vn -0.653888 -0.380608 -0.653888
vn -0.589191 -0.552910 -0.589190
vn -0.674106 -0.552910 -0.489767
vn -0.748127 -0.380611 -0.543546
vn -0.417357 -0.704152 -0.574442
vn -0.328912 -0.828778 -0.452708
vn -0.395673 -0.828786 -0.395673
vn -0.502078 -0.704156 -0.502078
vn -0.328912 -0.828778 -0.452708
vn -0.227911 -0.921767 -0.313692
vn -0.274157 -0.921779 -0.274157
vn -0.395673 -0.828786 -0.395673
vn -0.395673 -0.828786 -0.395673
vn -0.274157 -0.921779 -0.274157
vn -0.313692 -0.921767 -0.227911
vn -0.452708 -0.828778 -0.328912
vn -0.502078 -0.704156 -0.502078
vn -0.395673 -0.828786 -0.395673
vn -0.452708 -0.828778 -0.328912
vn -0.574442 -0.704152 -0.417357
vn -0.227911 -0.921767 -0.313692
vn -0.007384 -0.999921 -0.010163
vn -0.008873 -0.999921 -0.008873
vn -0.274157 -0.921779 -0.274157
vn 0.000000 -1.000000 0.000000
vn -0.008873 -0.999921 -0.008873
vn -0.007384 -0.999921 -0.010163
vn -0.010163 -0.999921 -0.007384
vn -0.008873 -0.999921 -0.008873
vn 0.000000 -1.000000 0.000000
vn -0.274157 -0.921779 -0.274157
vn -0.008873 -0.999921 -0.008873
vn -0.010163 -0.999921 -0.007384
vn -0.313692 -0.921767 -0.227911
vn -0.805293 -0.095837 -0.585080
vn -0.748127 -0.380611 -0.543546
vn -0.823947 -0.380605 -0.419822
vn -0.886905 -0.095835 -0.451901
vn -0.886905 -0.095835 -0.451901
vn -0.823947 -0.380605 -0.419822
vn -0.879477 -0.380608 -0.285759
vn -0.946679 -0.095836 -0.307595
vn -0.748127 -0.380611 -0.543546
vn -0.674106 -0.552910 -0.489767
vn -0.742424 -0.552909 -0.378284
vn -0.823947 -0.380605 -0.419822
vn -0.674106 -0.552910 -0.489767
vn -0.574442 -0.704152 -0.417357
vn -0.632655 -0.704156 -0.322354
vn -0.742424 -0.552909 -0.378284
vn -0.742424 -0.552909 -0.378284
vn -0.632655 -0.704156 -0.322354
vn -0.675298 -0.704151 -0.219417
vn -0.792459 -0.552911 -0.257485
vn -0.823947 -0.380605 -0.419822
vn -0.742424 -0.552909 -0.378284
vn -0.792459 -0.552911 -0.257485
vn -0.879477 -0.380608 -0.285759
vn -0.574442 -0.704152 -0.417357
vn -0.452708 -0.828778 -0.328912
vn -0.498577 -0.828786 -0.254037
vn -0.632655 -0.704156 -0.322354
vn -0.452708 -0.828778 -0.328912
vn -0.313692 -0.921767 -0.227911
vn -0.345459 -0.921778 -0.176020
vn -0.498577 -0.828786 -0.254037
vn -0.498577 -0.828786 -0.254037
vn -0.345459 -0.921778 -0.176020
vn -0.368768 -0.921766 -0.119820
vn -0.532192 -0.828777 -0.172920
vn -0.632655 -0.704156 -0.322354
vn -0.498577 -0.828786 -0.254037
vn -0.532192 -0.828777 -0.172920
vn -0.675298 -0.704151 -0.219417
vn -0.313692 -0.921767 -0.227911
vn -0.010163 -0.999921 -0.007384
vn -0.011180 -0.999921 -0.005697
vn -0.345459 -0.921778 -0.176020
vn 0.000000 -1.000000 0.000000
vn -0.011180 -0.999921 -0.005697
vn -0.010163 -0.999921 -0.007384
vn -0.011948 -0.999921 -0.003882
vn -0.011180 -0.999921 -0.005697
vn 0.000000 -1.000000 0.000000
vn -0.345459 -0.921778 -0.176020
vn -0.011180 -0.999921 -0.005697
vn -0.011948 -0.999921 -0.003882
vn -0.368768 -0.921766 -0.119820
vn -0.946679 -0.095836 -0.307595
vn -0.879477 -0.380608 -0.285759
vn -0.913352 -0.380606 -0.144660
vn -0.983142 -0.095835 -0.155714
vn -0.983142 -0.095835 -0.155714
vn -0.913352 -0.380606 -0.144660
vn -0.924735 -0.380612 0.000000
vn -0.995397 -0.095837 0.000000
vn -0.879477 -0.380608 -0.285759
vn -0.792459 -0.552911 -0.257485
vn -0.822984 -0.552908 -0.130348
vn -0.913352 -0.380606 -0.144660
vn -0.792459 -0.552911 -0.257485
vn -0.675298 -0.704151 -0.219417
vn -0.701306 -0.704154 -0.111076
vn -0.822984 -0.552908 -0.130348
vn -0.822984 -0.552908 -0.130348
vn -0.701306 -0.704154 -0.111076
vn -0.710052 -0.704149 0.000000
vn -0.833242 -0.552909 0.000000
vn -0.913352 -0.380606 -0.144660
vn -0.822984 -0.552908 -0.130348
vn -0.833242 -0.552909 0.000000
vn -0.924735 -0.380612 0.000000
vn -0.675298 -0.704151 -0.219417
vn -0.532192 -0.828777 -0.172920
vn -0.552677 -0.828786 -0.087535
vn -0.701306 -0.704154 -0.111076
vn -0.532192 -0.828777 -0.172920
vn -0.368768 -0.921766 -0.119820
vn -0.382945 -0.921778 -0.060652
vn -0.552677 -0.828786 -0.087535
vn -0.552677 -0.828786 -0.087535
vn -0.382945 -0.921778 -0.060652
vn -0.387745 -0.921767 0.000000
vn -0.559577 -0.828778 0.000000
vn -0.701306 -0.704154 -0.111076
vn -0.552677 -0.828786 -0.087535
vn -0.559577 -0.828778 0.000000
vn -0.710052 -0.704149 0.000000
vn -0.368768 -0.921766 -0.119820
vn -0.011948 -0.999921 -0.003882
vn -0.012394 -0.999921 -0.001963
vn -0.382945 -0.921778 -0.060652
vn 0.000000 -1.000000 0.000000
vn -0.012394 -0.999921 -0.001963
vn -0.011948 -0.999921 -0.003882
vn -0.012562 -0.999921 0.000000
vn -0.012394 -0.999921 -0.001963
vn 0.000000 -1.000000 0.000000
vn -0.382945 -0.921778 -0.060652
vn -0.012394 -0.999921 -0.001963
vn -0.012562 -0.999921 0.000000
vn -0.387745 -0.921767 0.000000
vn -0.995397 -0.095837 0.000000
vn -0.924735 -0.380612 0.000000
vn -0.913351 -0.380610 0.144660
vn -0.983142 -0.095835 0.155714
vn -0.983142 -0.095835 0.155714
vn -0.913351 -0.380610 0.144660
vn -0.879475 -0.380611 0.285759
vn -0.946679 -0.095837 0.307595
vn -0.924735 -0.380612 0.000000
vn -0.833242 -0.552909 0.000000
vn -0.822984 -0.552908 0.130348
vn -0.913351 -0.380610 0.144660
vn -0.833242 -0.552909 0.000000
vn -0.710052 -0.704149 0.000000
vn -0.701307 -0.704153 0.111076
vn -0.822984 -0.552908 0.130348
vn -0.822984 -0.552908 0.130348
vn -0.701307 -0.704153 0.111076
vn -0.675298 -0.704151 0.219418
vn -0.792459 -0.552911 0.257485
vn -0.913351 -0.380610 0.144660
vn -0.822984 -0.552908 0.130348
vn -0.792459 -0.552911 0.257485
vn -0.879475 -0.380611 0.285759
vn -0.710052 -0.704149 0.000000
vn -0.559577 -0.828778 0.000000
vn -0.552675 -0.828787 0.087535
vn -0.701307 -0.704153 0.111076
vn -0.559577 -0.828778 0.000000
vn -0.387745 -0.921767 0.000000
vn -0.382944 -0.921778 0.060652
vn -0.552675 -0.828787 0.087535
vn -0.552675 -0.828787 0.087535
vn -0.382944 -0.921778 0.060652
vn -0.368768 -0.921767 0.119820
vn -0.532190 -0.828778 0.172919
vn -0.701307 -0.704153 0.111076
vn -0.552675 -0.828787 0.087535
vn -0.532190 -0.828778 0.172919
vn -0.675298 -0.704151 0.219418
vn -0.387745 -0.921767 0.000000
vn -0.012562 -0.999921 0.000000
vn -0.012394 -0.999921 0.001963
vn -0.382944 -0.921778 0.060652
vn 0.000000 -1.000000 0.000000
vn -0.012394 -0.999921 0.001963
vn -0.012562 -0.999921 0.000000
vn -0.011948 -0.999921 0.003882
vn -0.012394 -0.999921 0.001963
vn 0.000000 -1.000000 0.000000
vn -0.382944 -0.921778 0.060652
vn -0.012394 -0.999921 0.001963
vn -0.011948 -0.999921 0.003882
vn -0.368768 -0.921767 0.119820
vn -0.946679 -0.095837 0.307595
vn -0.879475 -0.380611 0.285759
vn -0.823946 -0.380608 0.419822
vn -0.886905 -0.095835 0.451901
vn -0.886905 -0.095835 0.451901
vn -0.823946 -0.380608 0.419822
vn -0.748126 -0.380611 0.543546
vn -0.805293 -0.095837 0.585080
vn -0.879475 -0.380611 0.285759
vn -0.792459 -0.552911 0.257485
vn -0.742422 -0.552911 0.378284
vn -0.823946 -0.380608 0.419822
vn -0.792459 -0.552911 0.257485
vn -0.675298 -0.704151 0.219418
vn -0.632655 -0.704156 0.322354
vn -0.742422 -0.552911 0.378284
vn -0.742422 -0.552911 0.378284
vn -0.632655 -0.704156 0.322354
vn -0.574442 -0.704152 0.417357
vn -0.674105 -0.552912 0.489766
vn -0.823946 -0.380608 0.419822
vn -0.742422 -0.552911 0.378284
vn -0.674105 -0.552912 0.489766
vn -0.748126 -0.380611 0.543546
vn -0.675298 -0.704151 0.219418
vn -0.532190 -0.828778 0.172919
vn -0.498577 -0.828786 0.254038
vn -0.632655 -0.704156 0.322354
vn -0.532190 -0.828778 0.172919
vn -0.368768 -0.921767 0.119820
vn -0.345459 -0.921778 0.176020
vn -0.498577 -0.828786 0.254038
vn -0.498577 -0.828786 0.254038
vn -0.345459 -0.921778 0.176020
vn -0.313693 -0.921766 0.227912
vn -0.452709 -0.828777 0.328913
vn -0.632655 -0.704156 0.322354
vn -0.498577 -0.828786 0.254038
vn -0.452709 -0.828777 0.328913
vn -0.574442 -0.704152 0.417357
vn -0.368768 -0.921767 0.119820
vn -0.011948 -0.999921 0.003882
vn -0.011180 -0.999921 0.005697
vn -0.345459 -0.921778 0.176020
vn 0.000000 -1.000000 0.000000
vn -0.011180 -0.999921 0.005697
vn -0.011948 -0.999921 0.003882
vn -0.010163 -0.999921 0.007384
vn -0.011180 -0.999921 0.005697
vn 0.000000 -1.000000 0.000000
vn -0.345459 -0.921778 0.176020
vn -0.011180 -0.999921 0.005697
vn -0.010163 -0.999921 0.007384
vn -0.313693 -0.921766 0.227912
vn -0.805293 -0.095837 0.585080
vn -0.748126 -0.380611 0.543546
vn -0.653887 -0.380608 0.653888
vn -0.703852 -0.095835 0.703853
vn -0.703852 -0.095835 0.703853
vn -0.653887 -0.380608 0.653888
vn -0.543546 -0.380610 0.748127
vn -0.585079 -0.095836 0.805294
vn -0.748126 -0.380611 0.543546
vn -0.674105 -0.552912 0.489766
vn -0.589190 -0.552911 0.589190
vn -0.653887 -0.380608 0.653888
vn -0.674105 -0.552912 0.489766
vn -0.574442 -0.704152 0.417357
vn -0.502078 -0.704156 0.502078
vn -0.589190 -0.552911 0.589190
vn -0.589190 -0.552911 0.589190
vn -0.502078 -0.704156 0.502078
vn -0.417356 -0.704152 0.574441
vn -0.489766 -0.552911 0.674105
vn -0.653887 -0.380608 0.653888
vn -0.589190 -0.552911 0.589190
vn -0.489766 -0.552911 0.674105
vn -0.543546 -0.380610 0.748127
vn -0.574442 -0.704152 0.417357
vn -0.452709 -0.828777 0.328913
vn -0.395674 -0.828785 0.395674
vn -0.502078 -0.704156 0.502078
vn -0.452709 -0.828777 0.328913
vn -0.313693 -0.921766 0.227912
vn -0.274158 -0.921778 0.274158
vn -0.395674 -0.828785 0.395674
vn -0.395674 -0.828785 0.395674
vn -0.274158 -0.921778 0.274158
vn -0.227911 -0.921766 0.313693
vn -0.328912 -0.828777 0.452709
vn -0.502078 -0.704156 0.502078
vn -0.395674 -0.828785 0.395674
vn -0.328912 -0.828777 0.452709
vn -0.417356 -0.704152 0.574441
vn -0.313693 -0.921766 0.227912
vn -0.010163 -0.999921 0.007384
vn -0.008873 -0.999921 0.008873
vn -0.274158 -0.921778 0.274158
vn 0.000000 -1.000000 0.000000
vn -0.008873 -0.999921 0.008873
vn -0.010163 -0.999921 0.007384
vn -0.007384 -0.999921 0.010163
vn -0.008873 -0.999921 0.008873
vn 0.000000 -1.000000 0.000000
vn -0.274158 -0.921778 0.274158
vn -0.008873 -0.999921 0.008873
vn -0.007384 -0.999921 0.010163
vn -0.227911 -0.921766 0.313693
vn -0.585079 -0.095836 0.805294
vn -0.543546 -0.380610 0.748127
vn -0.419822 -0.380607 0.823947
vn -0.451901 -0.095835 0.886905
vn -0.451901 -0.095835 0.886905
vn -0.419822 -0.380607 0.823947
vn -0.285759 -0.380612 0.879475
vn -0.307595 -0.095836 0.946679
vn -0.543546 -0.380610 0.748127
vn -0.489766 -0.552911 0.674105
vn -0.378283 -0.552910 0.742423
vn -0.419822 -0.380607 0.823947
vn -0.489766 -0.552911 0.674105
vn -0.417356 -0.704152 0.574441
vn -0.322353 -0.704156 0.632655
vn -0.378283 -0.552910 0.742423
vn -0.378283 -0.552910 0.742423
vn -0.322353 -0.704156 0.632655
vn -0.219417 -0.704151 0.675298
vn -0.257485 -0.552912 0.792458
vn -0.419822 -0.380607 0.823947
vn -0.378283 -0.552910 0.742423
vn -0.257485 -0.552912 0.792458
vn -0.285759 -0.380612 0.879475
vn -0.417356 -0.704152 0.574441
vn -0.328912 -0.828777 0.452709
vn -0.254038 -0.828786 0.498577
vn -0.322353 -0.704156 0.632655
vn -0.328912 -0.828777 0.452709
vn -0.227911 -0.921766 0.313693
vn -0.176020 -0.921778 0.345460
vn -0.254038 -0.828786 0.498577
vn -0.254038 -0.828786 0.498577
vn -0.176020 -0.921778 0.345460
vn -0.119820 -0.921766 0.368768
vn -0.172919 -0.828777 0.532191
vn -0.322353 -0.704156 0.632655
vn -0.254038 -0.828786 0.498577
vn -0.172919 -0.828777 0.532191
vn -0.219417 -0.704151 0.675298
vn -0.227911 -0.921766 0.313693
vn -0.007384 -0.999921 0.010163
vn -0.005697 -0.999921 0.011180
vn -0.176020 -0.921778 0.345460
vn 0.000000 -1.000000 0.000000
vn -0.005697 -0.999921 0.011180
vn -0.007384 -0.999921 0.010163
vn -0.003882 -0.999921 0.011948
vn -0.005697 -0.999921 0.011180
vn 0.000000 -1.000000 0.000000
vn -0.176020 -0.921778 0.345460
vn -0.005697 -0.999921 0.011180
vn -0.003882 -0.999921 0.011948
vn -0.119820 -0.921766 0.368768
vn -0.307595 -0.095836 0.946679
vn -0.285759 -0.380612 0.879475
vn -0.144661 -0.380609 0.913351
vn -0.155715 -0.095835 0.983142
vn -0.155715 -0.095835 0.983142
vn -0.144661 -0.380609 0.913351
vn 0.000000 -0.380611 0.924735
vn 0.000000 -0.095837 0.995397
vn -0.285759 -0.380612 0.879475
vn -0.257485 -0.552912 0.792458
vn -0.130348 -0.552910 0.822982
vn -0.144661 -0.380609 0.913351
vn -0.257485 -0.552912 0.792458
vn -0.219417 -0.704151 0.675298
vn -0.111076 -0.704155 0.701304
vn -0.130348 -0.552910 0.822982
vn -0.130348 -0.552910 0.822982
vn -0.111076 -0.704155 0.701304
vn 0.000000 -0.704151 0.710050
vn 0.000000 -0.552912 0.833240
vn -0.144661 -0.380609 0.913351
vn -0.130348 -0.552910 0.822982
vn 0.000000 -0.552912 0.833240
vn 0.000000 -0.380611 0.924735
vn -0.219417 -0.704151 0.675298
vn -0.172919 -0.828777 0.532191
vn -0.087536 -0.828786 0.552677
vn -0.111076 -0.704155 0.701304
vn -0.172919 -0.828777 0.532191
vn -0.119820 -0.921766 0.368768
vn -0.060653 -0.921778 0.382945
vn -0.087536 -0.828786 0.552677
vn -0.087536 -0.828786 0.552677
vn -0.060653 -0.921778 0.382945
vn 0.000000 -0.921767 0.387745
vn 0.000000 -0.828777 0.559579
vn -0.111076 -0.704155 0.701304
vn -0.087536 -0.828786 0.552677
vn 0.000000 -0.828777 0.559579
vn 0.000000 -0.704151 0.710050
vn -0.119820 -0.921766 0.368768
vn -0.003882 -0.999921 0.011948
vn -0.001963 -0.999921 0.012394
vn -0.060653 -0.921778 0.382945
vn 0.000000 -1.000000 0.000000
vn -0.001963 -0.999921 0.012394
vn -0.003882 -0.999921 0.011948
vn 0.000000 -0.999921 0.012562
vn -0.001963 -0.999921 0.012394
vn 0.000000 -1.000000 0.000000
vn -0.060653 -0.921778 0.382945
vn -0.001963 -0.999921 0.012394
vn 0.000000 -0.999921 0.012562
vn 0.000000 -0.921767 0.387745
vn 0.000000 -0.095837 0.995397
vn 0.000000 -0.380611 0.924735
vn 0.144660 -0.380608 0.913352
vn 0.155714 -0.095835 0.983142
vn 0.155714 -0.095835 0.983142
vn 0.144660 -0.380608 0.913352
vn 0.285759 -0.380610 0.879476
vn 0.307595 -0.095836 0.946679
vn 0.000000 -0.380611 0.924735
vn 0.000000 -0.552912 0.833240
vn 0.130347 -0.552911 0.822982
vn 0.144660 -0.380608 0.913352
vn 0.000000 -0.552912 0.833240
vn 0.000000 -0.704151 0.710050
vn 0.111076 -0.704156 0.701304
vn 0.130347 -0.552911 0.822982
vn 0.130347 -0.552911 0.822982
vn 0.111076 -0.704156 0.701304
vn 0.219417 -0.704152 0.675297
vn 0.257485 -0.552913 0.792458
vn 0.144660 -0.380608 0.913352
vn 0.130347 -0.552911 0.822982
vn 0.257485 -0.552913 0.792458
vn 0.285759 -0.380610 0.879476
vn 0.000000 -0.704151 0.710050
vn 0.000000 -0.828777 0.559579
vn 0.087535 -0.828786 0.552677
vn 0.111076 -0.704156 0.701304
vn 0.000000 -0.828777 0.559579
vn 0.000000 -0.921767 0.387745
vn 0.060653 -0.921778 0.382944
vn 0.087535 -0.828786 0.552677
vn 0.087535 -0.828786 0.552677
vn 0.060653 -0.921778 0.382944
vn 0.119820 -0.921767 0.368768
vn 0.172919 -0.828777 0.532191
vn 0.111076 -0.704156 0.701304
vn 0.087535 -0.828786 0.552677
vn 0.172919 -0.828777 0.532191
vn 0.219417 -0.704152 0.675297
vn 0.000000 -0.921767 0.387745
vn 0.000000 -0.999921 0.012562
vn 0.001963 -0.999921 0.012394
vn 0.060653 -0.921778 0.382944
vn 0.000000 -1.000000 0.000000
vn 0.001963 -0.999921 0.012394
vn 0.000000 -0.999921 0.012562
vn 0.003882 -0.999921 0.011948
vn 0.001963 -0.999921 0.012394
vn 0.000000 -1.000000 0.000000
vn 0.060653 -0.921778 0.382944
vn 0.001963 -0.999921 0.012394
vn 0.003882 -0.999921 0.011948
vn 0.119820 -0.921767 0.368768
vn 0.307595 -0.095836 0.946679
vn 0.285759 -0.380610 0.879476
vn 0.419822 -0.380607 0.823946
vn 0.451901 -0.095835 0.886905
vn 0.451901 -0.095835 0.886905
vn 0.419822 -0.380607 0.823946
vn 0.543546 -0.380611 0.748127
vn 0.585080 -0.095837 0.805293
vn 0.285759 -0.380610 0.879476
vn 0.257485 -0.552913 0.792458
vn 0.378284 -0.552910 0.742423
vn 0.419822 -0.380607 0.823946
vn 0.257485 -0.552913 0.792458
vn 0.219417 -0.704152 0.675297
vn 0.322354 -0.704156 0.632655
vn 0.378284 -0.552910 0.742423
vn 0.378284 -0.552910 0.742423
vn 0.322354 -0.704156 0.632655
vn 0.417356 -0.704152 0.574442
vn 0.489766 -0.552911 0.674106
vn 0.419822 -0.380607 0.823946
vn 0.378284 -0.552910 0.742423
vn 0.489766 -0.552911 0.674106
vn 0.543546 -0.380611 0.748127
vn 0.219417 -0.704152 0.675297
vn 0.172919 -0.828777 0.532191
vn 0.254038 -0.828786 0.498577
vn 0.322354 -0.704156 0.632655
vn 0.172919 -0.828777 0.532191
vn 0.119820 -0.921767 0.368768
vn 0.176020 -0.921778 0.345459
vn 0.254038 -0.828786 0.498577
vn 0.254038 -0.828786 0.498577
vn 0.176020 -0.921778 0.345459
vn 0.227911 -0.921767 0.313692
vn 0.328913 -0.828777 0.452709
vn 0.322354 -0.704156 0.632655
vn 0.254038 -0.828786 0.498577
vn 0.328913 -0.828777 0.452709
vn 0.417356 -0.704152 0.574442
vn 0.119820 -0.921767 0.368768
vn 0.003882 -0.999921 0.011948
vn 0.005697 -0.999921 0.011180
vn 0.176020 -0.921778 0.345459
vn 0.000000 -1.000000 0.000000
vn 0.005697 -0.999921 0.011180
vn 0.003882 -0.999921 0.011948
vn 0.007384 -0.999921 0.010163
vn 0.005697 -0.999921 0.011180
vn 0.000000 -1.000000 0.000000
vn 0.176020 -0.921778 0.345459
vn 0.005697 -0.999921 0.011180
vn 0.007384 -0.999921 0.010163
vn 0.227911 -0.921767 0.313692
vn 0.585080 -0.095837 0.805293
vn 0.543546 -0.380611 0.748127
vn 0.653888 -0.380607 0.653887
vn 0.703852 -0.095835 0.703852
vn 0.703852 -0.095835 0.703852
vn 0.653888 -0.380607 0.653887
vn 0.748127 -0.380610 0.543546
vn 0.805293 -0.095837 0.585080
vn 0.543546 -0.380611 0.748127
vn 0.489766 -0.552911 0.674106
vn 0.589190 -0.552910 0.589190
vn 0.653888 -0.380607 0.653887
vn 0.489766 -0.552911 0.674106
vn 0.417356 -0.704152 0.574442
vn 0.502078 -0.704157 0.502077
vn 0.589190 -0.552910 0.589190
vn 0.589190 -0.552910 0.589190
vn 0.502078 -0.704157 0.502077
vn 0.574442 -0.704153 0.417356
vn 0.674106 -0.552910 0.489767
vn 0.653888 -0.380607 0.653887
vn 0.589190 -0.552910 0.589190
vn 0.674106 -0.552910 0.489767
vn 0.748127 -0.380610 0.543546
vn 0.417356 -0.704152 0.574442
vn 0.328913 -0.828777 0.452709
vn 0.395673 -0.828786 0.395673
vn 0.502078 -0.704157 0.502077
vn 0.328913 -0.828777 0.452709
vn 0.227911 -0.921767 0.313692
vn 0.274158 -0.921778 0.274158
vn 0.395673 -0.828786 0.395673
vn 0.395673 -0.828786 0.395673
vn 0.274158 -0.921778 0.274158
vn 0.313693 -0.921766 0.227911
vn 0.452709 -0.828777 0.328912
vn 0.502078 -0.704157 0.502077
vn 0.395673 -0.828786 0.395673
vn 0.452709 -0.828777 0.328912
vn 0.574442 -0.704153 0.417356
vn 0.227911 -0.921767 0.313692
vn 0.007384 -0.999921 0.010163
vn 0.008873 -0.999921 0.008873
vn 0.274158 -0.921778 0.274158
vn 0.000000 -1.000000 0.000000
vn 0.008873 -0.999921 0.008873
vn 0.007384 -0.999921 0.010163
vn 0.010163 -0.999921 0.007384
vn 0.008873 -0.999921 0.008873
vn 0.000000 -1.000000 0.000000
vn 0.274158 -0.921778 0.274158
vn 0.008873 -0.999921 0.008873
vn 0.010163 -0.999921 0.007384
vn 0.313693 -0.921766 0.227911
vn 0.805293 -0.095837 0.585080
vn 0.748127 -0.380610 0.543546
vn 0.823946 -0.380608 0.419822
vn 0.886905 -0.095835 0.451901
vn 0.886905 -0.095835 0.451901
vn 0.823946 -0.380608 0.419822
vn 0.879475 -0.380612 0.285759
vn 0.946679 -0.095836 0.307595
vn 0.748127 -0.380610 0.543546
vn 0.674106 -0.552910 0.489767
vn 0.742423 -0.552910 0.378284
vn 0.823946 -0.380608 0.419822
vn 0.674106 -0.552910 0.489767
vn 0.574442 -0.704153 0.417356
vn 0.632655 -0.704156 0.322354
vn 0.742423 -0.552910 0.378284
vn 0.742423 -0.552910 0.378284
vn 0.632655 -0.704156 0.322354
vn 0.675296 -0.704153 0.219417
vn 0.792457 -0.552914 0.257485
vn 0.823946 -0.380608 0.419822
vn 0.742423 -0.552910 0.378284
vn 0.792457 -0.552914 0.257485
vn 0.879475 -0.380612 0.285759
vn 0.574442 -0.704153 0.417356
vn 0.452709 -0.828777 0.328912
vn 0.498578 -0.828785 0.254038
vn 0.632655 -0.704156 0.322354
vn 0.452709 -0.828777 0.328912
vn 0.313693 -0.921766 0.227911
vn 0.345459 -0.921778 0.176020
vn 0.498578 -0.828785 0.254038
vn 0.498578 -0.828785 0.254038
vn 0.345459 -0.921778 0.176020
vn 0.368768 -0.921766 0.119820
vn 0.532192 -0.828777 0.172920
vn 0.632655 -0.704156 0.322354
vn 0.498578 -0.828785 0.254038
vn 0.532192 -0.828777 0.172920
vn 0.675296 -0.704153 0.219417
vn 0.313693 -0.921766 0.227911
vn 0.010163 -0.999921 0.007384
vn 0.011180 -0.999921 0.005697
vn 0.345459 -0.921778 0.176020
vn 0.000000 -1.000000 0.000000
vn 0.011180 -0.999921 0.005697
vn 0.010163 -0.999921 0.007384
vn 0.011948 -0.999921 0.003882
vn 0.011180 -0.999921 0.005697
vn 0.000000 -1.000000 0.000000
vn 0.345459 -0.921778 0.176020
vn 0.011180 -0.999921 0.005697
vn 0.011948 -0.999921 0.003882
vn 0.368768 -0.921766 0.119820
vn 0.946679 -0.095836 0.307595
vn 0.879475 -0.380612 0.285759
vn 0.913352 -0.380608 0.144661
vn 0.983142 -0.095834 0.155715
vn 0.983142 -0.095834 0.155715
vn 0.913352 -0.380608 0.144661
vn 0.924736 -0.380609 0.000001
vn 0.995397 -0.095836 0.000001
vn 0.879475 -0.380612 0.285759
vn 0.792457 -0.552914 0.257485
vn 0.822981 -0.552912 0.130348
vn 0.913352 -0.380608 0.144661
vn 0.792457 -0.552914 0.257485
vn 0.675296 -0.704153 0.219417
vn 0.701303 -0.704156 0.111076
vn 0.822981 -0.552912 0.130348
vn 0.822981 -0.552912 0.130348
vn 0.701303 -0.704156 0.111076
vn 0.710052 -0.704149 0.000001
vn 0.833240 -0.552911 0.000001
vn 0.913352 -0.380608 0.144661
vn 0.822981 -0.552912 0.130348
vn 0.833240 -0.552911 0.000001
vn 0.924736 -0.380609 0.000001
vn 0.675296 -0.704153 0.219417
vn 0.532192 -0.828777 0.172920
vn 0.552678 -0.828785 0.087537
vn 0.701303 -0.704156 0.111076
vn 0.532192 -0.828777 0.172920
vn 0.368768 -0.921766 0.119820
vn 0.382942 -0.921779 0.060653
vn 0.552678 -0.828785 0.087537
vn 0.552678 -0.828785 0.087537
vn 0.382942 -0.921779 0.060653
vn 0.387739 -0.921769 0.000000
vn 0.559579 -0.828777 0.000001
vn 0.701303 -0.704156 0.111076
vn 0.552678 -0.828785 0.087537
vn 0.559579 -0.828777 0.000001
vn 0.710052 -0.704149 0.000001
vn 0.368768 -0.921766 0.119820
vn 0.011948 -0.999921 0.003882
vn 0.012394 -0.999921 0.001963
vn 0.382942 -0.921779 0.060653
vn 0.000000 -1.000000 0.000000
vn 0.012394 -0.999921 0.001963
vn 0.011948 -0.999921 0.003882
vn 0.012562 -0.999921 0.000000
vn 0.012394 -0.999921 0.001963
vn 0.000000 -1.000000 0.000000
vn 0.382942 -0.921779 0.060653
vn 0.012394 -0.999921 0.001963
vn 0.012562 -0.999921 0.000000
vn 0.387739 -0.921769 0.000000
vn 0.891007 -0.000755 -0.453990
vn 0.809017 -0.000755 -0.587785
vn 0.809017 0.000000 -0.587785
vn 0.891007 0.000000 -0.453990
vn 0.951057 -0.000755 -0.309016
vn 0.891007 -0.000755 -0.453990
vn 0.891007 0.000000 -0.453990
vn 0.951057 0.000000 -0.309016
vn 0.707106 -0.000755 -0.707107
vn 0.587785 -0.000755 -0.809017
vn 0.587785 0.000000 -0.809017
vn 0.707107 0.000000 -0.707107
vn 0.809017 -0.000755 -0.587785
vn 0.707106 -0.000755 -0.707107
vn 0.707107 0.000000 -0.707107
vn 0.809017 0.000000 -0.587785
vn 0.453990 -0.000755 -0.891006
vn 0.309017 -0.000755 -0.951056
vn 0.309017 0.000000 -0.951057
vn 0.453990 0.000000 -0.891007
vn 0.587785 -0.000755 -0.809017
vn 0.453990 -0.000755 -0.891006
vn 0.453990 0.000000 -0.891007
vn 0.587785 0.000000 -0.809017
vn 0.156434 -0.000755 -0.987688
vn 0.000000 -0.000755 -1.000000
vn 0.000000 0.000000 -1.000000
vn 0.156435 0.000000 -0.987688
vn 0.309017 -0.000755 -0.951056
vn 0.156434 -0.000755 -0.987688
vn 0.156435 0.000000 -0.987688
vn 0.309017 0.000000 -0.951057
vn -0.156435 -0.000755 -0.987688
vn -0.309017 -0.000755 -0.951056
vn -0.309017 0.000000 -0.951057
vn -0.156435 0.000000 -0.987688
vn 0.000000 -0.000755 -1.000000
vn -0.156435 -0.000755 -0.987688
vn -0.156435 0.000000 -0.987688
vn 0.000000 0.000000 -1.000000
vn -0.453990 -0.000755 -0.891006
vn -0.587785 -0.000755 -0.809017
vn -0.587785 0.000000 -0.809017
vn -0.453990 0.000000 -0.891007
vn -0.309017 -0.000755 -0.951056
vn -0.453990 -0.000755 -0.891006
vn -0.453990 0.000000 -0.891007
vn -0.309017 0.000000 -0.951057
vn -0.707107 -0.000755 -0.707106
vn -0.809017 -0.000755 -0.587785
vn -0.809017 0.000000 -0.587785
vn -0.707107 0.000000 -0.707106
vn -0.587785 -0.000755 -0.809017
vn -0.707107 -0.000755 -0.707106
vn -0.707107 0.000000 -0.707106
vn -0.587785 0.000000 -0.809017
vn -0.891006 -0.000755 -0.453990
vn -0.951056 -0.000755 -0.309017
vn -0.951057 0.000000 -0.309017
vn -0.891007 0.000000 -0.453990
vn -0.809017 -0.000755 -0.587785
vn -0.891006 -0.000755 -0.453990
vn -0.891007 0.000000 -0.453990
vn -0.809017 0.000000 -0.587785
vn -0.987688 -0.000755 -0.156434
vn -1.000000 -0.000755 0.000000
vn -1.000000 0.000000 0.000000
vn -0.987688 0.000000 -0.156434
vn -0.951056 -0.000755 -0.309017
vn -0.987688 -0.000755 -0.156434
vn -0.987688 0.000000 -0.156434
vn -0.951057 0.000000 -0.309017
vn -0.987688 -0.000755 0.156434
vn -0.951056 -0.000755 0.309017
vn -0.951057 0.000000 0.309017
vn -0.987688 0.000000 0.156434
vn -1.000000 -0.000755 0.000000
vn -0.987688 -0.000755 0.156434
vn -0.987688 0.000000 0.156434
vn -1.000000 0.000000 0.000000
vn -0.891006 -0.000755 0.453990
vn -0.809017 -0.000755 0.587785
vn -0.809017 0.000000 0.587785
vn -0.891007 0.000000 0.453991
vn -0.951056 -0.000755 0.309017
vn -0.891006 -0.000755 0.453990
vn -0.891007 0.000000 0.453991
vn -0.951057 0.000000 0.309017
vn -0.707107 -0.000755 0.707107
vn -0.587785 -0.000755 0.809017
vn -0.587785 0.000000 0.809017
vn -0.707107 0.000000 0.707107
vn -0.809017 -0.000755 0.587785
vn -0.707107 -0.000755 0.707107
vn -0.707107 0.000000 0.707107
vn -0.809017 0.000000 0.587785
vn -0.453990 -0.000755 0.891006
vn -0.309017 -0.000755 0.951056
vn -0.309017 0.000000 0.951057
vn -0.453991 0.000000 0.891006
vn -0.587785 -0.000755 0.809017
vn -0.453990 -0.000755 0.891006
vn -0.453991 0.000000 0.891006
vn -0.587785 0.000000 0.809017
vn -0.156434 -0.000755 0.987688
vn 0.000000 -0.000755 1.000000
vn 0.000000 0.000000 1.000000
vn -0.156434 0.000000 0.987688
vn -0.309017 -0.000755 0.951056
vn -0.156434 -0.000755 0.987688
vn -0.156434 0.000000 0.987688
vn -0.309017 0.000000 0.951057
vn 0.156434 -0.000755 0.987688
vn 0.309017 -0.000755 0.951056
vn 0.309017 0.000000 0.951057
vn 0.156434 0.000000 0.987688
vn 0.000000 -0.000755 1.000000
vn 0.156434 -0.000755 0.987688
vn 0.156434 0.000000 0.987688
vn 0.000000 0.000000 1.000000
vn 0.453990 -0.000755 0.891006
vn 0.587785 -0.000755 0.809017
vn 0.587785 0.000000 0.809017
vn 0.453991 0.000000 0.891006
vn 0.309017 -0.000755 0.951056
vn 0.453990 -0.000755 0.891006
vn 0.453991 0.000000 0.891006
vn 0.309017 0.000000 0.951057
vn 0.707107 -0.000755 0.707107
vn 0.809017 -0.000755 0.587785
vn 0.809017 0.000000 0.587785
vn 0.707107 0.000000 0.707107
vn 0.587785 -0.000755 0.809017
vn 0.707107 -0.000755 0.707107
vn 0.707107 0.000000 0.707107
vn 0.587785 0.000000 0.809017
vn 0.891006 -0.000755 0.453990
vn 0.951056 -0.000755 0.309017
vn 0.951057 0.000000 0.309017
vn 0.891007 0.000000 0.453990
vn 0.809017 -0.000755 0.587785
vn 0.891006 -0.000755 0.453990
vn 0.891007 0.000000 0.453990
vn 0.809017 0.000000 0.587785
vn 0.987688 -0.000755 0.156435
vn 1.000000 -0.000755 0.000001
vn 1.000000 0.000000 0.000001
vn 0.987688 0.000000 0.156435
vn 0.951056 -0.000755 0.309017
vn 0.987688 -0.000755 0.156435
vn 0.987688 0.000000 0.156435
vn 0.951057 0.000000 0.309017
vn 0.987688 -0.000755 -0.156433
vn 0.951057 -0.000755 -0.309016
vn 0.951057 0.000000 -0.309016
vn 0.987689 0.000000 -0.156433
vn 1.000000 -0.000755 0.000001
vn 0.987688 -0.000755 -0.156433
vn 0.987689 0.000000 -0.156433
vn 1.000000 0.000000 0.000001
s off
g AABattery_001
usemtl AABattery_MatSG
f 1727/2026/6961 2585/2027/6962 2945/2028/6963 2587/2029/6964
f 2945/2028/6965 2585/2027/6966 2848/2030/6967 3087/2031/6968
f 2586/2032/6969 2945/2028/6970 3087/2031/6971 2851/2033/6972
f 2587/2029/6973 2945/2028/6974 2586/2032/6975 1730/2034/6976
f 1726/2035/6977 2588/2036/6978 2946/2037/6979 2590/2038/6980
f 2588/2036/6981 1727/2026/6982 2587/2029/6983 2946/2037/6984
f 2946/2037/6985 2587/2029/6986 1730/2034/6987 2589/2039/6988
f 2590/2038/6989 2946/2037/6990 2589/2039/6991 1729/2040/6992
f 1725/2041/6993 2591/2042/6994 2705/2043/6995 1786/2044/6996
f 2591/2042/6997 1728/2045/6998 1788/2046/6999 2705/2043/7000
f 1725/2041/7001 2592/2047/7002 2947/2048/7003 2591/2042/7004
f 2592/2047/7005 1726/2049/7006 2590/2050/7007 2947/2048/7008
f 2947/2048/7009 2590/2050/7010 1729/2051/7011 2593/2052/7012
f 2591/2042/7013 2947/2048/7014 2593/2052/7015 1728/2045/7016
f 1730/2034/7017 2586/2032/7018 2948/2053/7019 2595/2054/7020
f 2948/2053/7021 2586/2032/7022 2851/2033/7023 3089/2055/7024
f 2594/2056/7025 2948/2053/7026 3089/2055/7027 2854/2057/7028
f 2595/2054/7029 2948/2053/7030 2594/2056/7031 1733/2058/7032
f 1729/2040/7033 2589/2039/7034 2949/2059/7035 2597/2060/7036
f 2589/2039/7037 1730/2034/7038 2595/2054/7039 2949/2059/7040
f 2949/2059/7041 2595/2054/7042 1733/2058/7043 2596/2061/7044
f 2597/2060/7045 2949/2059/7046 2596/2061/7047 1732/2062/7048
f 1788/2046/7049 1728/2045/7050 2598/2063/7051 2706/2064/7052
f 2598/2063/7053 1731/2065/7054 1790/2066/7055 2706/2064/7056
f 1728/2045/7057 2593/2052/7058 2950/2067/7059 2598/2063/7060
f 2593/2052/7061 1729/2051/7062 2597/2068/7063 2950/2067/7064
f 2950/2067/7065 2597/2068/7066 1732/2069/7067 2599/2070/7068
f 2598/2063/7069 2950/2067/7070 2599/2070/7071 1731/2065/7072
f 1733/2058/7073 2594/2056/7074 2951/2071/7075 2601/2072/7076
f 2951/2071/7077 2594/2056/7078 2854/2057/7079 3091/2073/7080
f 2600/2074/7081 2951/2071/7082 3091/2073/7083 2857/2075/7084
f 2601/2072/7085 2951/2071/7086 2600/2074/7087 1736/2076/7088
f 1732/2062/7089 2596/2061/7090 2952/2077/7091 2603/2078/7092
f 2596/2061/7093 1733/2058/7094 2601/2072/7095 2952/2077/7096
f 2952/2077/7097 2601/2072/7098 1736/2076/7099 2602/2079/7100
f 2603/2078/7101 2952/2077/7102 2602/2079/7103 1735/2080/7104
f 1790/2066/7105 1731/2065/7106 2604/2081/7107 2707/2082/7108
f 2604/2081/7109 1734/2083/7110 1792/2084/7111 2707/2082/7112
f 1731/2065/7113 2599/2070/7114 2953/2085/7115 2604/2081/7116
f 2599/2070/7117 1732/2069/7118 2603/2086/7119 2953/2085/7120
f 2953/2085/7121 2603/2086/7122 1735/2087/7123 2605/2088/7124
f 2604/2081/7125 2953/2085/7126 2605/2088/7127 1734/2083/7128
f 1736/2076/7129 2600/2074/7130 2954/2089/7131 2607/2090/7132
f 2954/2089/7133 2600/2074/7134 2857/2075/7135 3093/2091/7136
f 2606/2092/7137 2954/2089/7138 3093/2091/7139 2860/2093/7140
f 2607/2090/7141 2954/2089/7142 2606/2092/7143 1739/2094/7144
f 1735/2080/7145 2602/2079/7146 2955/2095/7147 2609/2096/7148
f 2602/2079/7149 1736/2076/7150 2607/2090/7151 2955/2095/7152
f 2955/2095/7153 2607/2090/7154 1739/2094/7155 2608/2097/7156
f 2609/2096/7157 2955/2095/7158 2608/2097/7159 1738/2098/7160
f 1792/2084/7161 1734/2083/7162 2610/2099/7163 2708/2100/7164
f 2610/2099/7165 1737/2101/7166 1794/2102/7167 2708/2100/7168
f 1734/2083/7169 2605/2088/7170 2956/2103/7171 2610/2099/7172
f 2605/2088/7173 1735/2087/7174 2609/2104/7175 2956/2103/7176
f 2956/2103/7177 2609/2104/7178 1738/2105/7179 2611/2106/7180
f 2610/2099/7181 2956/2103/7182 2611/2106/7183 1737/2101/7184
f 1739/2094/7185 2606/2092/7186 2957/2107/7187 2613/2108/7188
f 2957/2107/7189 2606/2092/7190 2860/2093/7191 3095/2109/7192
f 2612/2110/7193 2957/2107/7194 3095/2109/7195 2863/2111/7196
f 2613/2108/7197 2957/2107/7198 2612/2110/7199 1742/2112/7200
f 1738/2098/7201 2608/2097/7202 2958/2113/7203 2615/2114/7204
f 2608/2097/7205 1739/2094/7206 2613/2108/7207 2958/2113/7208
f 2958/2113/7209 2613/2108/7210 1742/2112/7211 2614/2115/7212
f 2615/2114/7213 2958/2113/7214 2614/2115/7215 1741/2116/7216
f 1794/2117/7217 1737/2118/7218 2616/2119/7219 2709/2120/7220
f 2616/2119/7221 1740/2121/7222 1796/2122/7223 2709/2120/7224
f 1737/2118/7225 2611/2123/7226 2959/2124/7227 2616/2119/7228
f 2611/2123/7229 1738/2125/7230 2615/2126/7231 2959/2124/7232
f 2959/2124/7233 2615/2126/7234 1741/2127/7235 2617/2128/7236
f 2616/2119/7237 2959/2124/7238 2617/2128/7239 1740/2121/7240
f 1742/2112/7241 2612/2110/7242 2960/2129/7243 2619/2130/7244
f 2960/2129/7245 2612/2110/7246 2863/2111/7247 3097/2131/7248
f 2618/2132/7249 2960/2129/7250 3097/2131/7251 2866/2133/7252
f 2619/2130/7253 2960/2129/7254 2618/2132/7255 1745/2134/7256
f 1741/2116/7257 2614/2115/7258 2961/2135/7259 2621/2136/7260
f 2614/2115/7261 1742/2112/7262 2619/2130/7263 2961/2135/7264
f 2961/2135/7265 2619/2130/7266 1745/2134/7267 2620/2137/7268
f 2621/2136/7269 2961/2135/7270 2620/2137/7271 1744/2138/7272
f 1796/2122/7273 1740/2121/7274 2622/2139/7275 2710/2140/7276
f 2622/2139/7277 1743/2141/7278 1798/2142/7279 2710/2140/7280
f 1740/2121/7281 2617/2128/7282 2962/2143/7283 2622/2139/7284
f 2617/2128/7285 1741/2127/7286 2621/2144/7287 2962/2143/7288
f 2962/2143/7289 2621/2144/7290 1744/2145/7291 2623/2146/7292
f 2622/2139/7293 2962/2143/7294 2623/2146/7295 1743/2141/7296
f 1745/2134/7297 2618/2132/7298 2963/2147/7299 2625/2148/7300
f 2963/2147/7301 2618/2132/7302 2866/2133/7303 3099/2149/7304
f 2624/2150/7305 2963/2147/7306 3099/2149/7307 2869/2151/7308
f 2625/2148/7309 2963/2147/7310 2624/2150/7311 1748/2152/7312
f 1744/2138/7313 2620/2137/7314 2964/2153/7315 2627/2154/7316
f 2620/2137/7317 1745/2134/7318 2625/2148/7319 2964/2153/7320
f 2964/2153/7321 2625/2148/7322 1748/2152/7323 2626/2155/7324
f 2627/2154/7325 2964/2153/7326 2626/2155/7327 1747/2156/7328
f 1798/2142/7329 1743/2141/7330 2628/2157/7331 2711/2158/7332
f 2628/2157/7333 1746/2159/7334 1800/2160/7335 2711/2158/7336
f 1743/2141/7337 2623/2146/7338 2965/2161/7339 2628/2157/7340
f 2623/2146/7341 1744/2145/7342 2627/2162/7343 2965/2161/7344
f 2965/2161/7345 2627/2162/7346 1747/2163/7347 2629/2164/7348
f 2628/2157/7349 2965/2161/7350 2629/2164/7351 1746/2159/7352
f 1748/2152/7353 2624/2150/7354 2966/2165/7355 2631/2166/7356
f 2966/2165/7357 2624/2150/7358 2869/2151/7359 3101/2167/7360
f 2630/2168/7361 2966/2165/7362 3101/2167/7363 2872/2169/7364
f 2631/2166/7365 2966/2165/7366 2630/2168/7367 1751/2170/7368
f 1747/2156/7369 2626/2155/7370 2967/2171/7371 2633/2172/7372
f 2626/2155/7373 1748/2152/7374 2631/2166/7375 2967/2171/7376
f 2967/2171/7377 2631/2166/7378 1751/2170/7379 2632/2173/7380
f 2633/2172/7381 2967/2171/7382 2632/2173/7383 1750/2174/7384
f 1800/2160/7385 1746/2159/7386 2634/2175/7387 2712/2176/7388
f 2634/2175/7389 1749/2177/7390 1802/2178/7391 2712/2176/7392
f 1746/2159/7393 2629/2164/7394 2968/2179/7395 2634/2175/7396
f 2629/2164/7397 1747/2163/7398 2633/2180/7399 2968/2179/7400
f 2968/2179/7401 2633/2180/7402 1750/2181/7403 2635/2182/7404
f 2634/2175/7405 2968/2179/7406 2635/2182/7407 1749/2177/7408
f 1751/2170/7409 2630/2168/7410 2969/2183/7411 2637/2184/7412
f 2969/2183/7413 2630/2168/7414 2872/2169/7415 3103/2185/7416
f 2636/2186/7417 2969/2183/7418 3103/2185/7419 2875/2187/7420
f 2637/2184/7421 2969/2183/7422 2636/2186/7423 1754/2188/7424
f 1750/2174/7425 2632/2173/7426 2970/2189/7427 2639/2190/7428
f 2632/2173/7429 1751/2170/7430 2637/2184/7431 2970/2189/7432
f 2970/2189/7433 2637/2184/7434 1754/2188/7435 2638/2191/7436
f 2639/2190/7437 2970/2189/7438 2638/2191/7439 1753/2192/7440
f 1802/2178/7441 1749/2177/7442 2640/2193/7443 2713/2194/7444
f 2640/2193/7445 1752/2195/7446 1804/2196/7447 2713/2194/7448
f 1749/2177/7449 2635/2182/7450 2971/2197/7451 2640/2193/7452
f 2635/2182/7453 1750/2181/7454 2639/2198/7455 2971/2197/7456
f 2971/2197/7457 2639/2198/7458 1753/2199/7459 2641/2200/7460
f 2640/2193/7461 2971/2197/7462 2641/2200/7463 1752/2195/7464
f 1754/2188/7465 2636/2186/7466 2972/2201/7467 2643/2202/7468
f 2972/2201/7469 2636/2186/7470 2875/2187/7471 3105/2203/7472
f 2642/2204/7473 2972/2201/7474 3105/2203/7475 2878/2205/7476
f 2643/2202/7477 2972/2201/7478 2642/2204/7479 1757/2206/7480
f 1753/2192/7481 2638/2191/7482 2973/2207/7483 2645/2208/7484
f 2638/2191/7485 1754/2188/7486 2643/2202/7487 2973/2207/7488
f 2973/2207/7489 2643/2202/7490 1757/2206/7491 2644/2209/7492
f 2645/2208/7493 2973/2207/7494 2644/2209/7495 1756/2210/7496
f 1804/2196/7497 1752/2195/7498 2646/2211/7499 2714/2212/7500
f 2646/2211/7501 1755/2213/7502 1806/2214/7503 2714/2212/7504
f 1752/2195/7505 2641/2200/7506 2974/2215/7507 2646/2211/7508
f 2641/2200/7509 1753/2199/7510 2645/2216/7511 2974/2215/7512
f 2974/2215/7513 2645/2216/7514 1756/2217/7515 2647/2218/7516
f 2646/2211/7517 2974/2215/7518 2647/2218/7519 1755/2213/7520
f 1757/2206/7521 2642/2204/7522 2975/2219/7523 2649/2220/7524
f 2975/2219/7525 2642/2204/7526 2878/2205/7527 3107/2221/7528
f 2648/2222/7529 2975/2219/7530 3107/2221/7531 2881/2223/7532
f 2649/2220/7533 2975/2219/7534 2648/2222/7535 1760/2224/7536
f 1756/2210/7537 2644/2209/7538 2976/2225/7539 2651/2226/7540
f 2644/2209/7541 1757/2206/7542 2649/2220/7543 2976/2225/7544
f 2976/2225/7545 2649/2220/7546 1760/2224/7547 2650/2227/7548
f 2651/2226/7549 2976/2225/7550 2650/2227/7551 1759/2228/7552
f 1806/2214/7553 1755/2213/7554 2652/2229/7555 2715/2230/7556
f 2652/2229/7557 1758/2231/7558 1808/2232/7559 2715/2230/7560
f 1755/2213/7561 2647/2218/7562 2977/2233/7563 2652/2229/7564
f 2647/2218/7565 1756/2217/7566 2651/2234/7567 2977/2233/7568
f 2977/2233/7569 2651/2234/7570 1759/2235/7571 2653/2236/7572
f 2652/2229/7573 2977/2233/7574 2653/2236/7575 1758/2231/7576
f 1760/2224/7577 2648/2222/7578 2978/2237/7579 2655/2238/7580
f 2978/2237/7581 2648/2222/7582 2881/2223/7583 3109/2239/7584
f 2654/2240/7585 2978/2237/7586 3109/2239/7587 2884/2241/7588
f 2655/2238/7589 2978/2237/7590 2654/2240/7591 1763/2242/7592
f 1759/2228/7593 2650/2227/7594 2979/2243/7595 2657/2244/7596
f 2650/2227/7597 1760/2224/7598 2655/2238/7599 2979/2243/7600
f 2979/2243/7601 2655/2238/7602 1763/2242/7603 2656/2245/7604
f 2657/2244/7605 2979/2243/7606 2656/2245/7607 1762/2246/7608
f 1808/2232/7609 1758/2231/7610 2658/2247/7611 2716/2248/7612
f 2658/2247/7613 1761/2249/7614 1810/2250/7615 2716/2248/7616
f 1758/2231/7617 2653/2236/7618 2980/2251/7619 2658/2247/7620
f 2653/2236/7621 1759/2235/7622 2657/2252/7623 2980/2251/7624
f 2980/2251/7625 2657/2252/7626 1762/2253/7627 2659/2254/7628
f 2658/2247/7629 2980/2251/7630 2659/2254/7631 1761/2249/7632
f 1763/2242/7633 2654/2240/7634 2981/2255/7635 2661/2256/7636
f 2981/2255/7637 2654/2240/7638 2884/2241/7639 3111/2257/7640
f 2660/2258/7641 2981/2255/7642 3111/2257/7643 2887/2259/7644
f 2661/2256/7645 2981/2255/7646 2660/2258/7647 1766/2260/7648
f 1762/2246/7649 2656/2245/7650 2982/2261/7651 2663/2262/7652
f 2656/2245/7653 1763/2242/7654 2661/2256/7655 2982/2261/7656
f 2982/2261/7657 2661/2256/7658 1766/2260/7659 2662/2263/7660
f 2663/2262/7661 2982/2261/7662 2662/2263/7663 1765/2264/7664
f 1810/2250/7665 1761/2249/7666 2664/2265/7667 2717/2266/7668
f 2664/2265/7669 1764/2267/7670 1812/2268/7671 2717/2266/7672
f 1761/2249/7673 2659/2254/7674 2983/2269/7675 2664/2265/7676
f 2659/2254/7677 1762/2253/7678 2663/2270/7679 2983/2269/7680
f 2983/2269/7681 2663/2270/7682 1765/2271/7683 2665/2272/7684
f 2664/2265/7685 2983/2269/7686 2665/2272/7687 1764/2267/7688
f 1766/2260/7689 2660/2258/7690 2984/2273/7691 2667/2274/7692
f 2984/2273/7693 2660/2258/7694 2887/2259/7695 3113/2275/7696
f 2666/2276/7697 2984/2273/7698 3113/2275/7699 2890/2277/7700
f 2667/2274/7701 2984/2273/7702 2666/2276/7703 1769/2278/7704
f 1765/2264/7705 2662/2263/7706 2985/2279/7707 2669/2280/7708
f 2662/2263/7709 1766/2260/7710 2667/2274/7711 2985/2279/7712
f 2985/2279/7713 2667/2274/7714 1769/2278/7715 2668/2281/7716
f 2669/2280/7717 2985/2279/7718 2668/2281/7719 1768/2282/7720
f 1812/2268/7721 1764/2267/7722 2670/2283/7723 2718/2284/7724
f 2670/2283/7725 1767/2285/7726 1814/2286/7727 2718/2284/7728
f 1764/2267/7729 2665/2272/7730 2986/2287/7731 2670/2283/7732
f 2665/2272/7733 1765/2271/7734 2669/2288/7735 2986/2287/7736
f 2986/2287/7737 2669/2288/7738 1768/2289/7739 2671/2290/7740
f 2670/2283/7741 2986/2287/7742 2671/2290/7743 1767/2285/7744
f 1769/2278/7745 2666/2276/7746 2987/2291/7747 2673/2292/7748
f 2987/2291/7749 2666/2276/7750 2890/2277/7751 3115/2293/7752
f 2672/2294/7753 2987/2291/7754 3115/2293/7755 2893/2295/7756
f 2673/2292/7757 2987/2291/7758 2672/2294/7759 1772/2296/7760
f 1768/2282/7761 2668/2281/7762 2988/2297/7763 2675/2298/7764
f 2668/2281/7765 1769/2278/7766 2673/2292/7767 2988/2297/7768
f 2988/2297/7769 2673/2292/7770 1772/2296/7771 2674/2299/7772
f 2675/2298/7773 2988/2297/7774 2674/2299/7775 1771/2300/7776
f 1814/2286/7777 1767/2285/7778 2676/2301/7779 2719/2302/7780
f 2676/2301/7781 1770/2303/7782 1816/2304/7783 2719/2302/7784
f 1767/2285/7785 2671/2290/7786 2989/2305/7787 2676/2301/7788
f 2671/2290/7789 1768/2289/7790 2675/2306/7791 2989/2305/7792
f 2989/2305/7793 2675/2306/7794 1771/2307/7795 2677/2308/7796
f 2676/2301/7797 2989/2305/7798 2677/2308/7799 1770/2303/7800
f 1772/2296/7801 2672/2294/7802 2990/2309/7803 2679/2310/7804
f 2990/2309/7805 2672/2294/7806 2893/2295/7807 3117/2311/7808
f 2678/2312/7809 2990/2309/7810 3117/2311/7811 2896/2313/7812
f 2679/2310/7813 2990/2309/7814 2678/2312/7815 1775/2314/7816
f 1771/2300/7817 2674/2299/7818 2991/2315/7819 2681/2316/7820
f 2674/2299/7821 1772/2296/7822 2679/2310/7823 2991/2315/7824
f 2991/2315/7825 2679/2310/7826 1775/2314/7827 2680/2317/7828
f 2681/2316/7829 2991/2315/7830 2680/2317/7831 1774/2318/7832
f 1816/2304/7833 1770/2303/7834 2682/2319/7835 2720/2320/7836
f 2682/2319/7837 1773/2321/7838 1818/2322/7839 2720/2320/7840
f 1770/2303/7841 2677/2308/7842 2992/2323/7843 2682/2319/7844
f 2677/2308/7845 1771/2307/7846 2681/2324/7847 2992/2323/7848
f 2992/2323/7849 2681/2324/7850 1774/2325/7851 2683/2326/7852
f 2682/2319/7853 2992/2323/7854 2683/2326/7855 1773/2321/7856
f 1775/2314/7857 2678/2312/7858 2993/2327/7859 2685/2328/7860
f 2993/2327/7861 2678/2312/7862 2896/2313/7863 3119/2329/7864
f 2684/2330/7865 2993/2327/7866 3119/2329/7867 2899/2331/7868
f 2685/2328/7869 2993/2327/7870 2684/2330/7871 1778/2332/7872
f 1774/2318/7873 2680/2317/7874 2994/2333/7875 2687/2334/7876
f 2680/2317/7877 1775/2314/7878 2685/2328/7879 2994/2333/7880
f 2994/2333/7881 2685/2328/7882 1778/2332/7883 2686/2335/7884
f 2687/2334/7885 2994/2333/7886 2686/2335/7887 1777/2336/7888
f 1818/2322/7889 1773/2321/7890 2688/2337/7891 2721/2338/7892
f 2688/2337/7893 1776/2339/7894 1820/2340/7895 2721/2338/7896
f 1773/2321/7897 2683/2326/7898 2995/2341/7899 2688/2337/7900
f 2683/2326/7901 1774/2325/7902 2687/2342/7903 2995/2341/7904
f 2995/2341/7905 2687/2342/7906 1777/2343/7907 2689/2344/7908
f 2688/2337/7909 2995/2341/7910 2689/2344/7911 1776/2339/7912
f 1778/2332/7913 2684/2330/7914 2996/2345/7915 2691/2346/7916
f 2996/2345/7917 2684/2330/7918 2899/2331/7919 3121/2347/7920
f 2690/2348/7921 2996/2345/7922 3121/2347/7923 2902/2349/7924
f 2691/2346/7925 2996/2345/7926 2690/2348/7927 1781/2350/7928
f 1777/2336/7929 2686/2335/7930 2997/2351/7931 2693/2352/7932
f 2686/2335/7933 1778/2332/7934 2691/2346/7935 2997/2351/7936
f 2997/2351/7937 2691/2346/7938 1781/2350/7939 2692/2353/7940
f 2693/2352/7941 2997/2351/7942 2692/2353/7943 1780/2354/7944
f 1820/2340/7945 1776/2339/7946 2694/2355/7947 2722/2356/7948
f 2694/2355/7949 1779/2357/7950 1822/2358/7951 2722/2356/7952
f 1776/2339/7953 2689/2344/7954 2998/2359/7955 2694/2355/7956
f 2689/2344/7957 1777/2343/7958 2693/2360/7959 2998/2359/7960
f 2998/2359/7961 2693/2360/7962 1780/2361/7963 2695/2362/7964
f 2694/2355/7965 2998/2359/7966 2695/2362/7967 1779/2357/7968
f 1781/2350/7969 2690/2348/7970 2999/2363/7971 2697/2364/7972
f 2999/2363/7973 2690/2348/7974 2902/2349/7975 3123/2365/7976
f 2696/2366/7977 2999/2363/7978 3123/2365/7979 2849/2367/7980
f 2697/2364/7981 2999/2363/7982 2696/2366/7983 1784/2368/7984
f 1780/2354/7985 2692/2353/7986 3000/2369/7987 2699/2370/7988
f 2692/2353/7989 1781/2350/7990 2697/2364/7991 3000/2369/7992
f 3000/2369/7993 2697/2364/7994 1784/2368/7995 2698/2371/7996
f 2699/2370/7997 3000/2369/7998 2698/2371/7999 1783/2372/8000
f 1822/2358/8001 1779/2357/8002 2700/2373/8003 2723/2374/8004
f 2700/2373/8005 1782/2375/8006 1824/2376/8007 2723/2374/8008
f 1779/2357/8009 2695/2362/8010 3001/2377/8011 2700/2373/8012
f 2695/2362/8013 1780/2361/8014 2699/2378/8015 3001/2377/8016
f 3001/2377/8017 2699/2378/8018 1783/2379/8019 2701/2380/8020
f 2700/2373/8021 3001/2377/8022 2701/2380/8023 1782/2375/8024
f 2585/2027/8025 1727/2026/8026 2702/2381/8027 3002/2382/8028
f 3002/2382/8029 2702/2381/8030 1784/2368/8031 2696/2366/8032
f 3086/2383/8033 3002/2382/8034 2696/2366/8035 2849/2367/8036
f 1727/2026/8037 2588/2036/8038 3003/2384/8039 2702/2381/8040
f 2588/2036/8041 1726/2035/8042 2703/2385/8043 3003/2384/8044
f 3003/2384/8045 2703/2385/8046 1783/2372/8047 2698/2371/8048
f 2702/2381/8049 3003/2384/8050 2698/2371/8051 1784/2368/8052
f 1726/2049/8053 2592/2047/8054 3004/2386/8055 2703/2387/8056
f 2592/2047/8057 1725/2041/8058 2704/2388/8059 3004/2386/8060
f 3004/2386/8061 2704/2388/8062 1782/2375/8063 2701/2380/8064
f 2703/2387/8065 3004/2386/8066 2701/2380/8067 1783/2379/8068
f 2704/2388/8069 1725/2041/8070 1786/2044/8071 2724/2389/8072
f 1824/2376/8073 1782/2375/8074 2704/2388/8075 2724/2389/8076
f 2725/2390/8077 3005/2391/8078 1724/2392/8079
f 2725/2390/8080 1785/2393/8081 2726/2394/8082 3005/2391/8083
f 3005/2391/8084 2726/2394/8085 1787/2395/8086 2727/2396/8087
f 1724/2392/8088 3005/2391/8089 2727/2396/8090
f 1785/2397/8091 2728/2398/8092 3006/2399/8093 2726/2400/8094
f 2728/2398/8095 1786/2044/8096 2705/2043/8097 3006/2399/8098
f 3006/2399/8099 2705/2043/8100 1788/2046/8101 2729/2401/8102
f 2726/2400/8103 3006/2399/8104 2729/2401/8105 1787/2402/8106
f 2727/2396/8107 3007/2403/8108 1724/2392/8109
f 2727/2396/8110 1787/2395/8111 2730/2404/8112 3007/2403/8113
f 3007/2403/8114 2730/2404/8115 1789/2405/8116 2731/2406/8117
f 1724/2392/8118 3007/2403/8119 2731/2406/8120
f 1787/2402/8121 2729/2401/8122 3008/2407/8123 2730/2408/8124
f 2729/2401/8125 1788/2046/8126 2706/2064/8127 3008/2407/8128
f 3008/2407/8129 2706/2064/8130 1790/2066/8131 2732/2409/8132
f 2730/2408/8133 3008/2407/8134 2732/2409/8135 1789/2410/8136
f 2731/2406/8137 3009/2411/8138 1724/2392/8139
f 2731/2406/8140 1789/2405/8141 2733/2412/8142 3009/2411/8143
f 3009/2411/8144 2733/2412/8145 1791/2413/8146 2734/2414/8147
f 1724/2392/8148 3009/2411/8149 2734/2414/8150
f 1789/2410/8151 2732/2409/8152 3010/2415/8153 2733/2416/8154
f 2732/2409/8155 1790/2066/8156 2707/2082/8157 3010/2415/8158
f 3010/2415/8159 2707/2082/8160 1792/2084/8161 2735/2417/8162
f 2733/2416/8163 3010/2415/8164 2735/2417/8165 1791/2418/8166
f 2734/2414/8167 3011/2419/8168 1724/2392/8169
f 2734/2414/8170 1791/2413/8171 2736/2420/8172 3011/2419/8173
f 3011/2419/8174 2736/2420/8175 1793/2421/8176 2737/2422/8177
f 1724/2392/8178 3011/2419/8179 2737/2422/8180
f 1791/2418/8181 2735/2417/8182 3012/2423/8183 2736/2424/8184
f 2735/2417/8185 1792/2084/8186 2708/2100/8187 3012/2423/8188
f 3012/2423/8189 2708/2100/8190 1794/2102/8191 2738/2425/8192
f 2736/2424/8193 3012/2423/8194 2738/2425/8195 1793/2426/8196
f 2737/2422/8197 3013/2427/8198 1724/2392/8199
f 2737/2422/8200 1793/2421/8201 2739/2428/8202 3013/2427/8203
f 3013/2427/8204 2739/2428/8205 1795/2429/8206 2740/2430/8207
f 1724/2392/8208 3013/2427/8209 2740/2430/8210
f 1793/2431/8211 2738/2432/8212 3014/2433/8213 2739/2434/8214
f 2738/2432/8215 1794/2117/8216 2709/2120/8217 3014/2433/8218
f 3014/2433/8219 2709/2120/8220 1796/2122/8221 2741/2435/8222
f 2739/2434/8223 3014/2433/8224 2741/2435/8225 1795/2436/8226
f 2740/2430/8227 3015/2437/8228 1724/2392/8229
f 2740/2430/8230 1795/2429/8231 2742/2438/8232 3015/2437/8233
f 3015/2437/8234 2742/2438/8235 1797/2439/8236 2743/2440/8237
f 1724/2392/8238 3015/2437/8239 2743/2440/8240
f 1795/2436/8241 2741/2435/8242 3016/2441/8243 2742/2442/8244
f 2741/2435/8245 1796/2122/8246 2710/2140/8247 3016/2441/8248
f 3016/2441/8249 2710/2140/8250 1798/2142/8251 2744/2443/8252
f 2742/2442/8253 3016/2441/8254 2744/2443/8255 1797/2444/8256
f 2743/2440/8257 3017/2445/8258 1724/2392/8259
f 2743/2440/8260 1797/2439/8261 2745/2446/8262 3017/2445/8263
f 3017/2445/8264 2745/2446/8265 1799/2447/8266 2746/2448/8267
f 1724/2392/8268 3017/2445/8269 2746/2448/8270
f 1797/2444/8271 2744/2443/8272 3018/2449/8273 2745/2450/8274
f 2744/2443/8275 1798/2142/8276 2711/2158/8277 3018/2449/8278
f 3018/2449/8279 2711/2158/8280 1800/2160/8281 2747/2451/8282
f 2745/2450/8283 3018/2449/8284 2747/2451/8285 1799/2452/8286
f 2746/2448/8287 3019/2453/8288 1724/2392/8289
f 2746/2448/8290 1799/2447/8291 2748/2454/8292 3019/2453/8293
f 3019/2453/8294 2748/2454/8295 1801/2455/8296 2749/2456/8297
f 1724/2392/8298 3019/2453/8299 2749/2456/8300
f 1799/2452/8301 2747/2451/8302 3020/2457/8303 2748/2458/8304
f 2747/2451/8305 1800/2160/8306 2712/2176/8307 3020/2457/8308
f 3020/2457/8309 2712/2176/8310 1802/2178/8311 2750/2459/8312
f 2748/2458/8313 3020/2457/8314 2750/2459/8315 1801/2460/8316
f 2749/2456/8317 3021/2461/8318 1724/2392/8319
f 2749/2456/8320 1801/2455/8321 2751/2462/8322 3021/2461/8323
f 3021/2461/8324 2751/2462/8325 1803/2463/8326 2752/2464/8327
f 1724/2392/8328 3021/2461/8329 2752/2464/8330
f 1801/2460/8331 2750/2459/8332 3022/2465/8333 2751/2466/8334
f 2750/2459/8335 1802/2178/8336 2713/2194/8337 3022/2465/8338
f 3022/2465/8339 2713/2194/8340 1804/2196/8341 2753/2467/8342
f 2751/2466/8343 3022/2465/8344 2753/2467/8345 1803/2468/8346
f 2752/2464/8347 3023/2469/8348 1724/2392/8349
f 2752/2464/8350 1803/2463/8351 2754/2470/8352 3023/2469/8353
f 3023/2469/8354 2754/2470/8355 1805/2471/8356 2755/2472/8357
f 1724/2392/8358 3023/2469/8359 2755/2472/8360
f 1803/2468/8361 2753/2467/8362 3024/2473/8363 2754/2474/8364
f 2753/2467/8365 1804/2196/8366 2714/2212/8367 3024/2473/8368
f 3024/2473/8369 2714/2212/8370 1806/2214/8371 2756/2475/8372
f 2754/2474/8373 3024/2473/8374 2756/2475/8375 1805/2476/8376
f 2755/2472/8377 3025/2477/8378 1724/2392/8379
f 2755/2472/8380 1805/2471/8381 2757/2478/8382 3025/2477/8383
f 3025/2477/8384 2757/2478/8385 1807/2479/8386 2758/2480/8387
f 1724/2392/8388 3025/2477/8389 2758/2480/8390
f 1805/2476/8391 2756/2475/8392 3026/2481/8393 2757/2482/8394
f 2756/2475/8395 1806/2214/8396 2715/2230/8397 3026/2481/8398
f 3026/2481/8399 2715/2230/8400 1808/2232/8401 2759/2483/8402
f 2757/2482/8403 3026/2481/8404 2759/2483/8405 1807/2484/8406
f 2758/2480/8407 3027/2485/8408 1724/2392/8409
f 2758/2480/8410 1807/2479/8411 2760/2486/8412 3027/2485/8413
f 3027/2485/8414 2760/2486/8415 1809/2487/8416 2761/2488/8417
f 1724/2392/8418 3027/2485/8419 2761/2488/8420
f 1807/2484/8421 2759/2483/8422 3028/2489/8423 2760/2490/8424
f 2759/2483/8425 1808/2232/8426 2716/2248/8427 3028/2489/8428
f 3028/2489/8429 2716/2248/8430 1810/2250/8431 2762/2491/8432
f 2760/2490/8433 3028/2489/8434 2762/2491/8435 1809/2492/8436
f 2761/2488/8437 3029/2493/8438 1724/2392/8439
f 2761/2488/8440 1809/2487/8441 2763/2494/8442 3029/2493/8443
f 3029/2493/8444 2763/2494/8445 1811/2495/8446 2764/2496/8447
f 1724/2392/8448 3029/2493/8449 2764/2496/8450
f 1809/2492/8451 2762/2491/8452 3030/2497/8453 2763/2498/8454
f 2762/2491/8455 1810/2250/8456 2717/2266/8457 3030/2497/8458
f 3030/2497/8459 2717/2266/8460 1812/2268/8461 2765/2499/8462
f 2763/2498/8463 3030/2497/8464 2765/2499/8465 1811/2500/8466
f 2764/2496/8467 3031/2501/8468 1724/2392/8469
f 2764/2496/8470 1811/2495/8471 2766/2502/8472 3031/2501/8473
f 3031/2501/8474 2766/2502/8475 1813/2503/8476 2767/2504/8477
f 1724/2392/8478 3031/2501/8479 2767/2504/8480
f 1811/2500/8481 2765/2499/8482 3032/2505/8483 2766/2506/8484
f 2765/2499/8485 1812/2268/8486 2718/2284/8487 3032/2505/8488
f 3032/2505/8489 2718/2284/8490 1814/2286/8491 2768/2507/8492
f 2766/2506/8493 3032/2505/8494 2768/2507/8495 1813/2508/8496
f 2767/2504/8497 3033/2509/8498 1724/2392/8499
f 2767/2504/8500 1813/2503/8501 2769/2510/8502 3033/2509/8503
f 3033/2509/8504 2769/2510/8505 1815/2511/8506 2770/2512/8507
f 1724/2392/8508 3033/2509/8509 2770/2512/8510
f 1813/2508/8511 2768/2507/8512 3034/2513/8513 2769/2514/8514
f 2768/2507/8515 1814/2286/8516 2719/2302/8517 3034/2513/8518
f 3034/2513/8519 2719/2302/8520 1816/2304/8521 2771/2515/8522
f 2769/2514/8523 3034/2513/8524 2771/2515/8525 1815/2516/8526
f 2770/2512/8527 3035/2517/8528 1724/2392/8529
f 2770/2512/8530 1815/2511/8531 2772/2518/8532 3035/2517/8533
f 3035/2517/8534 2772/2518/8535 1817/2519/8536 2773/2520/8537
f 1724/2392/8538 3035/2517/8539 2773/2520/8540
f 1815/2516/8541 2771/2515/8542 3036/2521/8543 2772/2522/8544
f 2771/2515/8545 1816/2304/8546 2720/2320/8547 3036/2521/8548
f 3036/2521/8549 2720/2320/8550 1818/2322/8551 2774/2523/8552
f 2772/2522/8553 3036/2521/8554 2774/2523/8555 1817/2524/8556
f 2773/2520/8557 3037/2525/8558 1724/2392/8559
f 2773/2520/8560 1817/2519/8561 2775/2526/8562 3037/2525/8563
f 3037/2525/8564 2775/2526/8565 1819/2527/8566 2776/2528/8567
f 1724/2392/8568 3037/2525/8569 2776/2528/8570
f 1817/2524/8571 2774/2523/8572 3038/2529/8573 2775/2530/8574
f 2774/2523/8575 1818/2322/8576 2721/2338/8577 3038/2529/8578
f 3038/2529/8579 2721/2338/8580 1820/2340/8581 2777/2531/8582
f 2775/2530/8583 3038/2529/8584 2777/2531/8585 1819/2532/8586
f 2776/2528/8587 3039/2533/8588 1724/2392/8589
f 2776/2528/8590 1819/2527/8591 2778/2534/8592 3039/2533/8593
f 3039/2533/8594 2778/2534/8595 1821/2535/8596 2779/2536/8597
f 1724/2392/8598 3039/2533/8599 2779/2536/8600
f 1819/2532/8601 2777/2531/8602 3040/2537/8603 2778/2538/8604
f 2777/2531/8605 1820/2340/8606 2722/2356/8607 3040/2537/8608
f 3040/2537/8609 2722/2356/8610 1822/2358/8611 2780/2539/8612
f 2778/2538/8613 3040/2537/8614 2780/2539/8615 1821/2540/8616
f 2779/2536/8617 3041/2541/8618 1724/2392/8619
f 2779/2536/8620 1821/2535/8621 2781/2542/8622 3041/2541/8623
f 3041/2541/8624 2781/2542/8625 1823/2543/8626 2782/2544/8627
f 1724/2392/8628 3041/2541/8629 2782/2544/8630
f 1821/2540/8631 2780/2539/8632 3042/2545/8633 2781/2546/8634
f 2780/2539/8635 1822/2358/8636 2723/2374/8637 3042/2545/8638
f 3042/2545/8639 2723/2374/8640 1824/2376/8641 2783/2547/8642
f 2781/2546/8643 3042/2545/8644 2783/2547/8645 1823/2548/8646
f 1786/2044/8647 2728/2398/8648 3043/2549/8649 2724/2389/8650
f 2728/2398/8651 1785/2397/8652 2784/2550/8653 3043/2549/8654
f 3043/2549/8655 2784/2550/8656 1823/2548/8657 2783/2547/8658
f 2724/2389/8659 3043/2549/8660 2783/2547/8661 1824/2376/8662
f 1785/2393/8663 2725/2390/8664 3044/2551/8665 2784/2552/8666
f 1724/2392/8667 3044/2551/8668 2725/2390/8669
f 2782/2544/8670 3044/2551/8671 1724/2392/8672
f 2784/2552/8673 3044/2551/8674 2782/2544/8675 1823/2543/8676
f 2785/2553/8677 1825/2554/8678 2786/2555/8679 3045/2556/8680
f 3045/2556/8681 2786/2555/8682 1844/2557/8683 2787/2558/8684
f 1825/2554/8685 2788/2559/8686 3046/2560/8687 2786/2555/8688
f 3046/2560/8689 2788/2559/8690 2845/2561/8691 3085/2562/8692
f 2847/2563/8693 2789/2564/8694 3046/2560/8695 3085/2562/8696
f 2786/2555/8697 3046/2560/8698 2789/2564/8699 1844/2557/8700
f 2788/2559/8701 3047/2565/8702 3088/2566/8703 2845/2561/8704
f 2788/2559/8705 1825/2554/8706 2790/2567/8707 3047/2565/8708
f 3047/2565/8709 2790/2567/8710 1826/2568/8711 2791/2569/8712
f 3047/2565/8713 2791/2569/8714 2852/2570/8715 3088/2566/8716
f 1825/2554/8717 2785/2553/8718 3048/2571/8719 2790/2567/8720
f 2790/2567/8721 3048/2571/8722 2792/2572/8723 1826/2568/8724
f 2852/2570/8725 2791/2569/8726 3049/2573/8727 3090/2574/8728
f 2791/2569/8729 1826/2568/8730 2793/2575/8731 3049/2573/8732
f 3049/2573/8733 2793/2575/8734 1827/2576/8735 2794/2577/8736
f 3049/2573/8737 2794/2577/8738 2855/2578/8739 3090/2574/8740
f 1826/2568/8741 2792/2572/8742 3050/2579/8743 2793/2575/8744
f 2793/2575/8745 3050/2579/8746 2795/2580/8747 1827/2576/8748
f 2855/2578/8749 2794/2577/8750 3051/2581/8751 3092/2582/8752
f 2794/2577/8753 1827/2576/8754 2796/2583/8755 3051/2581/8756
f 3051/2581/8757 2796/2583/8758 1828/2584/8759 2797/2585/8760
f 3051/2581/8761 2797/2585/8762 2858/2586/8763 3092/2582/8764
f 1827/2576/8765 2795/2580/8766 3052/2587/8767 2796/2583/8768
f 2796/2583/8769 3052/2587/8770 2798/2588/8771 1828/2584/8772
f 2858/2586/8773 2797/2585/8774 3053/2589/8775 3094/2590/8776
f 2797/2585/8777 1828/2584/8778 2799/2591/8779 3053/2589/8780
f 3053/2589/8781 2799/2591/8782 1829/2592/8783 2800/2593/8784
f 3053/2589/8785 2800/2593/8786 2861/2594/8787 3094/2590/8788
f 1828/2584/8789 2798/2588/8790 3054/2595/8791 2799/2591/8792
f 2799/2591/8793 3054/2595/8794 2801/2596/8795 1829/2592/8796
f 2861/2594/8797 2800/2593/8798 3055/2597/8799 3096/2598/8800
f 2800/2593/8801 1829/2592/8802 2802/2599/8803 3055/2597/8804
f 3055/2597/8805 2802/2599/8806 1830/2600/8807 2803/2601/8808
f 3055/2597/8809 2803/2601/8810 2864/2602/8811 3096/2598/8812
f 1829/2592/8813 2801/2596/8814 3056/2603/8815 2802/2599/8816
f 2802/2599/8817 3056/2603/8818 2804/2604/8819 1830/2600/8820
f 2864/2602/8821 2803/2601/8822 3057/2605/8823 3098/2606/8824
f 2803/2601/8825 1830/2600/8826 2805/2607/8827 3057/2605/8828
f 3057/2605/8829 2805/2607/8830 1831/2608/8831 2806/2609/8832
f 3057/2605/8833 2806/2609/8834 2867/2610/8835 3098/2606/8836
f 1830/2600/8837 2804/2604/8838 3058/2611/8839 2805/2607/8840
f 2805/2607/8841 3058/2611/8842 2807/2612/8843 1831/2608/8844
f 2867/2610/8845 2806/2609/8846 3059/2613/8847 3100/2614/8848
f 2806/2609/8849 1831/2608/8850 2808/2615/8851 3059/2613/8852
f 3059/2613/8853 2808/2615/8854 1832/2616/8855 2809/2617/8856
f 3059/2613/8857 2809/2617/8858 2870/2618/8859 3100/2614/8860
f 1831/2608/8861 2807/2612/8862 3060/2619/8863 2808/2615/8864
f 2808/2615/8865 3060/2619/8866 2810/2620/8867 1832/2616/8868
f 2870/2618/8869 2809/2617/8870 3061/2621/8871 3102/2622/8872
f 2809/2617/8873 1832/2616/8874 2811/2623/8875 3061/2621/8876
f 3061/2621/8877 2811/2623/8878 1833/2624/8879 2812/2625/8880
f 3061/2621/8881 2812/2625/8882 2873/2626/8883 3102/2622/8884
f 1832/2616/8885 2810/2620/8886 3062/2627/8887 2811/2623/8888
f 2811/2623/8889 3062/2627/8890 2813/2628/8891 1833/2624/8892
f 2873/2626/8893 2812/2625/8894 3063/2629/8895 3104/2630/8896
f 2812/2625/8897 1833/2624/8898 2814/2631/8899 3063/2629/8900
f 3063/2629/8901 2814/2631/8902 1834/2632/8903 2815/2633/8904
f 3063/2629/8905 2815/2633/8906 2876/2634/8907 3104/2630/8908
f 1833/2624/8909 2813/2628/8910 3064/2635/8911 2814/2631/8912
f 2814/2631/8913 3064/2635/8914 2816/2636/8915 1834/2632/8916
f 2876/2634/8917 2815/2633/8918 3065/2637/8919 3106/2638/8920
f 2815/2633/8921 1834/2632/8922 2817/2639/8923 3065/2637/8924
f 3065/2637/8925 2817/2639/8926 1835/2640/8927 2818/2641/8928
f 3065/2637/8929 2818/2641/8930 2879/2642/8931 3106/2638/8932
f 1834/2632/8933 2816/2636/8934 3066/2643/8935 2817/2639/8936
f 2817/2639/8937 3066/2643/8938 2819/2644/8939 1835/2640/8940
f 2879/2642/8941 2818/2641/8942 3067/2645/8943 3108/2646/8944
f 2818/2641/8945 1835/2640/8946 2820/2647/8947 3067/2645/8948
f 3067/2645/8949 2820/2647/8950 1836/2648/8951 2821/2649/8952
f 3067/2645/8953 2821/2649/8954 2882/2650/8955 3108/2646/8956
f 1835/2640/8957 2819/2644/8958 3068/2651/8959 2820/2647/8960
f 2820/2647/8961 3068/2651/8962 2822/2652/8963 1836/2648/8964
f 2882/2650/8965 2821/2649/8966 3069/2653/8967 3110/2654/8968
f 2821/2649/8969 1836/2648/8970 2823/2655/8971 3069/2653/8972
f 3069/2653/8973 2823/2655/8974 1837/2656/8975 2824/2657/8976
f 3069/2653/8977 2824/2657/8978 2885/2658/8979 3110/2654/8980
f 1836/2648/8981 2822/2652/8982 3070/2659/8983 2823/2655/8984
f 2823/2655/8985 3070/2659/8986 2825/2660/8987 1837/2656/8988
f 2885/2658/8989 2824/2657/8990 3071/2661/8991 3112/2662/8992
f 2824/2657/8993 1837/2656/8994 2826/2663/8995 3071/2661/8996
f 3071/2661/8997 2826/2663/8998 1838/2664/8999 2827/2665/9000
f 3071/2661/9001 2827/2665/9002 2888/2666/9003 3112/2662/9004
f 1837/2656/9005 2825/2660/9006 3072/2667/9007 2826/2663/9008
f 2826/2663/9009 3072/2667/9010 2828/2668/9011 1838/2664/9012
f 2888/2666/9013 2827/2665/9014 3073/2669/9015 3114/2670/9016
f 2827/2665/9017 1838/2664/9018 2829/2671/9019 3073/2669/9020
f 3073/2669/9021 2829/2671/9022 1839/2672/9023 2830/2673/9024
f 3073/2669/9025 2830/2673/9026 2891/2674/9027 3114/2670/9028
f 1838/2664/9029 2828/2668/9030 3074/2675/9031 2829/2671/9032
f 2829/2671/9033 3074/2675/9034 2831/2676/9035 1839/2672/9036
f 2891/2674/9037 2830/2673/9038 3075/2677/9039 3116/2678/9040
f 2830/2673/9041 1839/2672/9042 2832/2679/9043 3075/2677/9044
f 3075/2677/9045 2832/2679/9046 1840/2680/9047 2833/2681/9048
f 3075/2677/9049 2833/2681/9050 2894/2682/9051 3116/2678/9052
f 1839/2672/9053 2831/2676/9054 3076/2683/9055 2832/2679/9056
f 2832/2679/9057 3076/2683/9058 2834/2684/9059 1840/2680/9060
f 2894/2682/9061 2833/2681/9062 3077/2685/9063 3118/2686/9064
f 2833/2681/9065 1840/2680/9066 2835/2687/9067 3077/2685/9068
f 3077/2685/9069 2835/2687/9070 1841/2688/9071 2836/2689/9072
f 3077/2685/9073 2836/2689/9074 2897/2690/9075 3118/2686/9076
f 1840/2680/9077 2834/2684/9078 3078/2691/9079 2835/2687/9080
f 2835/2687/9081 3078/2691/9082 2837/2692/9083 1841/2688/9084
f 2897/2690/9085 2836/2689/9086 3079/2693/9087 3120/2694/9088
f 2836/2689/9089 1841/2688/9090 2838/2695/9091 3079/2693/9092
f 3079/2693/9093 2838/2695/9094 1842/2696/9095 2839/2697/9096
f 3079/2693/9097 2839/2697/9098 2900/2698/9099 3120/2694/9100
f 1841/2688/9101 2837/2692/9102 3080/2699/9103 2838/2695/9104
f 2838/2695/9105 3080/2699/9106 2840/2700/9107 1842/2696/9108
f 2900/2698/9109 2839/2697/9110 3081/2701/9111 3122/2702/9112
f 2839/2697/9113 1842/2696/9114 2841/2703/9115 3081/2701/9116
f 3081/2701/9117 2841/2703/9118 1843/2704/9119 2842/2705/9120
f 3081/2701/9121 2842/2705/9122 2903/2706/9123 3122/2702/9124
f 1842/2696/9125 2840/2700/9126 3082/2707/9127 2841/2703/9128
f 2841/2703/9129 3082/2707/9130 2843/2708/9131 1843/2704/9132
f 2903/2706/9133 2842/2705/9134 3083/2709/9135 3124/2710/9136
f 2842/2705/9137 1843/2704/9138 2844/2711/9139 3083/2709/9140
f 3083/2709/9141 2844/2711/9142 1844/2557/9143 2789/2564/9144
f 3083/2709/9145 2789/2564/9146 2847/2563/9147 3124/2710/9148
f 1843/2704/9149 2843/2708/9150 3084/2712/9151 2844/2711/9152
f 2844/2711/9153 3084/2712/9154 2787/2558/9155 1844/2557/9156
f 2845/2561/9157 1845/2713/9158 2846/2714/9159 3085/2562/9160
f 3085/2562/9161 2846/2714/9162 1864/2715/9163 2847/2563/9164
f 1845/2716/9165 2848/2030/9166 3086/2383/9167 2846/2717/9168
f 3086/2383/9169 2848/2030/9170 2585/2027/9171 3002/2382/9172
f 2846/2717/9173 3086/2383/9174 2849/2367/9175 1864/2718/9176
f 2848/2030/9177 1845/2716/9178 2850/2719/9179 3087/2031/9180
f 3087/2031/9181 2850/2719/9182 1846/2720/9183 2851/2033/9184
f 1845/2713/9185 2845/2561/9186 3088/2566/9187 2850/2721/9188
f 2850/2721/9189 3088/2566/9190 2852/2570/9191 1846/2722/9192
f 2851/2033/9193 1846/2720/9194 2853/2723/9195 3089/2055/9196
f 3089/2055/9197 2853/2723/9198 1847/2724/9199 2854/2057/9200
f 1846/2722/9201 2852/2570/9202 3090/2574/9203 2853/2725/9204
f 2853/2725/9205 3090/2574/9206 2855/2578/9207 1847/2726/9208
f 2854/2057/9209 1847/2724/9210 2856/2727/9211 3091/2073/9212
f 3091/2073/9213 2856/2727/9214 1848/2728/9215 2857/2075/9216
f 1847/2726/9217 2855/2578/9218 3092/2582/9219 2856/2729/9220
f 2856/2729/9221 3092/2582/9222 2858/2586/9223 1848/2730/9224
f 2857/2075/9225 1848/2728/9226 2859/2731/9227 3093/2091/9228
f 3093/2091/9229 2859/2731/9230 1849/2732/9231 2860/2093/9232
f 1848/2730/9233 2858/2586/9234 3094/2590/9235 2859/2733/9236
f 2859/2733/9237 3094/2590/9238 2861/2594/9239 1849/2734/9240
f 2860/2093/9241 1849/2732/9242 2862/2735/9243 3095/2109/9244
f 3095/2109/9245 2862/2735/9246 1850/2736/9247 2863/2111/9248
f 1849/2734/9249 2861/2594/9250 3096/2598/9251 2862/2737/9252
f 2862/2737/9253 3096/2598/9254 2864/2602/9255 1850/2738/9256
f 2863/2111/9257 1850/2736/9258 2865/2739/9259 3097/2131/9260
f 3097/2131/9261 2865/2739/9262 1851/2740/9263 2866/2133/9264
f 1850/2738/9265 2864/2602/9266 3098/2606/9267 2865/2741/9268
f 2865/2741/9269 3098/2606/9270 2867/2610/9271 1851/2742/9272
f 2866/2133/9273 1851/2740/9274 2868/2743/9275 3099/2149/9276
f 3099/2149/9277 2868/2743/9278 1852/2744/9279 2869/2151/9280
f 1851/2742/9281 2867/2610/9282 3100/2614/9283 2868/2745/9284
f 2868/2745/9285 3100/2614/9286 2870/2618/9287 1852/2746/9288
f 2869/2151/9289 1852/2744/9290 2871/2747/9291 3101/2167/9292
f 3101/2167/9293 2871/2747/9294 1853/2748/9295 2872/2169/9296
f 1852/2746/9297 2870/2618/9298 3102/2622/9299 2871/2749/9300
f 2871/2749/9301 3102/2622/9302 2873/2626/9303 1853/2750/9304
f 2872/2169/9305 1853/2748/9306 2874/2751/9307 3103/2185/9308
f 3103/2185/9309 2874/2751/9310 1854/2752/9311 2875/2187/9312
f 1853/2750/9313 2873/2626/9314 3104/2630/9315 2874/2753/9316
f 2874/2753/9317 3104/2630/9318 2876/2634/9319 1854/2754/9320
f 2875/2187/9321 1854/2752/9322 2877/2755/9323 3105/2203/9324
f 3105/2203/9325 2877/2755/9326 1855/2756/9327 2878/2205/9328
f 1854/2754/9329 2876/2634/9330 3106/2638/9331 2877/2757/9332
f 2877/2757/9333 3106/2638/9334 2879/2642/9335 1855/2758/9336
f 2878/2205/9337 1855/2756/9338 2880/2759/9339 3107/2221/9340
f 3107/2221/9341 2880/2759/9342 1856/2760/9343 2881/2223/9344
f 1855/2758/9345 2879/2642/9346 3108/2646/9347 2880/2761/9348
f 2880/2761/9349 3108/2646/9350 2882/2650/9351 1856/2762/9352
f 2881/2223/9353 1856/2760/9354 2883/2763/9355 3109/2239/9356
f 3109/2239/9357 2883/2763/9358 1857/2764/9359 2884/2241/9360
f 1856/2762/9361 2882/2650/9362 3110/2654/9363 2883/2765/9364
f 2883/2765/9365 3110/2654/9366 2885/2658/9367 1857/2766/9368
f 2884/2241/9369 1857/2764/9370 2886/2767/9371 3111/2257/9372
f 3111/2257/9373 2886/2767/9374 1858/2768/9375 2887/2259/9376
f 1857/2766/9377 2885/2658/9378 3112/2662/9379 2886/2769/9380
f 2886/2769/9381 3112/2662/9382 2888/2666/9383 1858/2770/9384
f 2887/2259/9385 1858/2768/9386 2889/2771/9387 3113/2275/9388
f 3113/2275/9389 2889/2771/9390 1859/2772/9391 2890/2277/9392
f 1858/2770/9393 2888/2666/9394 3114/2670/9395 2889/2773/9396
f 2889/2773/9397 3114/2670/9398 2891/2674/9399 1859/2774/9400
f 2890/2277/9401 1859/2772/9402 2892/2775/9403 3115/2293/9404
f 3115/2293/9405 2892/2775/9406 1860/2776/9407 2893/2295/9408
f 1859/2774/9409 2891/2674/9410 3116/2678/9411 2892/2777/9412
f 2892/2777/9413 3116/2678/9414 2894/2682/9415 1860/2778/9416
f 2893/2295/9417 1860/2776/9418 2895/2779/9419 3117/2311/9420
f 3117/2311/9421 2895/2779/9422 1861/2780/9423 2896/2313/9424
f 1860/2778/9425 2894/2682/9426 3118/2686/9427 2895/2781/9428
f 2895/2781/9429 3118/2686/9430 2897/2690/9431 1861/2782/9432
f 2896/2313/9433 1861/2780/9434 2898/2783/9435 3119/2329/9436
f 3119/2329/9437 2898/2783/9438 1862/2784/9439 2899/2331/9440
f 1861/2782/9441 2897/2690/9442 3120/2694/9443 2898/2785/9444
f 2898/2785/9445 3120/2694/9446 2900/2698/9447 1862/2786/9448
f 2899/2331/9449 1862/2784/9450 2901/2787/9451 3121/2347/9452
f 3121/2347/9453 2901/2787/9454 1863/2788/9455 2902/2349/9456
f 1862/2786/9457 2900/2698/9458 3122/2702/9459 2901/2789/9460
f 2901/2789/9461 3122/2702/9462 2903/2706/9463 1863/2790/9464
f 2902/2349/9465 1863/2788/9466 2904/2791/9467 3123/2365/9468
f 3123/2365/9469 2904/2791/9470 1864/2718/9471 2849/2367/9472
f 1863/2790/9473 2903/2706/9474 3124/2710/9475 2904/2792/9476
f 2904/2792/9477 3124/2710/9478 2847/2563/9479 1864/2715/9480
f 2065/2793/9481 2905/2794/9482 3125/2795/9483 2907/2796/9484
f 2905/2794/9485 2066/2797/9486 2906/2798/9487 3125/2795/9488
f 2066/2797/9489 2908/2799/9490 3126/2800/9491 2906/2798/9492
f 2908/2799/9493 2067/2801/9494 2909/2802/9495 3126/2800/9496
f 2067/2801/9497 2910/2803/9498 3127/2804/9499 2909/2802/9500
f 2910/2803/9501 2068/2805/9502 2911/2806/9503 3127/2804/9504
f 2068/2805/9505 2912/2807/9506 3128/2808/9507 2911/2806/9508
f 2912/2807/9509 2069/2809/9510 2913/2810/9511 3128/2808/9512
f 2069/2811/9513 2914/2812/9514 3129/2813/9515 2913/2814/9516
f 2914/2812/9517 2070/2815/9518 2915/2816/9519 3129/2813/9520
f 2070/2815/9521 2916/2817/9522 3130/2818/9523 2915/2816/9524
f 2916/2817/9525 2071/2819/9526 2917/2820/9527 3130/2818/9528
f 2071/2819/9529 2918/2821/9530 3131/2822/9531 2917/2820/9532
f 2918/2821/9533 2072/2823/9534 2919/2824/9535 3131/2822/9536
f 2072/2823/9537 2920/2825/9538 3132/2826/9539 2919/2824/9540
f 2920/2825/9541 2073/2827/9542 2921/2828/9543 3132/2826/9544
f 2073/2827/9545 2922/2829/9546 3133/2830/9547 2921/2828/9548
f 2922/2829/9549 2074/2831/9550 2923/2832/9551 3133/2830/9552
f 2074/2831/9553 2924/2833/9554 3134/2834/9555 2923/2832/9556
f 2924/2833/9557 2075/2835/9558 2925/2836/9559 3134/2834/9560
f 2075/2835/9561 2926/2837/9562 3135/2838/9563 2925/2836/9564
f 2926/2837/9565 2076/2839/9566 2927/2840/9567 3135/2838/9568
f 2076/2839/9569 2928/2841/9570 3136/2842/9571 2927/2840/9572
f 2928/2841/9573 2077/2843/9574 2929/2844/9575 3136/2842/9576
f 2077/2843/9577 2930/2845/9578 3137/2846/9579 2929/2844/9580
f 2930/2845/9581 2078/2847/9582 2931/2848/9583 3137/2846/9584
f 2078/2847/9585 2932/2849/9586 3138/2850/9587 2931/2848/9588
f 2932/2849/9589 2079/2851/9590 2933/2852/9591 3138/2850/9592
f 2079/2851/9593 2934/2853/9594 3139/2854/9595 2933/2852/9596
f 2934/2853/9597 2080/2855/9598 2935/2856/9599 3139/2854/9600
f 2080/2855/9601 2936/2857/9602 3140/2858/9603 2935/2856/9604
f 2936/2857/9605 2081/2859/9606 2937/2860/9607 3140/2858/9608
f 2081/2859/9609 2938/2861/9610 3141/2862/9611 2937/2860/9612
f 2938/2861/9613 2082/2863/9614 2939/2864/9615 3141/2862/9616
f 2082/2863/9617 2940/2865/9618 3142/2866/9619 2939/2864/9620
f 2940/2865/9621 2083/2867/9622 2941/2868/9623 3142/2866/9624
f 2083/2867/9625 2942/2869/9626 3143/2870/9627 2941/2868/9628
f 2942/2869/9629 2084/2871/9630 2943/2872/9631 3143/2870/9632
f 2084/2871/9633 2944/2873/9634 3144/2874/9635 2943/2872/9636
f 2944/2873/9637 2065/2793/9638 2907/2796/9639 3144/2874/9640
f 1867/2875/9641 2085/2876/9642 3145/2877/9643 2087/2878/9644
f 3145/2877/9645 2085/2876/9646 2368/2879/9647 3307/2880/9648
f 2086/2881/9649 3145/2877/9650 3307/2880/9651 2371/2882/9652
f 2087/2878/9653 3145/2877/9654 2086/2881/9655 1870/2883/9656
f 1866/2884/9657 2088/2885/9658 3146/2886/9659 2090/2887/9660
f 2088/2885/9661 1867/2875/9662 2087/2878/9663 3146/2886/9664
f 3146/2886/9665 2087/2878/9666 1870/2883/9667 2089/2888/9668
f 2090/2887/9669 3146/2886/9670 2089/2888/9671 1869/2889/9672
f 2091/2890/9673 3147/2891/9674 3425/2892/9675 2566/2893/9676
f 2091/2890/9677 1865/2894/9678 2092/2895/9679 3147/2891/9680
f 3147/2891/9681 2092/2895/9682 1868/2896/9683 2093/2897/9684
f 3147/2891/9685 2093/2897/9686 2565/2898/9687 3425/2892/9688
f 1865/2894/9689 2094/2899/9690 3148/2900/9691 2092/2895/9692
f 2094/2899/9693 1866/2901/9694 2090/2902/9695 3148/2900/9696
f 3148/2900/9697 2090/2902/9698 1869/2903/9699 2095/2904/9700
f 2092/2895/9701 3148/2900/9702 2095/2904/9703 1868/2896/9704
f 1870/2883/9705 2086/2881/9706 3149/2905/9707 2097/2906/9708
f 3149/2905/9709 2086/2881/9710 2371/2882/9711 3309/2907/9712
f 2096/2908/9713 3149/2905/9714 3309/2907/9715 2374/2909/9716
f 2097/2906/9717 3149/2905/9718 2096/2908/9719 1873/2910/9720
f 1869/2889/9721 2089/2888/9722 3150/2911/9723 2099/2912/9724
f 2089/2888/9725 1870/2883/9726 2097/2906/9727 3150/2911/9728
f 3150/2911/9729 2097/2906/9730 1873/2910/9731 2098/2913/9732
f 2099/2912/9733 3150/2911/9734 2098/2913/9735 1872/2914/9736
f 2093/2897/9737 3151/2915/9738 3426/2916/9739 2565/2898/9740
f 2093/2897/9741 1868/2896/9742 2100/2917/9743 3151/2915/9744
f 3151/2915/9745 2100/2917/9746 1871/2918/9747 2101/2919/9748
f 3151/2915/9749 2101/2919/9750 2567/2920/9751 3426/2916/9752
f 1868/2896/9753 2095/2904/9754 3152/2921/9755 2100/2917/9756
f 2095/2904/9757 1869/2903/9758 2099/2922/9759 3152/2921/9760
f 3152/2921/9761 2099/2922/9762 1872/2923/9763 2102/2924/9764
f 2100/2917/9765 3152/2921/9766 2102/2924/9767 1871/2918/9768
f 1873/2910/9769 2096/2908/9770 3153/2925/9771 2104/2926/9772
f 3153/2925/9773 2096/2908/9774 2374/2909/9775 3311/2927/9776
f 2103/2928/9777 3153/2925/9778 3311/2927/9779 2377/2929/9780
f 2104/2926/9781 3153/2925/9782 2103/2928/9783 1876/2930/9784
f 1872/2914/9785 2098/2913/9786 3154/2931/9787 2106/2932/9788
f 2098/2913/9789 1873/2910/9790 2104/2926/9791 3154/2931/9792
f 3154/2931/9793 2104/2926/9794 1876/2930/9795 2105/2933/9796
f 2106/2932/9797 3154/2931/9798 2105/2933/9799 1875/2934/9800
f 2101/2919/9801 3155/2935/9802 3427/2936/9803 2567/2920/9804
f 2101/2919/9805 1871/2918/9806 2107/2937/9807 3155/2935/9808
f 3155/2935/9809 2107/2937/9810 1874/2938/9811 2108/2939/9812
f 3155/2935/9813 2108/2939/9814 2568/2940/9815 3427/2936/9816
f 1871/2918/9817 2102/2924/9818 3156/2941/9819 2107/2937/9820
f 2102/2924/9821 1872/2923/9822 2106/2942/9823 3156/2941/9824
f 3156/2941/9825 2106/2942/9826 1875/2943/9827 2109/2944/9828
f 2107/2937/9829 3156/2941/9830 2109/2944/9831 1874/2938/9832
f 1876/2930/9833 2103/2928/9834 3157/2945/9835 2111/2946/9836
f 3157/2945/9837 2103/2928/9838 2377/2929/9839 3313/2947/9840
f 2110/2948/9841 3157/2945/9842 3313/2947/9843 2380/2949/9844
f 2111/2946/9845 3157/2945/9846 2110/2948/9847 1879/2950/9848
f 1875/2934/9849 2105/2933/9850 3158/2951/9851 2113/2952/9852
f 2105/2933/9853 1876/2930/9854 2111/2946/9855 3158/2951/9856
f 3158/2951/9857 2111/2946/9858 1879/2950/9859 2112/2953/9860
f 2113/2952/9861 3158/2951/9862 2112/2953/9863 1878/2954/9864
f 2108/2939/9865 3159/2955/9866 3428/2956/9867 2568/2940/9868
f 2108/2939/9869 1874/2938/9870 2114/2957/9871 3159/2955/9872
f 3159/2955/9873 2114/2957/9874 1877/2958/9875 2115/2959/9876
f 3159/2955/9877 2115/2959/9878 2569/2960/9879 3428/2956/9880
f 1874/2938/9881 2109/2944/9882 3160/2961/9883 2114/2957/9884
f 2109/2944/9885 1875/2943/9886 2113/2962/9887 3160/2961/9888
f 3160/2961/9889 2113/2962/9890 1878/2963/9891 2116/2964/9892
f 2114/2957/9893 3160/2961/9894 2116/2964/9895 1877/2958/9896
f 1879/2950/9897 2110/2948/9898 3161/2965/9899 2118/2966/9900
f 3161/2965/9901 2110/2948/9902 2380/2949/9903 3315/2967/9904
f 2117/2968/9905 3161/2965/9906 3315/2967/9907 2383/2969/9908
f 2118/2966/9909 3161/2965/9910 2117/2968/9911 1882/2970/9912
f 1878/2954/9913 2112/2953/9914 3162/2971/9915 2120/2972/9916
f 2112/2953/9917 1879/2950/9918 2118/2966/9919 3162/2971/9920
f 3162/2971/9921 2118/2966/9922 1882/2970/9923 2119/2973/9924
f 2120/2972/9925 3162/2971/9926 2119/2973/9927 1881/2974/9928
f 2115/2975/9929 3163/2976/9930 3429/2977/9931 2569/2978/9932
f 2115/2975/9933 1877/2979/9934 2121/2980/9935 3163/2976/9936
f 3163/2976/9937 2121/2980/9938 1880/2981/9939 2122/2982/9940
f 3163/2976/9941 2122/2982/9942 2570/2983/9943 3429/2977/9944
f 1877/2979/9945 2116/2984/9946 3164/2985/9947 2121/2980/9948
f 2116/2984/9949 1878/2986/9950 2120/2987/9951 3164/2985/9952
f 3164/2985/9953 2120/2987/9954 1881/2988/9955 2123/2989/9956
f 2121/2980/9957 3164/2985/9958 2123/2989/9959 1880/2981/9960
f 1882/2970/9961 2117/2968/9962 3165/2990/9963 2125/2991/9964
f 3165/2990/9965 2117/2968/9966 2383/2969/9967 3317/2992/9968
f 2124/2993/9969 3165/2990/9970 3317/2992/9971 2386/2994/9972
f 2125/2991/9973 3165/2990/9974 2124/2993/9975 1885/2995/9976
f 1881/2974/9977 2119/2973/9978 3166/2996/9979 2127/2997/9980
f 2119/2973/9981 1882/2970/9982 2125/2991/9983 3166/2996/9984
f 3166/2996/9985 2125/2991/9986 1885/2995/9987 2126/2998/9988
f 2127/2997/9989 3166/2996/9990 2126/2998/9991 1884/2999/9992
f 2122/2982/9993 3167/3000/9994 3430/3001/9995 2570/2983/9996
f 2122/2982/9997 1880/2981/9998 2128/3002/9999 3167/3000/10000
f 3167/3000/10001 2128/3002/10002 1883/3003/10003 2129/3004/10004
f 3167/3000/10005 2129/3004/10006 2571/3005/10007 3430/3001/10008
f 1880/2981/10009 2123/2989/10010 3168/3006/10011 2128/3002/10012
f 2123/2989/10013 1881/2988/10014 2127/3007/10015 3168/3006/10016
f 3168/3006/10017 2127/3007/10018 1884/3008/10019 2130/3009/10020
f 2128/3002/10021 3168/3006/10022 2130/3009/10023 1883/3003/10024
f 1885/2995/10025 2124/2993/10026 3169/3010/10027 2132/3011/10028
f 3169/3010/10029 2124/2993/10030 2386/2994/10031 3319/3012/10032
f 2131/3013/10033 3169/3010/10034 3319/3012/10035 2389/3014/10036
f 2132/3011/10037 3169/3010/10038 2131/3013/10039 1888/3015/10040
f 1884/2999/10041 2126/2998/10042 3170/3016/10043 2134/3017/10044
f 2126/2998/10045 1885/2995/10046 2132/3011/10047 3170/3016/10048
f 3170/3016/10049 2132/3011/10050 1888/3015/10051 2133/3018/10052
f 2134/3017/10053 3170/3016/10054 2133/3018/10055 1887/3019/10056
f 2129/3004/10057 3171/3020/10058 3431/3021/10059 2571/3005/10060
f 2129/3004/10061 1883/3003/10062 2135/3022/10063 3171/3020/10064
f 3171/3020/10065 2135/3022/10066 1886/3023/10067 2136/3024/10068
f 3171/3020/10069 2136/3024/10070 2572/3025/10071 3431/3021/10072
f 1883/3003/10073 2130/3009/10074 3172/3026/10075 2135/3022/10076
f 2130/3009/10077 1884/3008/10078 2134/3027/10079 3172/3026/10080
f 3172/3026/10081 2134/3027/10082 1887/3028/10083 2137/3029/10084
f 2135/3022/10085 3172/3026/10086 2137/3029/10087 1886/3023/10088
f 1888/3015/10089 2131/3013/10090 3173/3030/10091 2139/3031/10092
f 3173/3030/10093 2131/3013/10094 2389/3014/10095 3321/3032/10096
f 2138/3033/10097 3173/3030/10098 3321/3032/10099 2392/3034/10100
f 2139/3031/10101 3173/3030/10102 2138/3033/10103 1891/3035/10104
f 1887/3019/10105 2133/3018/10106 3174/3036/10107 2141/3037/10108
f 2133/3018/10109 1888/3015/10110 2139/3031/10111 3174/3036/10112
f 3174/3036/10113 2139/3031/10114 1891/3035/10115 2140/3038/10116
f 2141/3037/10117 3174/3036/10118 2140/3038/10119 1890/3039/10120
f 2136/3024/10121 3175/3040/10122 3432/3041/10123 2572/3025/10124
f 2136/3024/10125 1886/3023/10126 2142/3042/10127 3175/3040/10128
f 3175/3040/10129 2142/3042/10130 1889/3043/10131 2143/3044/10132
f 3175/3040/10133 2143/3044/10134 2573/3045/10135 3432/3041/10136
f 1886/3023/10137 2137/3029/10138 3176/3046/10139 2142/3042/10140
f 2137/3029/10141 1887/3028/10142 2141/3047/10143 3176/3046/10144
f 3176/3046/10145 2141/3047/10146 1890/3048/10147 2144/3049/10148
f 2142/3042/10149 3176/3046/10150 2144/3049/10151 1889/3043/10152
f 1891/3035/10153 2138/3033/10154 3177/3050/10155 2146/3051/10156
f 3177/3050/10157 2138/3033/10158 2392/3034/10159 3323/3052/10160
f 2145/3053/10161 3177/3050/10162 3323/3052/10163 2395/3054/10164
f 2146/3051/10165 3177/3050/10166 2145/3053/10167 1894/3055/10168
f 1890/3039/10169 2140/3038/10170 3178/3056/10171 2148/3057/10172
f 2140/3038/10173 1891/3035/10174 2146/3051/10175 3178/3056/10176
f 3178/3056/10177 2146/3051/10178 1894/3055/10179 2147/3058/10180
f 2148/3057/10181 3178/3056/10182 2147/3058/10183 1893/3059/10184
f 2143/3044/10185 3179/3060/10186 3433/3061/10187 2573/3045/10188
f 2143/3044/10189 1889/3043/10190 2149/3062/10191 3179/3060/10192
f 3179/3060/10193 2149/3062/10194 1892/3063/10195 2150/3064/10196
f 3179/3060/10197 2150/3064/10198 2574/3065/10199 3433/3061/10200
f 1889/3043/10201 2144/3049/10202 3180/3066/10203 2149/3062/10204
f 2144/3049/10205 1890/3048/10206 2148/3067/10207 3180/3066/10208
f 3180/3066/10209 2148/3067/10210 1893/3068/10211 2151/3069/10212
f 2149/3062/10213 3180/3066/10214 2151/3069/10215 1892/3063/10216
f 1894/3055/10217 2145/3053/10218 3181/3070/10219 2153/3071/10220
f 3181/3070/10221 2145/3053/10222 2395/3054/10223 3325/3072/10224
f 2152/3073/10225 3181/3070/10226 3325/3072/10227 2398/3074/10228
f 2153/3071/10229 3181/3070/10230 2152/3073/10231 1897/3075/10232
f 1893/3059/10233 2147/3058/10234 3182/3076/10235 2155/3077/10236
f 2147/3058/10237 1894/3055/10238 2153/3071/10239 3182/3076/10240
f 3182/3076/10241 2153/3071/10242 1897/3075/10243 2154/3078/10244
f 2155/3077/10245 3182/3076/10246 2154/3078/10247 1896/3079/10248
f 2150/3064/10249 3183/3080/10250 3434/3081/10251 2574/3065/10252
f 2150/3064/10253 1892/3063/10254 2156/3082/10255 3183/3080/10256
f 3183/3080/10257 2156/3082/10258 1895/3083/10259 2157/3084/10260
f 3183/3080/10261 2157/3084/10262 2575/3085/10263 3434/3081/10264
f 1892/3063/10265 2151/3069/10266 3184/3086/10267 2156/3082/10268
f 2151/3069/10269 1893/3068/10270 2155/3087/10271 3184/3086/10272
f 3184/3086/10273 2155/3087/10274 1896/3088/10275 2158/3089/10276
f 2156/3082/10277 3184/3086/10278 2158/3089/10279 1895/3083/10280
f 1897/3075/10281 2152/3073/10282 3185/3090/10283 2160/3091/10284
f 3185/3090/10285 2152/3073/10286 2398/3074/10287 3327/3092/10288
f 2159/3093/10289 3185/3090/10290 3327/3092/10291 2401/3094/10292
f 2160/3091/10293 3185/3090/10294 2159/3093/10295 1900/3095/10296
f 1896/3079/10297 2154/3078/10298 3186/3096/10299 2162/3097/10300
f 2154/3078/10301 1897/3075/10302 2160/3091/10303 3186/3096/10304
f 3186/3096/10305 2160/3091/10306 1900/3095/10307 2161/3098/10308
f 2162/3097/10309 3186/3096/10310 2161/3098/10311 1899/3099/10312
f 2157/3084/10313 3187/3100/10314 3435/3101/10315 2575/3085/10316
f 2157/3084/10317 1895/3083/10318 2163/3102/10319 3187/3100/10320
f 3187/3100/10321 2163/3102/10322 1898/3103/10323 2164/3104/10324
f 3187/3100/10325 2164/3104/10326 2576/3105/10327 3435/3101/10328
f 1895/3083/10329 2158/3089/10330 3188/3106/10331 2163/3102/10332
f 2158/3089/10333 1896/3088/10334 2162/3107/10335 3188/3106/10336
f 3188/3106/10337 2162/3107/10338 1899/3108/10339 2165/3109/10340
f 2163/3102/10341 3188/3106/10342 2165/3109/10343 1898/3103/10344
f 1900/3095/10345 2159/3093/10346 3189/3110/10347 2167/3111/10348
f 3189/3110/10349 2159/3093/10350 2401/3094/10351 3329/3112/10352
f 2166/3113/10353 3189/3110/10354 3329/3112/10355 2404/3114/10356
f 2167/3111/10357 3189/3110/10358 2166/3113/10359 1903/3115/10360
f 1899/3099/10361 2161/3098/10362 3190/3116/10363 2169/3117/10364
f 2161/3098/10365 1900/3095/10366 2167/3111/10367 3190/3116/10368
f 3190/3116/10369 2167/3111/10370 1903/3115/10371 2168/3118/10372
f 2169/3117/10373 3190/3116/10374 2168/3118/10375 1902/3119/10376
f 2164/3104/10377 3191/3120/10378 3436/3121/10379 2576/3105/10380
f 2164/3104/10381 1898/3103/10382 2170/3122/10383 3191/3120/10384
f 3191/3120/10385 2170/3122/10386 1901/3123/10387 2171/3124/10388
f 3191/3120/10389 2171/3124/10390 2577/3125/10391 3436/3121/10392
f 1898/3103/10393 2165/3109/10394 3192/3126/10395 2170/3122/10396
f 2165/3109/10397 1899/3108/10398 2169/3127/10399 3192/3126/10400
f 3192/3126/10401 2169/3127/10402 1902/3128/10403 2172/3129/10404
f 2170/3122/10405 3192/3126/10406 2172/3129/10407 1901/3123/10408
f 1903/3115/10409 2166/3113/10410 3193/3130/10411 2174/3131/10412
f 3193/3130/10413 2166/3113/10414 2404/3114/10415 3331/3132/10416
f 2173/3133/10417 3193/3130/10418 3331/3132/10419 2407/3134/10420
f 2174/3131/10421 3193/3130/10422 2173/3133/10423 1906/3135/10424
f 1902/3119/10425 2168/3118/10426 3194/3136/10427 2176/3137/10428
f 2168/3118/10429 1903/3115/10430 2174/3131/10431 3194/3136/10432
f 3194/3136/10433 2174/3131/10434 1906/3135/10435 2175/3138/10436
f 2176/3137/10437 3194/3136/10438 2175/3138/10439 1905/3139/10440
f 2171/3124/10441 3195/3140/10442 3437/3141/10443 2577/3125/10444
f 2171/3124/10445 1901/3123/10446 2177/3142/10447 3195/3140/10448
f 3195/3140/10449 2177/3142/10450 1904/3143/10451 2178/3144/10452
f 3195/3140/10453 2178/3144/10454 2578/3145/10455 3437/3141/10456
f 1901/3123/10457 2172/3129/10458 3196/3146/10459 2177/3142/10460
f 2172/3129/10461 1902/3128/10462 2176/3147/10463 3196/3146/10464
f 3196/3146/10465 2176/3147/10466 1905/3148/10467 2179/3149/10468
f 2177/3142/10469 3196/3146/10470 2179/3149/10471 1904/3143/10472
f 1906/3135/10473 2173/3133/10474 3197/3150/10475 2181/3151/10476
f 3197/3150/10477 2173/3133/10478 2407/3134/10479 3333/3152/10480
f 2180/3153/10481 3197/3150/10482 3333/3152/10483 2410/3154/10484
f 2181/3151/10485 3197/3150/10486 2180/3153/10487 1909/3155/10488
f 1905/3139/10489 2175/3138/10490 3198/3156/10491 2183/3157/10492
f 2175/3138/10493 1906/3135/10494 2181/3151/10495 3198/3156/10496
f 3198/3156/10497 2181/3151/10498 1909/3155/10499 2182/3158/10500
f 2183/3157/10501 3198/3156/10502 2182/3158/10503 1908/3159/10504
f 2178/3144/10505 3199/3160/10506 3438/3161/10507 2578/3145/10508
f 2178/3144/10509 1904/3143/10510 2184/3162/10511 3199/3160/10512
f 3199/3160/10513 2184/3162/10514 1907/3163/10515 2185/3164/10516
f 3199/3160/10517 2185/3164/10518 2579/3165/10519 3438/3161/10520
f 1904/3143/10521 2179/3149/10522 3200/3166/10523 2184/3162/10524
f 2179/3149/10525 1905/3148/10526 2183/3167/10527 3200/3166/10528
f 3200/3166/10529 2183/3167/10530 1908/3168/10531 2186/3169/10532
f 2184/3162/10533 3200/3166/10534 2186/3169/10535 1907/3163/10536
f 1909/3155/10537 2180/3153/10538 3201/3170/10539 2188/3171/10540
f 3201/3170/10541 2180/3153/10542 2410/3154/10543 3335/3172/10544
f 2187/3173/10545 3201/3170/10546 3335/3172/10547 2413/3174/10548
f 2188/3171/10549 3201/3170/10550 2187/3173/10551 1912/3175/10552
f 1908/3159/10553 2182/3158/10554 3202/3176/10555 2190/3177/10556
f 2182/3158/10557 1909/3155/10558 2188/3171/10559 3202/3176/10560
f 3202/3176/10561 2188/3171/10562 1912/3175/10563 2189/3178/10564
f 2190/3177/10565 3202/3176/10566 2189/3178/10567 1911/3179/10568
f 2185/3164/10569 3203/3180/10570 3439/3181/10571 2579/3165/10572
f 2185/3164/10573 1907/3163/10574 2191/3182/10575 3203/3180/10576
f 3203/3180/10577 2191/3182/10578 1910/3183/10579 2192/3184/10580
f 3203/3180/10581 2192/3184/10582 2580/3185/10583 3439/3181/10584
f 1907/3163/10585 2186/3169/10586 3204/3186/10587 2191/3182/10588
f 2186/3169/10589 1908/3168/10590 2190/3187/10591 3204/3186/10592
f 3204/3186/10593 2190/3187/10594 1911/3188/10595 2193/3189/10596
f 2191/3182/10597 3204/3186/10598 2193/3189/10599 1910/3183/10600
f 1912/3175/10601 2187/3173/10602 3205/3190/10603 2195/3191/10604
f 3205/3190/10605 2187/3173/10606 2413/3174/10607 3337/3192/10608
f 2194/3193/10609 3205/3190/10610 3337/3192/10611 2416/3194/10612
f 2195/3191/10613 3205/3190/10614 2194/3193/10615 1915/3195/10616
f 1911/3179/10617 2189/3178/10618 3206/3196/10619 2197/3197/10620
f 2189/3178/10621 1912/3175/10622 2195/3191/10623 3206/3196/10624
f 3206/3196/10625 2195/3191/10626 1915/3195/10627 2196/3198/10628
f 2197/3197/10629 3206/3196/10630 2196/3198/10631 1914/3199/10632
f 2192/3184/10633 3207/3200/10634 3440/3201/10635 2580/3185/10636
f 2192/3184/10637 1910/3183/10638 2198/3202/10639 3207/3200/10640
f 3207/3200/10641 2198/3202/10642 1913/3203/10643 2199/3204/10644
f 3207/3200/10645 2199/3204/10646 2581/3205/10647 3440/3201/10648
f 1910/3183/10649 2193/3189/10650 3208/3206/10651 2198/3202/10652
f 2193/3189/10653 1911/3188/10654 2197/3207/10655 3208/3206/10656
f 3208/3206/10657 2197/3207/10658 1914/3208/10659 2200/3209/10660
f 2198/3202/10661 3208/3206/10662 2200/3209/10663 1913/3203/10664
f 1915/3195/10665 2194/3193/10666 3209/3210/10667 2202/3211/10668
f 3209/3210/10669 2194/3193/10670 2416/3194/10671 3339/3212/10672
f 2201/3213/10673 3209/3210/10674 3339/3212/10675 2419/3214/10676
f 2202/3211/10677 3209/3210/10678 2201/3213/10679 1918/3215/10680
f 1914/3199/10681 2196/3198/10682 3210/3216/10683 2204/3217/10684
f 2196/3198/10685 1915/3195/10686 2202/3211/10687 3210/3216/10688
f 3210/3216/10689 2202/3211/10690 1918/3215/10691 2203/3218/10692
f 2204/3217/10693 3210/3216/10694 2203/3218/10695 1917/3219/10696
f 2199/3204/10697 3211/3220/10698 3441/3221/10699 2581/3205/10700
f 2199/3204/10701 1913/3203/10702 2205/3222/10703 3211/3220/10704
f 3211/3220/10705 2205/3222/10706 1916/3223/10707 2206/3224/10708
f 3211/3220/10709 2206/3224/10710 2582/3225/10711 3441/3221/10712
f 1913/3203/10713 2200/3209/10714 3212/3226/10715 2205/3222/10716
f 2200/3209/10717 1914/3208/10718 2204/3227/10719 3212/3226/10720
f 3212/3226/10721 2204/3227/10722 1917/3228/10723 2207/3229/10724
f 2205/3222/10725 3212/3226/10726 2207/3229/10727 1916/3223/10728
f 1918/3215/10729 2201/3213/10730 3213/3230/10731 2209/3231/10732
f 3213/3230/10733 2201/3213/10734 2419/3214/10735 3341/3232/10736
f 2208/3233/10737 3213/3230/10738 3341/3232/10739 2422/3234/10740
f 2209/3231/10741 3213/3230/10742 2208/3233/10743 1921/3235/10744
f 1917/3219/10745 2203/3218/10746 3214/3236/10747 2211/3237/10748
f 2203/3218/10749 1918/3215/10750 2209/3231/10751 3214/3236/10752
f 3214/3236/10753 2209/3231/10754 1921/3235/10755 2210/3238/10756
f 2211/3237/10757 3214/3236/10758 2210/3238/10759 1920/3239/10760
f 2206/3224/10761 3215/3240/10762 3442/3241/10763 2582/3225/10764
f 2206/3224/10765 1916/3223/10766 2212/3242/10767 3215/3240/10768
f 3215/3240/10769 2212/3242/10770 1919/3243/10771 2213/3244/10772
f 3215/3240/10773 2213/3244/10774 2583/3245/10775 3442/3241/10776
f 1916/3223/10777 2207/3229/10778 3216/3246/10779 2212/3242/10780
f 2207/3229/10781 1917/3228/10782 2211/3247/10783 3216/3246/10784
f 3216/3246/10785 2211/3247/10786 1920/3248/10787 2214/3249/10788
f 2212/3242/10789 3216/3246/10790 2214/3249/10791 1919/3243/10792
f 1921/3235/10793 2208/3233/10794 3217/3250/10795 2216/3251/10796
f 3217/3250/10797 2208/3233/10798 2422/3234/10799 3343/3252/10800
f 2215/3253/10801 3217/3250/10802 3343/3252/10803 2369/3254/10804
f 2216/3251/10805 3217/3250/10806 2215/3253/10807 1924/3255/10808
f 1920/3239/10809 2210/3238/10810 3218/3256/10811 2218/3257/10812
f 2210/3238/10813 1921/3235/10814 2216/3251/10815 3218/3256/10816
f 3218/3256/10817 2216/3251/10818 1924/3255/10819 2217/3258/10820
f 2218/3257/10821 3218/3256/10822 2217/3258/10823 1923/3259/10824
f 2213/3244/10825 3219/3260/10826 3443/3261/10827 2583/3245/10828
f 2213/3244/10829 1919/3243/10830 2219/3262/10831 3219/3260/10832
f 3219/3260/10833 2219/3262/10834 1922/3263/10835 2220/3264/10836
f 3219/3260/10837 2220/3264/10838 2584/3265/10839 3443/3261/10840
f 1919/3243/10841 2214/3249/10842 3220/3266/10843 2219/3262/10844
f 2214/3249/10845 1920/3248/10846 2218/3267/10847 3220/3266/10848
f 3220/3266/10849 2218/3267/10850 1923/3268/10851 2221/3269/10852
f 2219/3262/10853 3220/3266/10854 2221/3269/10855 1922/3263/10856
f 2368/2879/10857 2085/2876/10858 3221/3270/10859 3306/3271/10860
f 2085/2876/10861 1867/2875/10862 2222/3272/10863 3221/3270/10864
f 3221/3270/10865 2222/3272/10866 1924/3255/10867 2215/3253/10868
f 3221/3270/10869 2215/3253/10870 2369/3254/10871 3306/3271/10872
f 1867/2875/10873 2088/2885/10874 3222/3273/10875 2222/3272/10876
f 2088/2885/10877 1866/2884/10878 2223/3274/10879 3222/3273/10880
f 3222/3273/10881 2223/3274/10882 1923/3259/10883 2217/3258/10884
f 2222/3272/10885 3222/3273/10886 2217/3258/10887 1924/3255/10888
f 1866/2901/10889 2094/2899/10890 3223/3275/10891 2223/3276/10892
f 2094/2899/10893 1865/2894/10894 2224/3277/10895 3223/3275/10896
f 3223/3275/10897 2224/3277/10898 1922/3263/10899 2221/3269/10900
f 2223/3276/10901 3223/3275/10902 2221/3269/10903 1923/3268/10904
f 1865/2894/10905 2091/2890/10906 3224/3278/10907 2224/3277/10908
f 3224/3278/10909 2091/2890/10910 2566/2893/10911 3444/3279/10912
f 2220/3264/10913 3224/3278/10914 3444/3279/10915 2584/3265/10916
f 2224/3277/10917 3224/3278/10918 2220/3264/10919 1922/3263/10920
f 1927/3280/10921 2225/3281/10922 3225/3282/10923 2227/3283/10924
f 3225/3282/10925 2225/3281/10926 2785/2553/10927 3045/2556/10928
f 2787/2558/10929 2226/3284/10930 3225/3282/10931 3045/2556/10932
f 2227/3283/10933 3225/3282/10934 2226/3284/10935 1984/3285/10936
f 1926/3286/10937 2228/3287/10938 3226/3288/10939 2230/3289/10940
f 2228/3287/10941 1927/3280/10942 2227/3283/10943 3226/3288/10944
f 3226/3288/10945 2227/3283/10946 1984/3285/10947 2229/3290/10948
f 2230/3289/10949 3226/3288/10950 2229/3290/10951 1983/3291/10952
f 2231/3292/10953 3227/3293/10954 3144/2874/10955 2907/2796/10956
f 2231/3292/10957 1925/3294/10958 2232/3295/10959 3227/3293/10960
f 3227/3293/10961 2232/3295/10962 1982/3296/10963 2233/3297/10964
f 3144/2874/10965 3227/3293/10966 2233/3297/10967 2943/2872/10968
f 1925/3294/10969 2234/3298/10970 3228/3299/10971 2232/3295/10972
f 2234/3298/10973 1926/3300/10974 2230/3301/10975 3228/3299/10976
f 3228/3299/10977 2230/3301/10978 1983/3302/10979 2235/3303/10980
f 2232/3295/10981 3228/3299/10982 2235/3303/10983 1982/3296/10984
f 2225/3281/10985 3229/3304/10986 3048/2571/10987 2785/2553/10988
f 2225/3281/10989 1927/3280/10990 2236/3305/10991 3229/3304/10992
f 3229/3304/10993 2236/3305/10994 1930/3306/10995 2237/3307/10996
f 3229/3304/10997 2237/3307/10998 2792/2572/10999 3048/2571/11000
f 1927/3280/11001 2228/3287/11002 3230/3308/11003 2236/3305/11004
f 2228/3287/11005 1926/3286/11006 2238/3309/11007 3230/3308/11008
f 3230/3308/11009 2238/3309/11010 1929/3310/11011 2239/3311/11012
f 2236/3305/11013 3230/3308/11014 2239/3311/11015 1930/3306/11016
f 1926/3300/11017 2234/3298/11018 3231/3312/11019 2238/3313/11020
f 2234/3298/11021 1925/3294/11022 2240/3314/11023 3231/3312/11024
f 3231/3312/11025 2240/3314/11026 1928/3315/11027 2241/3316/11028
f 2238/3313/11029 3231/3312/11030 2241/3316/11031 1929/3317/11032
f 1925/3294/11033 2231/3292/11034 3232/3318/11035 2240/3314/11036
f 3125/2795/11037 3232/3318/11038 2231/3292/11039 2907/2796/11040
f 2242/3319/11041 3232/3318/11042 3125/2795/11043 2906/2798/11044
f 2240/3314/11045 3232/3318/11046 2242/3319/11047 1928/3315/11048
f 2792/2572/11049 2237/3307/11050 3233/3320/11051 3050/2579/11052
f 2237/3307/11053 1930/3306/11054 2243/3321/11055 3233/3320/11056
f 3233/3320/11057 2243/3321/11058 1933/3322/11059 2244/3323/11060
f 3233/3320/11061 2244/3323/11062 2795/2580/11063 3050/2579/11064
f 1930/3306/11065 2239/3311/11066 3234/3324/11067 2243/3321/11068
f 2239/3311/11069 1929/3310/11070 2245/3325/11071 3234/3324/11072
f 3234/3324/11073 2245/3325/11074 1932/3326/11075 2246/3327/11076
f 2243/3321/11077 3234/3324/11078 2246/3327/11079 1933/3322/11080
f 1929/3317/11081 2241/3316/11082 3235/3328/11083 2245/3329/11084
f 2241/3316/11085 1928/3315/11086 2247/3330/11087 3235/3328/11088
f 3235/3328/11089 2247/3330/11090 1931/3331/11091 2248/3332/11092
f 2245/3329/11093 3235/3328/11094 2248/3332/11095 1932/3333/11096
f 1928/3315/11097 2242/3319/11098 3236/3334/11099 2247/3330/11100
f 3126/2800/11101 3236/3334/11102 2242/3319/11103 2906/2798/11104
f 2249/3335/11105 3236/3334/11106 3126/2800/11107 2909/2802/11108
f 2247/3330/11109 3236/3334/11110 2249/3335/11111 1931/3331/11112
f 2795/2580/11113 2244/3323/11114 3237/3336/11115 3052/2587/11116
f 2244/3323/11117 1933/3322/11118 2250/3337/11119 3237/3336/11120
f 3237/3336/11121 2250/3337/11122 1936/3338/11123 2251/3339/11124
f 3237/3336/11125 2251/3339/11126 2798/2588/11127 3052/2587/11128
f 1933/3322/11129 2246/3327/11130 3238/3340/11131 2250/3337/11132
f 2246/3327/11133 1932/3326/11134 2252/3341/11135 3238/3340/11136
f 3238/3340/11137 2252/3341/11138 1935/3342/11139 2253/3343/11140
f 2250/3337/11141 3238/3340/11142 2253/3343/11143 1936/3338/11144
f 1932/3333/11145 2248/3332/11146 3239/3344/11147 2252/3345/11148
f 2248/3332/11149 1931/3331/11150 2254/3346/11151 3239/3344/11152
f 3239/3344/11153 2254/3346/11154 1934/3347/11155 2255/3348/11156
f 2252/3345/11157 3239/3344/11158 2255/3348/11159 1935/3349/11160
f 1931/3331/11161 2249/3335/11162 3240/3350/11163 2254/3346/11164
f 3127/2804/11165 3240/3350/11166 2249/3335/11167 2909/2802/11168
f 2256/3351/11169 3240/3350/11170 3127/2804/11171 2911/2806/11172
f 2254/3346/11173 3240/3350/11174 2256/3351/11175 1934/3347/11176
f 2798/2588/11177 2251/3339/11178 3241/3352/11179 3054/2595/11180
f 2251/3339/11181 1936/3338/11182 2257/3353/11183 3241/3352/11184
f 3241/3352/11185 2257/3353/11186 1939/3354/11187 2258/3355/11188
f 3241/3352/11189 2258/3355/11190 2801/2596/11191 3054/2595/11192
f 1936/3338/11193 2253/3343/11194 3242/3356/11195 2257/3353/11196
f 2253/3343/11197 1935/3342/11198 2259/3357/11199 3242/3356/11200
f 3242/3356/11201 2259/3357/11202 1938/3358/11203 2260/3359/11204
f 2257/3353/11205 3242/3356/11206 2260/3359/11207 1939/3354/11208
f 1935/3349/11209 2255/3348/11210 3243/3360/11211 2259/3361/11212
f 2255/3348/11213 1934/3347/11214 2261/3362/11215 3243/3360/11216
f 3243/3360/11217 2261/3362/11218 1937/3363/11219 2262/3364/11220
f 2259/3361/11221 3243/3360/11222 2262/3364/11223 1938/3365/11224
f 1934/3347/11225 2256/3351/11226 3244/3366/11227 2261/3362/11228
f 3128/2808/11229 3244/3366/11230 2256/3351/11231 2911/2806/11232
f 2263/3367/11233 3244/3366/11234 3128/2808/11235 2913/2810/11236
f 2261/3362/11237 3244/3366/11238 2263/3367/11239 1937/3363/11240
f 2801/2596/11241 2258/3355/11242 3245/3368/11243 3056/2603/11244
f 2258/3355/11245 1939/3354/11246 2264/3369/11247 3245/3368/11248
f 3245/3368/11249 2264/3369/11250 1942/3370/11251 2265/3371/11252
f 3245/3368/11253 2265/3371/11254 2804/2604/11255 3056/2603/11256
f 1939/3354/11257 2260/3359/11258 3246/3372/11259 2264/3369/11260
f 2260/3359/11261 1938/3358/11262 2266/3373/11263 3246/3372/11264
f 3246/3372/11265 2266/3373/11266 1941/3374/11267 2267/3375/11268
f 2264/3369/11269 3246/3372/11270 2267/3375/11271 1942/3370/11272
f 1938/3376/11273 2262/3377/11274 3247/3378/11275 2266/3379/11276
f 2262/3377/11277 1937/3380/11278 2268/3381/11279 3247/3378/11280
f 3247/3378/11281 2268/3381/11282 1940/3382/11283 2269/3383/11284
f 2266/3379/11285 3247/3378/11286 2269/3383/11287 1941/3384/11288
f 1937/3380/11289 2263/3385/11290 3248/3386/11291 2268/3381/11292
f 3129/2813/11293 3248/3386/11294 2263/3385/11295 2913/2814/11296
f 2270/3387/11297 3248/3386/11298 3129/2813/11299 2915/2816/11300
f 2268/3381/11301 3248/3386/11302 2270/3387/11303 1940/3382/11304
f 2804/2604/11305 2265/3371/11306 3249/3388/11307 3058/2611/11308
f 2265/3371/11309 1942/3370/11310 2271/3389/11311 3249/3388/11312
f 3249/3388/11313 2271/3389/11314 1945/3390/11315 2272/3391/11316
f 3249/3388/11317 2272/3391/11318 2807/2612/11319 3058/2611/11320
f 1942/3370/11321 2267/3375/11322 3250/3392/11323 2271/3389/11324
f 2267/3375/11325 1941/3374/11326 2273/3393/11327 3250/3392/11328
f 3250/3392/11329 2273/3393/11330 1944/3394/11331 2274/3395/11332
f 2271/3389/11333 3250/3392/11334 2274/3395/11335 1945/3390/11336
f 1941/3384/11337 2269/3383/11338 3251/3396/11339 2273/3397/11340
f 2269/3383/11341 1940/3382/11342 2275/3398/11343 3251/3396/11344
f 3251/3396/11345 2275/3398/11346 1943/3399/11347 2276/3400/11348
f 2273/3397/11349 3251/3396/11350 2276/3400/11351 1944/3401/11352
f 1940/3382/11353 2270/3387/11354 3252/3402/11355 2275/3398/11356
f 3130/2818/11357 3252/3402/11358 2270/3387/11359 2915/2816/11360
f 2277/3403/11361 3252/3402/11362 3130/2818/11363 2917/2820/11364
f 2275/3398/11365 3252/3402/11366 2277/3403/11367 1943/3399/11368
f 2807/2612/11369 2272/3391/11370 3253/3404/11371 3060/2619/11372
f 2272/3391/11373 1945/3390/11374 2278/3405/11375 3253/3404/11376
f 3253/3404/11377 2278/3405/11378 1948/3406/11379 2279/3407/11380
f 3253/3404/11381 2279/3407/11382 2810/2620/11383 3060/2619/11384
f 1945/3390/11385 2274/3395/11386 3254/3408/11387 2278/3405/11388
f 2274/3395/11389 1944/3394/11390 2280/3409/11391 3254/3408/11392
f 3254/3408/11393 2280/3409/11394 1947/3410/11395 2281/3411/11396
f 2278/3405/11397 3254/3408/11398 2281/3411/11399 1948/3406/11400
f 1944/3401/11401 2276/3400/11402 3255/3412/11403 2280/3413/11404
f 2276/3400/11405 1943/3399/11406 2282/3414/11407 3255/3412/11408
f 3255/3412/11409 2282/3414/11410 1946/3415/11411 2283/3416/11412
f 2280/3413/11413 3255/3412/11414 2283/3416/11415 1947/3417/11416
f 1943/3399/11417 2277/3403/11418 3256/3418/11419 2282/3414/11420
f 3131/2822/11421 3256/3418/11422 2277/3403/11423 2917/2820/11424
f 2284/3419/11425 3256/3418/11426 3131/2822/11427 2919/2824/11428
f 2282/3414/11429 3256/3418/11430 2284/3419/11431 1946/3415/11432
f 2810/2620/11433 2279/3407/11434 3257/3420/11435 3062/2627/11436
f 2279/3407/11437 1948/3406/11438 2285/3421/11439 3257/3420/11440
f 3257/3420/11441 2285/3421/11442 1951/3422/11443 2286/3423/11444
f 3257/3420/11445 2286/3423/11446 2813/2628/11447 3062/2627/11448
f 1948/3406/11449 2281/3411/11450 3258/3424/11451 2285/3421/11452
f 2281/3411/11453 1947/3410/11454 2287/3425/11455 3258/3424/11456
f 3258/3424/11457 2287/3425/11458 1950/3426/11459 2288/3427/11460
f 2285/3421/11461 3258/3424/11462 2288/3427/11463 1951/3422/11464
f 1947/3417/11465 2283/3416/11466 3259/3428/11467 2287/3429/11468
f 2283/3416/11469 1946/3415/11470 2289/3430/11471 3259/3428/11472
f 3259/3428/11473 2289/3430/11474 1949/3431/11475 2290/3432/11476
f 2287/3429/11477 3259/3428/11478 2290/3432/11479 1950/3433/11480
f 1946/3415/11481 2284/3419/11482 3260/3434/11483 2289/3430/11484
f 3132/2826/11485 3260/3434/11486 2284/3419/11487 2919/2824/11488
f 2291/3435/11489 3260/3434/11490 3132/2826/11491 2921/2828/11492
f 2289/3430/11493 3260/3434/11494 2291/3435/11495 1949/3431/11496
f 2813/2628/11497 2286/3423/11498 3261/3436/11499 3064/2635/11500
f 2286/3423/11501 1951/3422/11502 2292/3437/11503 3261/3436/11504
f 3261/3436/11505 2292/3437/11506 1954/3438/11507 2293/3439/11508
f 3261/3436/11509 2293/3439/11510 2816/2636/11511 3064/2635/11512
f 1951/3422/11513 2288/3427/11514 3262/3440/11515 2292/3437/11516
f 2288/3427/11517 1950/3426/11518 2294/3441/11519 3262/3440/11520
f 3262/3440/11521 2294/3441/11522 1953/3442/11523 2295/3443/11524
f 2292/3437/11525 3262/3440/11526 2295/3443/11527 1954/3438/11528
f 1950/3433/11529 2290/3432/11530 3263/3444/11531 2294/3445/11532
f 2290/3432/11533 1949/3431/11534 2296/3446/11535 3263/3444/11536
f 3263/3444/11537 2296/3446/11538 1952/3447/11539 2297/3448/11540
f 2294/3445/11541 3263/3444/11542 2297/3448/11543 1953/3449/11544
f 1949/3431/11545 2291/3435/11546 3264/3450/11547 2296/3446/11548
f 3133/2830/11549 3264/3450/11550 2291/3435/11551 2921/2828/11552
f 2298/3451/11553 3264/3450/11554 3133/2830/11555 2923/2832/11556
f 2296/3446/11557 3264/3450/11558 2298/3451/11559 1952/3447/11560
f 2816/2636/11561 2293/3439/11562 3265/3452/11563 3066/2643/11564
f 2293/3439/11565 1954/3438/11566 2299/3453/11567 3265/3452/11568
f 3265/3452/11569 2299/3453/11570 1957/3454/11571 2300/3455/11572
f 3265/3452/11573 2300/3455/11574 2819/2644/11575 3066/2643/11576
f 1954/3438/11577 2295/3443/11578 3266/3456/11579 2299/3453/11580
f 2295/3443/11581 1953/3442/11582 2301/3457/11583 3266/3456/11584
f 3266/3456/11585 2301/3457/11586 1956/3458/11587 2302/3459/11588
f 2299/3453/11589 3266/3456/11590 2302/3459/11591 1957/3454/11592
f 1953/3449/11593 2297/3448/11594 3267/3460/11595 2301/3461/11596
f 2297/3448/11597 1952/3447/11598 2303/3462/11599 3267/3460/11600
f 3267/3460/11601 2303/3462/11602 1955/3463/11603 2304/3464/11604
f 2301/3461/11605 3267/3460/11606 2304/3464/11607 1956/3465/11608
f 1952/3447/11609 2298/3451/11610 3268/3466/11611 2303/3462/11612
f 3134/2834/11613 3268/3466/11614 2298/3451/11615 2923/2832/11616
f 2305/3467/11617 3268/3466/11618 3134/2834/11619 2925/2836/11620
f 2303/3462/11621 3268/3466/11622 2305/3467/11623 1955/3463/11624
f 2819/2644/11625 2300/3455/11626 3269/3468/11627 3068/2651/11628
f 2300/3455/11629 1957/3454/11630 2306/3469/11631 3269/3468/11632
f 3269/3468/11633 2306/3469/11634 1960/3470/11635 2307/3471/11636
f 3269/3468/11637 2307/3471/11638 2822/2652/11639 3068/2651/11640
f 1957/3454/11641 2302/3459/11642 3270/3472/11643 2306/3469/11644
f 2302/3459/11645 1956/3458/11646 2308/3473/11647 3270/3472/11648
f 3270/3472/11649 2308/3473/11650 1959/3474/11651 2309/3475/11652
f 2306/3469/11653 3270/3472/11654 2309/3475/11655 1960/3470/11656
f 1956/3465/11657 2304/3464/11658 3271/3476/11659 2308/3477/11660
f 2304/3464/11661 1955/3463/11662 2310/3478/11663 3271/3476/11664
f 3271/3476/11665 2310/3478/11666 1958/3479/11667 2311/3480/11668
f 2308/3477/11669 3271/3476/11670 2311/3480/11671 1959/3481/11672
f 1955/3463/11673 2305/3467/11674 3272/3482/11675 2310/3478/11676
f 3135/2838/11677 3272/3482/11678 2305/3467/11679 2925/2836/11680
f 2312/3483/11681 3272/3482/11682 3135/2838/11683 2927/2840/11684
f 2310/3478/11685 3272/3482/11686 2312/3483/11687 1958/3479/11688
f 2822/2652/11689 2307/3471/11690 3273/3484/11691 3070/2659/11692
f 2307/3471/11693 1960/3470/11694 2313/3485/11695 3273/3484/11696
f 3273/3484/11697 2313/3485/11698 1963/3486/11699 2314/3487/11700
f 3273/3484/11701 2314/3487/11702 2825/2660/11703 3070/2659/11704
f 1960/3470/11705 2309/3475/11706 3274/3488/11707 2313/3485/11708
f 2309/3475/11709 1959/3474/11710 2315/3489/11711 3274/3488/11712
f 3274/3488/11713 2315/3489/11714 1962/3490/11715 2316/3491/11716
f 2313/3485/11717 3274/3488/11718 2316/3491/11719 1963/3486/11720
f 1959/3481/11721 2311/3480/11722 3275/3492/11723 2315/3493/11724
f 2311/3480/11725 1958/3479/11726 2317/3494/11727 3275/3492/11728
f 3275/3492/11729 2317/3494/11730 1961/3495/11731 2318/3496/11732
f 2315/3493/11733 3275/3492/11734 2318/3496/11735 1962/3497/11736
f 1958/3479/11737 2312/3483/11738 3276/3498/11739 2317/3494/11740
f 3136/2842/11741 3276/3498/11742 2312/3483/11743 2927/2840/11744
f 2319/3499/11745 3276/3498/11746 3136/2842/11747 2929/2844/11748
f 2317/3494/11749 3276/3498/11750 2319/3499/11751 1961/3495/11752
f 2825/2660/11753 2314/3487/11754 3277/3500/11755 3072/2667/11756
f 2314/3487/11757 1963/3486/11758 2320/3501/11759 3277/3500/11760
f 3277/3500/11761 2320/3501/11762 1966/3502/11763 2321/3503/11764
f 3277/3500/11765 2321/3503/11766 2828/2668/11767 3072/2667/11768
f 1963/3486/11769 2316/3491/11770 3278/3504/11771 2320/3501/11772
f 2316/3491/11773 1962/3490/11774 2322/3505/11775 3278/3504/11776
f 3278/3504/11777 2322/3505/11778 1965/3506/11779 2323/3507/11780
f 2320/3501/11781 3278/3504/11782 2323/3507/11783 1966/3502/11784
f 1962/3497/11785 2318/3496/11786 3279/3508/11787 2322/3509/11788
f 2318/3496/11789 1961/3495/11790 2324/3510/11791 3279/3508/11792
f 3279/3508/11793 2324/3510/11794 1964/3511/11795 2325/3512/11796
f 2322/3509/11797 3279/3508/11798 2325/3512/11799 1965/3513/11800
f 1961/3495/11801 2319/3499/11802 3280/3514/11803 2324/3510/11804
f 3137/2846/11805 3280/3514/11806 2319/3499/11807 2929/2844/11808
f 2326/3515/11809 3280/3514/11810 3137/2846/11811 2931/2848/11812
f 2324/3510/11813 3280/3514/11814 2326/3515/11815 1964/3511/11816
f 2828/2668/11817 2321/3503/11818 3281/3516/11819 3074/2675/11820
f 2321/3503/11821 1966/3502/11822 2327/3517/11823 3281/3516/11824
f 3281/3516/11825 2327/3517/11826 1969/3518/11827 2328/3519/11828
f 3281/3516/11829 2328/3519/11830 2831/2676/11831 3074/2675/11832
f 1966/3502/11833 2323/3507/11834 3282/3520/11835 2327/3517/11836
f 2323/3507/11837 1965/3506/11838 2329/3521/11839 3282/3520/11840
f 3282/3520/11841 2329/3521/11842 1968/3522/11843 2330/3523/11844
f 2327/3517/11845 3282/3520/11846 2330/3523/11847 1969/3518/11848
f 1965/3513/11849 2325/3512/11850 3283/3524/11851 2329/3525/11852
f 2325/3512/11853 1964/3511/11854 2331/3526/11855 3283/3524/11856
f 3283/3524/11857 2331/3526/11858 1967/3527/11859 2332/3528/11860
f 2329/3525/11861 3283/3524/11862 2332/3528/11863 1968/3529/11864
f 1964/3511/11865 2326/3515/11866 3284/3530/11867 2331/3526/11868
f 3138/2850/11869 3284/3530/11870 2326/3515/11871 2931/2848/11872
f 2333/3531/11873 3284/3530/11874 3138/2850/11875 2933/2852/11876
f 2331/3526/11877 3284/3530/11878 2333/3531/11879 1967/3527/11880
f 2831/2676/11881 2328/3519/11882 3285/3532/11883 3076/2683/11884
f 2328/3519/11885 1969/3518/11886 2334/3533/11887 3285/3532/11888
f 3285/3532/11889 2334/3533/11890 1972/3534/11891 2335/3535/11892
f 3285/3532/11893 2335/3535/11894 2834/2684/11895 3076/2683/11896
f 1969/3518/11897 2330/3523/11898 3286/3536/11899 2334/3533/11900
f 2330/3523/11901 1968/3522/11902 2336/3537/11903 3286/3536/11904
f 3286/3536/11905 2336/3537/11906 1971/3538/11907 2337/3539/11908
f 2334/3533/11909 3286/3536/11910 2337/3539/11911 1972/3534/11912
f 1968/3529/11913 2332/3528/11914 3287/3540/11915 2336/3541/11916
f 2332/3528/11917 1967/3527/11918 2338/3542/11919 3287/3540/11920
f 3287/3540/11921 2338/3542/11922 1970/3543/11923 2339/3544/11924
f 2336/3541/11925 3287/3540/11926 2339/3544/11927 1971/3545/11928
f 1967/3527/11929 2333/3531/11930 3288/3546/11931 2338/3542/11932
f 3139/2854/11933 3288/3546/11934 2333/3531/11935 2933/2852/11936
f 2340/3547/11937 3288/3546/11938 3139/2854/11939 2935/2856/11940
f 2338/3542/11941 3288/3546/11942 2340/3547/11943 1970/3543/11944
f 2834/2684/11945 2335/3535/11946 3289/3548/11947 3078/2691/11948
f 2335/3535/11949 1972/3534/11950 2341/3549/11951 3289/3548/11952
f 3289/3548/11953 2341/3549/11954 1975/3550/11955 2342/3551/11956
f 3289/3548/11957 2342/3551/11958 2837/2692/11959 3078/2691/11960
f 1972/3534/11961 2337/3539/11962 3290/3552/11963 2341/3549/11964
f 2337/3539/11965 1971/3538/11966 2343/3553/11967 3290/3552/11968
f 3290/3552/11969 2343/3553/11970 1974/3554/11971 2344/3555/11972
f 2341/3549/11973 3290/3552/11974 2344/3555/11975 1975/3550/11976
f 1971/3545/11977 2339/3544/11978 3291/3556/11979 2343/3557/11980
f 2339/3544/11981 1970/3543/11982 2345/3558/11983 3291/3556/11984
f 3291/3556/11985 2345/3558/11986 1973/3559/11987 2346/3560/11988
f 2343/3557/11989 3291/3556/11990 2346/3560/11991 1974/3561/11992
f 1970/3543/11993 2340/3547/11994 3292/3562/11995 2345/3558/11996
f 3140/2858/11997 3292/3562/11998 2340/3547/11999 2935/2856/12000
f 2347/3563/12001 3292/3562/12002 3140/2858/12003 2937/2860/12004
f 2345/3558/12005 3292/3562/12006 2347/3563/12007 1973/3559/12008
f 2837/2692/12009 2342/3551/12010 3293/3564/12011 3080/2699/12012
f 2342/3551/12013 1975/3550/12014 2348/3565/12015 3293/3564/12016
f 3293/3564/12017 2348/3565/12018 1978/3566/12019 2349/3567/12020
f 3293/3564/12021 2349/3567/12022 2840/2700/12023 3080/2699/12024
f 1975/3550/12025 2344/3555/12026 3294/3568/12027 2348/3565/12028
f 2344/3555/12029 1974/3554/12030 2350/3569/12031 3294/3568/12032
f 3294/3568/12033 2350/3569/12034 1977/3570/12035 2351/3571/12036
f 2348/3565/12037 3294/3568/12038 2351/3571/12039 1978/3566/12040
f 1974/3561/12041 2346/3560/12042 3295/3572/12043 2350/3573/12044
f 2346/3560/12045 1973/3559/12046 2352/3574/12047 3295/3572/12048
f 3295/3572/12049 2352/3574/12050 1976/3575/12051 2353/3576/12052
f 2350/3573/12053 3295/3572/12054 2353/3576/12055 1977/3577/12056
f 1973/3559/12057 2347/3563/12058 3296/3578/12059 2352/3574/12060
f 3141/2862/12061 3296/3578/12062 2347/3563/12063 2937/2860/12064
f 2354/3579/12065 3296/3578/12066 3141/2862/12067 2939/2864/12068
f 2352/3574/12069 3296/3578/12070 2354/3579/12071 1976/3575/12072
f 2840/2700/12073 2349/3567/12074 3297/3580/12075 3082/2707/12076
f 2349/3567/12077 1978/3566/12078 2355/3581/12079 3297/3580/12080
f 3297/3580/12081 2355/3581/12082 1981/3582/12083 2356/3583/12084
f 3297/3580/12085 2356/3583/12086 2843/2708/12087 3082/2707/12088
f 1978/3566/12089 2351/3571/12090 3298/3584/12091 2355/3581/12092
f 2351/3571/12093 1977/3570/12094 2357/3585/12095 3298/3584/12096
f 3298/3584/12097 2357/3585/12098 1980/3586/12099 2358/3587/12100
f 2355/3581/12101 3298/3584/12102 2358/3587/12103 1981/3582/12104
f 1977/3577/12105 2353/3576/12106 3299/3588/12107 2357/3589/12108
f 2353/3576/12109 1976/3575/12110 2359/3590/12111 3299/3588/12112
f 3299/3588/12113 2359/3590/12114 1979/3591/12115 2360/3592/12116
f 2357/3589/12117 3299/3588/12118 2360/3592/12119 1980/3593/12120
f 1976/3575/12121 2354/3579/12122 3300/3594/12123 2359/3590/12124
f 3142/2866/12125 3300/3594/12126 2354/3579/12127 2939/2864/12128
f 2361/3595/12129 3300/3594/12130 3142/2866/12131 2941/2868/12132
f 2359/3590/12133 3300/3594/12134 2361/3595/12135 1979/3591/12136
f 2843/2708/12137 2356/3583/12138 3301/3596/12139 3084/2712/12140
f 2356/3583/12141 1981/3582/12142 2362/3597/12143 3301/3596/12144
f 3301/3596/12145 2362/3597/12146 1984/3285/12147 2226/3284/12148
f 3301/3596/12149 2226/3284/12150 2787/2558/12151 3084/2712/12152
f 1981/3582/12153 2358/3587/12154 3302/3598/12155 2362/3597/12156
f 2358/3587/12157 1980/3586/12158 2363/3599/12159 3302/3598/12160
f 3302/3598/12161 2363/3599/12162 1983/3291/12163 2229/3290/12164
f 2362/3597/12165 3302/3598/12166 2229/3290/12167 1984/3285/12168
f 1980/3593/12169 2360/3592/12170 3303/3600/12171 2363/3601/12172
f 2360/3592/12173 1979/3591/12174 2364/3602/12175 3303/3600/12176
f 3303/3600/12177 2364/3602/12178 1982/3296/12179 2235/3303/12180
f 2363/3601/12181 3303/3600/12182 2235/3303/12183 1983/3302/12184
f 1979/3591/12185 2361/3595/12186 3304/3603/12187 2364/3602/12188
f 3143/2870/12189 3304/3603/12190 2361/3595/12191 2941/2868/12192
f 2233/3297/12193 3304/3603/12194 3143/2870/12195 2943/2872/12196
f 2364/3602/12197 3304/3603/12198 2233/3297/12199 1982/3296/12200
f 2425/3604/12201 2365/3605/12202 3305/3606/12203 3345/3607/12204
f 2365/3605/12205 1985/3608/12206 2366/3609/12207 3305/3606/12208
f 3305/3606/12209 2366/3609/12210 2004/3610/12211 2367/3611/12212
f 3305/3606/12213 2367/3611/12214 2426/3612/12215 3345/3607/12216
f 1985/3613/12217 2368/2879/12218 3306/3271/12219 2366/3614/12220
f 2366/3614/12221 3306/3271/12222 2369/3254/12223 2004/3615/12224
f 2368/2879/12225 1985/3613/12226 2370/3616/12227 3307/2880/12228
f 3307/2880/12229 2370/3616/12230 1986/3617/12231 2371/2882/12232
f 1985/3608/12233 2365/3605/12234 3308/3618/12235 2370/3619/12236
f 3308/3618/12237 2365/3605/12238 2425/3604/12239 3349/3620/12240
f 2372/3621/12241 3308/3618/12242 3349/3620/12243 2437/3622/12244
f 2370/3619/12245 3308/3618/12246 2372/3621/12247 1986/3623/12248
f 2371/2882/12249 1986/3617/12250 2373/3624/12251 3309/2907/12252
f 3309/2907/12253 2373/3624/12254 1987/3625/12255 2374/2909/12256
f 1986/3623/12257 2372/3621/12258 3310/3626/12259 2373/3627/12260
f 3310/3626/12261 2372/3621/12262 2437/3622/12263 3353/3628/12264
f 2375/3629/12265 3310/3626/12266 3353/3628/12267 2444/3630/12268
f 2373/3627/12269 3310/3626/12270 2375/3629/12271 1987/3631/12272
f 2374/2909/12273 1987/3625/12274 2376/3632/12275 3311/2927/12276
f 3311/2927/12277 2376/3632/12278 1988/3633/12279 2377/2929/12280
f 1987/3631/12281 2375/3629/12282 3312/3634/12283 2376/3635/12284
f 3312/3634/12285 2375/3629/12286 2444/3630/12287 3357/3636/12288
f 2378/3637/12289 3312/3634/12290 3357/3636/12291 2451/3638/12292
f 2376/3635/12293 3312/3634/12294 2378/3637/12295 1988/3639/12296
f 2377/2929/12297 1988/3633/12298 2379/3640/12299 3313/2947/12300
f 3313/2947/12301 2379/3640/12302 1989/3641/12303 2380/2949/12304
f 1988/3639/12305 2378/3637/12306 3314/3642/12307 2379/3643/12308
f 3314/3642/12309 2378/3637/12310 2451/3638/12311 3361/3644/12312
f 2381/3645/12313 3314/3642/12314 3361/3644/12315 2458/3646/12316
f 2379/3643/12317 3314/3642/12318 2381/3645/12319 1989/3647/12320
f 2380/2949/12321 1989/3641/12322 2382/3648/12323 3315/2967/12324
f 3315/2967/12325 2382/3648/12326 1990/3649/12327 2383/2969/12328
f 1989/3650/12329 2381/3651/12330 3316/3652/12331 2382/3653/12332
f 3316/3652/12333 2381/3651/12334 2458/3654/12335 3365/3655/12336
f 2384/3656/12337 3316/3652/12338 3365/3655/12339 2465/3657/12340
f 2382/3653/12341 3316/3652/12342 2384/3656/12343 1990/3658/12344
f 2383/2969/12345 1990/3649/12346 2385/3659/12347 3317/2992/12348
f 3317/2992/12349 2385/3659/12350 1991/3660/12351 2386/2994/12352
f 1990/3658/12353 2384/3656/12354 3318/3661/12355 2385/3662/12356
f 3318/3661/12357 2384/3656/12358 2465/3657/12359 3369/3663/12360
f 2387/3664/12361 3318/3661/12362 3369/3663/12363 2472/3665/12364
f 2385/3662/12365 3318/3661/12366 2387/3664/12367 1991/3666/12368
f 2386/2994/12369 1991/3660/12370 2388/3667/12371 3319/3012/12372
f 3319/3012/12373 2388/3667/12374 1992/3668/12375 2389/3014/12376
f 1991/3666/12377 2387/3664/12378 3320/3669/12379 2388/3670/12380
f 3320/3669/12381 2387/3664/12382 2472/3665/12383 3373/3671/12384
f 2390/3672/12385 3320/3669/12386 3373/3671/12387 2479/3673/12388
f 2388/3670/12389 3320/3669/12390 2390/3672/12391 1992/3674/12392
f 2389/3014/12393 1992/3668/12394 2391/3675/12395 3321/3032/12396
f 3321/3032/12397 2391/3675/12398 1993/3676/12399 2392/3034/12400
f 1992/3674/12401 2390/3672/12402 3322/3677/12403 2391/3678/12404
f 3322/3677/12405 2390/3672/12406 2479/3673/12407 3377/3679/12408
f 2393/3680/12409 3322/3677/12410 3377/3679/12411 2486/3681/12412
f 2391/3678/12413 3322/3677/12414 2393/3680/12415 1993/3682/12416
f 2392/3034/12417 1993/3676/12418 2394/3683/12419 3323/3052/12420
f 3323/3052/12421 2394/3683/12422 1994/3684/12423 2395/3054/12424
f 1993/3682/12425 2393/3680/12426 3324/3685/12427 2394/3686/12428
f 3324/3685/12429 2393/3680/12430 2486/3681/12431 3381/3687/12432
f 2396/3688/12433 3324/3685/12434 3381/3687/12435 2493/3689/12436
f 2394/3686/12437 3324/3685/12438 2396/3688/12439 1994/3690/12440
f 2395/3054/12441 1994/3684/12442 2397/3691/12443 3325/3072/12444
f 3325/3072/12445 2397/3691/12446 1995/3692/12447 2398/3074/12448
f 1994/3690/12449 2396/3688/12450 3326/3693/12451 2397/3694/12452
f 3326/3693/12453 2396/3688/12454 2493/3689/12455 3385/3695/12456
f 2399/3696/12457 3326/3693/12458 3385/3695/12459 2500/3697/12460
f 2397/3694/12461 3326/3693/12462 2399/3696/12463 1995/3698/12464
f 2398/3074/12465 1995/3692/12466 2400/3699/12467 3327/3092/12468
f 3327/3092/12469 2400/3699/12470 1996/3700/12471 2401/3094/12472
f 1995/3698/12473 2399/3696/12474 3328/3701/12475 2400/3702/12476
f 3328/3701/12477 2399/3696/12478 2500/3697/12479 3389/3703/12480
f 2402/3704/12481 3328/3701/12482 3389/3703/12483 2507/3705/12484
f 2400/3702/12485 3328/3701/12486 2402/3704/12487 1996/3706/12488
f 2401/3094/12489 1996/3700/12490 2403/3707/12491 3329/3112/12492
f 3329/3112/12493 2403/3707/12494 1997/3708/12495 2404/3114/12496
f 1996/3706/12497 2402/3704/12498 3330/3709/12499 2403/3710/12500
f 3330/3709/12501 2402/3704/12502 2507/3705/12503 3393/3711/12504
f 2405/3712/12505 3330/3709/12506 3393/3711/12507 2514/3713/12508
f 2403/3710/12509 3330/3709/12510 2405/3712/12511 1997/3714/12512
f 2404/3114/12513 1997/3708/12514 2406/3715/12515 3331/3132/12516
f 3331/3132/12517 2406/3715/12518 1998/3716/12519 2407/3134/12520
f 1997/3714/12521 2405/3712/12522 3332/3717/12523 2406/3718/12524
f 3332/3717/12525 2405/3712/12526 2514/3713/12527 3397/3719/12528
f 2408/3720/12529 3332/3717/12530 3397/3719/12531 2521/3721/12532
f 2406/3718/12533 3332/3717/12534 2408/3720/12535 1998/3722/12536
f 2407/3134/12537 1998/3716/12538 2409/3723/12539 3333/3152/12540
f 3333/3152/12541 2409/3723/12542 1999/3724/12543 2410/3154/12544
f 1998/3722/12545 2408/3720/12546 3334/3725/12547 2409/3726/12548
f 3334/3725/12549 2408/3720/12550 2521/3721/12551 3401/3727/12552
f 2411/3728/12553 3334/3725/12554 3401/3727/12555 2528/3729/12556
f 2409/3726/12557 3334/3725/12558 2411/3728/12559 1999/3730/12560
f 2410/3154/12561 1999/3724/12562 2412/3731/12563 3335/3172/12564
f 3335/3172/12565 2412/3731/12566 2000/3732/12567 2413/3174/12568
f 1999/3730/12569 2411/3728/12570 3336/3733/12571 2412/3734/12572
f 3336/3733/12573 2411/3728/12574 2528/3729/12575 3405/3735/12576
f 2414/3736/12577 3336/3733/12578 3405/3735/12579 2535/3737/12580
f 2412/3734/12581 3336/3733/12582 2414/3736/12583 2000/3738/12584
f 2413/3174/12585 2000/3732/12586 2415/3739/12587 3337/3192/12588
f 3337/3192/12589 2415/3739/12590 2001/3740/12591 2416/3194/12592
f 2000/3738/12593 2414/3736/12594 3338/3741/12595 2415/3742/12596
f 3338/3741/12597 2414/3736/12598 2535/3737/12599 3409/3743/12600
f 2417/3744/12601 3338/3741/12602 3409/3743/12603 2542/3745/12604
f 2415/3742/12605 3338/3741/12606 2417/3744/12607 2001/3746/12608
f 2416/3194/12609 2001/3740/12610 2418/3747/12611 3339/3212/12612
f 3339/3212/12613 2418/3747/12614 2002/3748/12615 2419/3214/12616
f 2001/3746/12617 2417/3744/12618 3340/3749/12619 2418/3750/12620
f 3340/3749/12621 2417/3744/12622 2542/3745/12623 3413/3751/12624
f 2420/3752/12625 3340/3749/12626 3413/3751/12627 2549/3753/12628
f 2418/3750/12629 3340/3749/12630 2420/3752/12631 2002/3754/12632
f 2419/3214/12633 2002/3748/12634 2421/3755/12635 3341/3232/12636
f 3341/3232/12637 2421/3755/12638 2003/3756/12639 2422/3234/12640
f 2002/3754/12641 2420/3752/12642 3342/3757/12643 2421/3758/12644
f 3342/3757/12645 2420/3752/12646 2549/3753/12647 3417/3759/12648
f 2423/3760/12649 3342/3757/12650 3417/3759/12651 2556/3761/12652
f 2421/3758/12653 3342/3757/12654 2423/3760/12655 2003/3762/12656
f 2422/3234/12657 2003/3756/12658 2424/3763/12659 3343/3252/12660
f 3343/3252/12661 2424/3763/12662 2004/3615/12663 2369/3254/12664
f 2003/3762/12665 2423/3760/12666 3344/3764/12667 2424/3765/12668
f 3344/3764/12669 2423/3760/12670 2556/3761/12671 3421/3766/12672
f 2367/3611/12673 3344/3764/12674 3421/3766/12675 2426/3612/12676
f 2424/3765/12677 3344/3764/12678 2367/3611/12679 2004/3610/12680
f 2007/3767/12681 2425/3604/12682 3345/3607/12683 2427/3768/12684
f 2427/3768/12685 3345/3607/12686 2426/3612/12687 2064/3769/12688
f 2006/3770/12689 2428/3771/12690 3346/3772/12691 2430/3773/12692
f 2428/3771/12693 2007/3767/12694 2427/3768/12695 3346/3772/12696
f 3346/3772/12697 2427/3768/12698 2064/3769/12699 2429/3774/12700
f 2430/3773/12701 3346/3772/12702 2429/3774/12703 2063/3775/12704
f 2431/3776/12705 3347/3777/12706 1723/3778/12707
f 2431/3776/12708 2005/3779/12709 2432/3780/12710 3347/3777/12711
f 3347/3777/12712 2432/3780/12713 2062/3781/12714 2433/3782/12715
f 1723/3778/12716 3347/3777/12717 2433/3782/12718
f 2005/3779/12719 2434/3783/12720 3348/3784/12721 2432/3780/12722
f 2434/3783/12723 2006/3785/12724 2430/3786/12725 3348/3784/12726
f 3348/3784/12727 2430/3786/12728 2063/3787/12729 2435/3788/12730
f 2432/3780/12731 3348/3784/12732 2435/3788/12733 2062/3781/12734
f 2425/3604/12735 2007/3767/12736 2436/3789/12737 3349/3620/12738
f 3349/3620/12739 2436/3789/12740 2010/3790/12741 2437/3622/12742
f 2007/3767/12743 2428/3771/12744 3350/3791/12745 2436/3789/12746
f 2428/3771/12747 2006/3770/12748 2438/3792/12749 3350/3791/12750
f 3350/3791/12751 2438/3792/12752 2009/3793/12753 2439/3794/12754
f 2436/3789/12755 3350/3791/12756 2439/3794/12757 2010/3790/12758
f 2006/3785/12759 2434/3783/12760 3351/3795/12761 2438/3796/12762
f 2434/3783/12763 2005/3779/12764 2440/3797/12765 3351/3795/12766
f 3351/3795/12767 2440/3797/12768 2008/3798/12769 2441/3799/12770
f 2438/3796/12771 3351/3795/12772 2441/3799/12773 2009/3800/12774
f 2005/3779/12775 2431/3776/12776 3352/3801/12777 2440/3797/12778
f 1723/3778/12779 3352/3801/12780 2431/3776/12781
f 2442/3802/12782 3352/3801/12783 1723/3778/12784
f 2440/3797/12785 3352/3801/12786 2442/3802/12787 2008/3798/12788
f 2437/3622/12789 2010/3790/12790 2443/3803/12791 3353/3628/12792
f 3353/3628/12793 2443/3803/12794 2013/3804/12795 2444/3630/12796
f 2010/3790/12797 2439/3794/12798 3354/3805/12799 2443/3803/12800
f 2439/3794/12801 2009/3793/12802 2445/3806/12803 3354/3805/12804
f 3354/3805/12805 2445/3806/12806 2012/3807/12807 2446/3808/12808
f 2443/3803/12809 3354/3805/12810 2446/3808/12811 2013/3804/12812
f 2009/3800/12813 2441/3799/12814 3355/3809/12815 2445/3810/12816
f 2441/3799/12817 2008/3798/12818 2447/3811/12819 3355/3809/12820
f 3355/3809/12821 2447/3811/12822 2011/3812/12823 2448/3813/12824
f 2445/3810/12825 3355/3809/12826 2448/3813/12827 2012/3814/12828
f 2008/3798/12829 2442/3802/12830 3356/3815/12831 2447/3811/12832
f 1723/3778/12833 3356/3815/12834 2442/3802/12835
f 2449/3816/12836 3356/3815/12837 1723/3778/12838
f 2447/3811/12839 3356/3815/12840 2449/3816/12841 2011/3812/12842
f 2444/3630/12843 2013/3804/12844 2450/3817/12845 3357/3636/12846
f 3357/3636/12847 2450/3817/12848 2016/3818/12849 2451/3638/12850
f 2013/3804/12851 2446/3808/12852 3358/3819/12853 2450/3817/12854
f 2446/3808/12855 2012/3807/12856 2452/3820/12857 3358/3819/12858
f 3358/3819/12859 2452/3820/12860 2015/3821/12861 2453/3822/12862
f 2450/3817/12863 3358/3819/12864 2453/3822/12865 2016/3818/12866
f 2012/3814/12867 2448/3813/12868 3359/3823/12869 2452/3824/12870
f 2448/3813/12871 2011/3812/12872 2454/3825/12873 3359/3823/12874
f 3359/3823/12875 2454/3825/12876 2014/3826/12877 2455/3827/12878
f 2452/3824/12879 3359/3823/12880 2455/3827/12881 2015/3828/12882
f 2011/3812/12883 2449/3816/12884 3360/3829/12885 2454/3825/12886
f 1723/3778/12887 3360/3829/12888 2449/3816/12889
f 2456/3830/12890 3360/3829/12891 1723/3778/12892
f 2454/3825/12893 3360/3829/12894 2456/3830/12895 2014/3826/12896
f 2451/3638/12897 2016/3818/12898 2457/3831/12899 3361/3644/12900
f 3361/3644/12901 2457/3831/12902 2019/3832/12903 2458/3646/12904
f 2016/3818/12905 2453/3822/12906 3362/3833/12907 2457/3831/12908
f 2453/3822/12909 2015/3821/12910 2459/3834/12911 3362/3833/12912
f 3362/3833/12913 2459/3834/12914 2018/3835/12915 2460/3836/12916
f 2457/3831/12917 3362/3833/12918 2460/3836/12919 2019/3832/12920
f 2015/3828/12921 2455/3827/12922 3363/3837/12923 2459/3838/12924
f 2455/3827/12925 2014/3826/12926 2461/3839/12927 3363/3837/12928
f 3363/3837/12929 2461/3839/12930 2017/3840/12931 2462/3841/12932
f 2459/3838/12933 3363/3837/12934 2462/3841/12935 2018/3842/12936
f 2014/3826/12937 2456/3830/12938 3364/3843/12939 2461/3839/12940
f 1723/3778/12941 3364/3843/12942 2456/3830/12943
f 2463/3844/12944 3364/3843/12945 1723/3778/12946
f 2461/3839/12947 3364/3843/12948 2463/3844/12949 2017/3840/12950
f 2458/3654/12951 2019/3845/12952 2464/3846/12953 3365/3655/12954
f 3365/3655/12955 2464/3846/12956 2022/3847/12957 2465/3657/12958
f 2019/3845/12959 2460/3848/12960 3366/3849/12961 2464/3846/12962
f 2460/3848/12963 2018/3850/12964 2466/3851/12965 3366/3849/12966
f 3366/3849/12967 2466/3851/12968 2021/3852/12969 2467/3853/12970
f 2464/3846/12971 3366/3849/12972 2467/3853/12973 2022/3847/12974
f 2018/3842/12975 2462/3841/12976 3367/3854/12977 2466/3855/12978
f 2462/3841/12979 2017/3840/12980 2468/3856/12981 3367/3854/12982
f 3367/3854/12983 2468/3856/12984 2020/3857/12985 2469/3858/12986
f 2466/3855/12987 3367/3854/12988 2469/3858/12989 2021/3859/12990
f 2017/3840/12991 2463/3844/12992 3368/3860/12993 2468/3856/12994
f 1723/3778/12995 3368/3860/12996 2463/3844/12997
f 2470/3861/12998 3368/3860/12999 1723/3778/13000
f 2468/3856/13001 3368/3860/13002 2470/3861/13003 2020/3857/13004
f 2465/3657/13005 2022/3847/13006 2471/3862/13007 3369/3663/13008
f 3369/3663/13009 2471/3862/13010 2025/3863/13011 2472/3665/13012
f 2022/3847/13013 2467/3853/13014 3370/3864/13015 2471/3862/13016
f 2467/3853/13017 2021/3852/13018 2473/3865/13019 3370/3864/13020
f 3370/3864/13021 2473/3865/13022 2024/3866/13023 2474/3867/13024
f 2471/3862/13025 3370/3864/13026 2474/3867/13027 2025/3863/13028
f 2021/3859/13029 2469/3858/13030 3371/3868/13031 2473/3869/13032
f 2469/3858/13033 2020/3857/13034 2475/3870/13035 3371/3868/13036
f 3371/3868/13037 2475/3870/13038 2023/3871/13039 2476/3872/13040
f 2473/3869/13041 3371/3868/13042 2476/3872/13043 2024/3873/13044
f 2020/3857/13045 2470/3861/13046 3372/3874/13047 2475/3870/13048
f 1723/3778/13049 3372/3874/13050 2470/3861/13051
f 2477/3875/13052 3372/3874/13053 1723/3778/13054
f 2475/3870/13055 3372/3874/13056 2477/3875/13057 2023/3871/13058
f 2472/3665/13059 2025/3863/13060 2478/3876/13061 3373/3671/13062
f 3373/3671/13063 2478/3876/13064 2028/3877/13065 2479/3673/13066
f 2025/3863/13067 2474/3867/13068 3374/3878/13069 2478/3876/13070
f 2474/3867/13071 2024/3866/13072 2480/3879/13073 3374/3878/13074
f 3374/3878/13075 2480/3879/13076 2027/3880/13077 2481/3881/13078
f 2478/3876/13079 3374/3878/13080 2481/3881/13081 2028/3877/13082
f 2024/3873/13083 2476/3872/13084 3375/3882/13085 2480/3883/13086
f 2476/3872/13087 2023/3871/13088 2482/3884/13089 3375/3882/13090
f 3375/3882/13091 2482/3884/13092 2026/3885/13093 2483/3886/13094
f 2480/3883/13095 3375/3882/13096 2483/3886/13097 2027/3887/13098
f 2023/3871/13099 2477/3875/13100 3376/3888/13101 2482/3884/13102
f 1723/3778/13103 3376/3888/13104 2477/3875/13105
f 2484/3889/13106 3376/3888/13107 1723/3778/13108
f 2482/3884/13109 3376/3888/13110 2484/3889/13111 2026/3885/13112
f 2479/3673/13113 2028/3877/13114 2485/3890/13115 3377/3679/13116
f 3377/3679/13117 2485/3890/13118 2031/3891/13119 2486/3681/13120
f 2028/3877/13121 2481/3881/13122 3378/3892/13123 2485/3890/13124
f 2481/3881/13125 2027/3880/13126 2487/3893/13127 3378/3892/13128
f 3378/3892/13129 2487/3893/13130 2030/3894/13131 2488/3895/13132
f 2485/3890/13133 3378/3892/13134 2488/3895/13135 2031/3891/13136
f 2027/3887/13137 2483/3886/13138 3379/3896/13139 2487/3897/13140
f 2483/3886/13141 2026/3885/13142 2489/3898/13143 3379/3896/13144
f 3379/3896/13145 2489/3898/13146 2029/3899/13147 2490/3900/13148
f 2487/3897/13149 3379/3896/13150 2490/3900/13151 2030/3901/13152
f 2026/3885/13153 2484/3889/13154 3380/3902/13155 2489/3898/13156
f 1723/3778/13157 3380/3902/13158 2484/3889/13159
f 2491/3903/13160 3380/3902/13161 1723/3778/13162
f 2489/3898/13163 3380/3902/13164 2491/3903/13165 2029/3899/13166
f 2486/3681/13167 2031/3891/13168 2492/3904/13169 3381/3687/13170
f 3381/3687/13171 2492/3904/13172 2034/3905/13173 2493/3689/13174
f 2031/3891/13175 2488/3895/13176 3382/3906/13177 2492/3904/13178
f 2488/3895/13179 2030/3894/13180 2494/3907/13181 3382/3906/13182
f 3382/3906/13183 2494/3907/13184 2033/3908/13185 2495/3909/13186
f 2492/3904/13187 3382/3906/13188 2495/3909/13189 2034/3905/13190
f 2030/3901/13191 2490/3900/13192 3383/3910/13193 2494/3911/13194
f 2490/3900/13195 2029/3899/13196 2496/3912/13197 3383/3910/13198
f 3383/3910/13199 2496/3912/13200 2032/3913/13201 2497/3914/13202
f 2494/3911/13203 3383/3910/13204 2497/3914/13205 2033/3915/13206
f 2029/3899/13207 2491/3903/13208 3384/3916/13209 2496/3912/13210
f 1723/3778/13211 3384/3916/13212 2491/3903/13213
f 2498/3917/13214 3384/3916/13215 1723/3778/13216
f 2496/3912/13217 3384/3916/13218 2498/3917/13219 2032/3913/13220
f 2493/3689/13221 2034/3905/13222 2499/3918/13223 3385/3695/13224
f 3385/3695/13225 2499/3918/13226 2037/3919/13227 2500/3697/13228
f 2034/3905/13229 2495/3909/13230 3386/3920/13231 2499/3918/13232
f 2495/3909/13233 2033/3908/13234 2501/3921/13235 3386/3920/13236
f 3386/3920/13237 2501/3921/13238 2036/3922/13239 2502/3923/13240
f 2499/3918/13241 3386/3920/13242 2502/3923/13243 2037/3919/13244
f 2033/3915/13245 2497/3914/13246 3387/3924/13247 2501/3925/13248
f 2497/3914/13249 2032/3913/13250 2503/3926/13251 3387/3924/13252
f 3387/3924/13253 2503/3926/13254 2035/3927/13255 2504/3928/13256
f 2501/3925/13257 3387/3924/13258 2504/3928/13259 2036/3929/13260
f 2032/3913/13261 2498/3917/13262 3388/3930/13263 2503/3926/13264
f 1723/3778/13265 3388/3930/13266 2498/3917/13267
f 2505/3931/13268 3388/3930/13269 1723/3778/13270
f 2503/3926/13271 3388/3930/13272 2505/3931/13273 2035/3927/13274
f 2500/3697/13275 2037/3919/13276 2506/3932/13277 3389/3703/13278
f 3389/3703/13279 2506/3932/13280 2040/3933/13281 2507/3705/13282
f 2037/3919/13283 2502/3923/13284 3390/3934/13285 2506/3932/13286
f 2502/3923/13287 2036/3922/13288 2508/3935/13289 3390/3934/13290
f 3390/3934/13291 2508/3935/13292 2039/3936/13293 2509/3937/13294
f 2506/3932/13295 3390/3934/13296 2509/3937/13297 2040/3933/13298
f 2036/3929/13299 2504/3928/13300 3391/3938/13301 2508/3939/13302
f 2504/3928/13303 2035/3927/13304 2510/3940/13305 3391/3938/13306
f 3391/3938/13307 2510/3940/13308 2038/3941/13309 2511/3942/13310
f 2508/3939/13311 3391/3938/13312 2511/3942/13313 2039/3943/13314
f 2035/3927/13315 2505/3931/13316 3392/3944/13317 2510/3940/13318
f 1723/3778/13319 3392/3944/13320 2505/3931/13321
f 2512/3945/13322 3392/3944/13323 1723/3778/13324
f 2510/3940/13325 3392/3944/13326 2512/3945/13327 2038/3941/13328
f 2507/3705/13329 2040/3933/13330 2513/3946/13331 3393/3711/13332
f 3393/3711/13333 2513/3946/13334 2043/3947/13335 2514/3713/13336
f 2040/3933/13337 2509/3937/13338 3394/3948/13339 2513/3946/13340
f 2509/3937/13341 2039/3936/13342 2515/3949/13343 3394/3948/13344
f 3394/3948/13345 2515/3949/13346 2042/3950/13347 2516/3951/13348
f 2513/3946/13349 3394/3948/13350 2516/3951/13351 2043/3947/13352
f 2039/3943/13353 2511/3942/13354 3395/3952/13355 2515/3953/13356
f 2511/3942/13357 2038/3941/13358 2517/3954/13359 3395/3952/13360
f 3395/3952/13361 2517/3954/13362 2041/3955/13363 2518/3956/13364
f 2515/3953/13365 3395/3952/13366 2518/3956/13367 2042/3957/13368
f 2038/3941/13369 2512/3945/13370 3396/3958/13371 2517/3954/13372
f 1723/3778/13373 3396/3958/13374 2512/3945/13375
f 2519/3959/13376 3396/3958/13377 1723/3778/13378
f 2517/3954/13379 3396/3958/13380 2519/3959/13381 2041/3955/13382
f 2514/3713/13383 2043/3947/13384 2520/3960/13385 3397/3719/13386
f 3397/3719/13387 2520/3960/13388 2046/3961/13389 2521/3721/13390
f 2043/3947/13391 2516/3951/13392 3398/3962/13393 2520/3960/13394
f 2516/3951/13395 2042/3950/13396 2522/3963/13397 3398/3962/13398
f 3398/3962/13399 2522/3963/13400 2045/3964/13401 2523/3965/13402
f 2520/3960/13403 3398/3962/13404 2523/3965/13405 2046/3961/13406
f 2042/3957/13407 2518/3956/13408 3399/3966/13409 2522/3967/13410
f 2518/3956/13411 2041/3955/13412 2524/3968/13413 3399/3966/13414
f 3399/3966/13415 2524/3968/13416 2044/3969/13417 2525/3970/13418
f 2522/3967/13419 3399/3966/13420 2525/3970/13421 2045/3971/13422
f 2041/3955/13423 2519/3959/13424 3400/3972/13425 2524/3968/13426
f 1723/3778/13427 3400/3972/13428 2519/3959/13429
f 2526/3973/13430 3400/3972/13431 1723/3778/13432
f 2524/3968/13433 3400/3972/13434 2526/3973/13435 2044/3969/13436
f 2521/3721/13437 2046/3961/13438 2527/3974/13439 3401/3727/13440
f 3401/3727/13441 2527/3974/13442 2049/3975/13443 2528/3729/13444
f 2046/3961/13445 2523/3965/13446 3402/3976/13447 2527/3974/13448
f 2523/3965/13449 2045/3964/13450 2529/3977/13451 3402/3976/13452
f 3402/3976/13453 2529/3977/13454 2048/3978/13455 2530/3979/13456
f 2527/3974/13457 3402/3976/13458 2530/3979/13459 2049/3975/13460
f 2045/3971/13461 2525/3970/13462 3403/3980/13463 2529/3981/13464
f 2525/3970/13465 2044/3969/13466 2531/3982/13467 3403/3980/13468
f 3403/3980/13469 2531/3982/13470 2047/3983/13471 2532/3984/13472
f 2529/3981/13473 3403/3980/13474 2532/3984/13475 2048/3985/13476
f 2044/3969/13477 2526/3973/13478 3404/3986/13479 2531/3982/13480
f 1723/3778/13481 3404/3986/13482 2526/3973/13483
f 2533/3987/13484 3404/3986/13485 1723/3778/13486
f 2531/3982/13487 3404/3986/13488 2533/3987/13489 2047/3983/13490
f 2528/3729/13491 2049/3975/13492 2534/3988/13493 3405/3735/13494
f 3405/3735/13495 2534/3988/13496 2052/3989/13497 2535/3737/13498
f 2049/3975/13499 2530/3979/13500 3406/3990/13501 2534/3988/13502
f 2530/3979/13503 2048/3978/13504 2536/3991/13505 3406/3990/13506
f 3406/3990/13507 2536/3991/13508 2051/3992/13509 2537/3993/13510
f 2534/3988/13511 3406/3990/13512 2537/3993/13513 2052/3989/13514
f 2048/3985/13515 2532/3984/13516 3407/3994/13517 2536/3995/13518
f 2532/3984/13519 2047/3983/13520 2538/3996/13521 3407/3994/13522
f 3407/3994/13523 2538/3996/13524 2050/3997/13525 2539/3998/13526
f 2536/3995/13527 3407/3994/13528 2539/3998/13529 2051/3999/13530
f 2047/3983/13531 2533/3987/13532 3408/4000/13533 2538/3996/13534
f 1723/3778/13535 3408/4000/13536 2533/3987/13537
f 2540/4001/13538 3408/4000/13539 1723/3778/13540
f 2538/3996/13541 3408/4000/13542 2540/4001/13543 2050/3997/13544
f 2535/3737/13545 2052/3989/13546 2541/4002/13547 3409/3743/13548
f 3409/3743/13549 2541/4002/13550 2055/4003/13551 2542/3745/13552
f 2052/3989/13553 2537/3993/13554 3410/4004/13555 2541/4002/13556
f 2537/3993/13557 2051/3992/13558 2543/4005/13559 3410/4004/13560
f 3410/4004/13561 2543/4005/13562 2054/4006/13563 2544/4007/13564
f 2541/4002/13565 3410/4004/13566 2544/4007/13567 2055/4003/13568
f 2051/3999/13569 2539/3998/13570 3411/4008/13571 2543/4009/13572
f 2539/3998/13573 2050/3997/13574 2545/4010/13575 3411/4008/13576
f 3411/4008/13577 2545/4010/13578 2053/4011/13579 2546/4012/13580
f 2543/4009/13581 3411/4008/13582 2546/4012/13583 2054/4013/13584
f 2050/3997/13585 2540/4001/13586 3412/4014/13587 2545/4010/13588
f 1723/3778/13589 3412/4014/13590 2540/4001/13591
f 2547/4015/13592 3412/4014/13593 1723/3778/13594
f 2545/4010/13595 3412/4014/13596 2547/4015/13597 2053/4011/13598
f 2542/3745/13599 2055/4003/13600 2548/4016/13601 3413/3751/13602
f 3413/3751/13603 2548/4016/13604 2058/4017/13605 2549/3753/13606
f 2055/4003/13607 2544/4007/13608 3414/4018/13609 2548/4016/13610
f 2544/4007/13611 2054/4006/13612 2550/4019/13613 3414/4018/13614
f 3414/4018/13615 2550/4019/13616 2057/4020/13617 2551/4021/13618
f 2548/4016/13619 3414/4018/13620 2551/4021/13621 2058/4017/13622
f 2054/4013/13623 2546/4012/13624 3415/4022/13625 2550/4023/13626
f 2546/4012/13627 2053/4011/13628 2552/4024/13629 3415/4022/13630
f 3415/4022/13631 2552/4024/13632 2056/4025/13633 2553/4026/13634
f 2550/4023/13635 3415/4022/13636 2553/4026/13637 2057/4027/13638
f 2053/4011/13639 2547/4015/13640 3416/4028/13641 2552/4024/13642
f 1723/3778/13643 3416/4028/13644 2547/4015/13645
f 2554/4029/13646 3416/4028/13647 1723/3778/13648
f 2552/4024/13649 3416/4028/13650 2554/4029/13651 2056/4025/13652
f 2549/3753/13653 2058/4017/13654 2555/4030/13655 3417/3759/13656
f 3417/3759/13657 2555/4030/13658 2061/4031/13659 2556/3761/13660
f 2058/4017/13661 2551/4021/13662 3418/4032/13663 2555/4030/13664
f 2551/4021/13665 2057/4020/13666 2557/4033/13667 3418/4032/13668
f 3418/4032/13669 2557/4033/13670 2060/4034/13671 2558/4035/13672
f 2555/4030/13673 3418/4032/13674 2558/4035/13675 2061/4031/13676
f 2057/4027/13677 2553/4026/13678 3419/4036/13679 2557/4037/13680
f 2553/4026/13681 2056/4025/13682 2559/4038/13683 3419/4036/13684
f 3419/4036/13685 2559/4038/13686 2059/4039/13687 2560/4040/13688
f 2557/4037/13689 3419/4036/13690 2560/4040/13691 2060/4041/13692
f 2056/4025/13693 2554/4029/13694 3420/4042/13695 2559/4038/13696
f 1723/3778/13697 3420/4042/13698 2554/4029/13699
f 2561/4043/13700 3420/4042/13701 1723/3778/13702
f 2559/4038/13703 3420/4042/13704 2561/4043/13705 2059/4039/13706
f 2556/3761/13707 2061/4031/13708 2562/4044/13709 3421/3766/13710
f 3421/3766/13711 2562/4044/13712 2064/3769/13713 2426/3612/13714
f 2061/4031/13715 2558/4035/13716 3422/4045/13717 2562/4044/13718
f 2558/4035/13719 2060/4034/13720 2563/4046/13721 3422/4045/13722
f 3422/4045/13723 2563/4046/13724 2063/3775/13725 2429/3774/13726
f 2562/4044/13727 3422/4045/13728 2429/3774/13729 2064/3769/13730
f 2060/4041/13731 2560/4040/13732 3423/4047/13733 2563/4048/13734
f 2560/4040/13735 2059/4039/13736 2564/4049/13737 3423/4047/13738
f 3423/4047/13739 2564/4049/13740 2062/3781/13741 2435/3788/13742
f 2563/4048/13743 3423/4047/13744 2435/3788/13745 2063/3787/13746
f 2059/4039/13747 2561/4043/13748 3424/4050/13749 2564/4049/13750
f 1723/3778/13751 3424/4050/13752 2561/4043/13753
f 2433/3782/13754 3424/4050/13755 1723/3778/13756
f 2564/4049/13757 3424/4050/13758 2433/3782/13759 2062/3781/13760
f 3425/2892/13761 2565/2898/13762 2066/2797/13763 2905/2794/13764
f 2566/2893/13765 3425/2892/13766 2905/2794/13767 2065/2793/13768
f 3426/2916/13769 2567/2920/13770 2067/2801/13771 2908/2799/13772
f 2565/2898/13773 3426/2916/13774 2908/2799/13775 2066/2797/13776
f 3427/2936/13777 2568/2940/13778 2068/2805/13779 2910/2803/13780
f 2567/2920/13781 3427/2936/13782 2910/2803/13783 2067/2801/13784
f 3428/2956/13785 2569/2960/13786 2069/2809/13787 2912/2807/13788
f 2568/2940/13789 3428/2956/13790 2912/2807/13791 2068/2805/13792
f 3429/2977/13793 2570/2983/13794 2070/2815/13795 2914/2812/13796
f 2569/2978/13797 3429/2977/13798 2914/2812/13799 2069/2811/13800
f 3430/3001/13801 2571/3005/13802 2071/2819/13803 2916/2817/13804
f 2570/2983/13805 3430/3001/13806 2916/2817/13807 2070/2815/13808
f 3431/3021/13809 2572/3025/13810 2072/2823/13811 2918/2821/13812
f 2571/3005/13813 3431/3021/13814 2918/2821/13815 2071/2819/13816
f 3432/3041/13817 2573/3045/13818 2073/2827/13819 2920/2825/13820
f 2572/3025/13821 3432/3041/13822 2920/2825/13823 2072/2823/13824
f 3433/3061/13825 2574/3065/13826 2074/2831/13827 2922/2829/13828
f 2573/3045/13829 3433/3061/13830 2922/2829/13831 2073/2827/13832
f 3434/3081/13833 2575/3085/13834 2075/2835/13835 2924/2833/13836
f 2574/3065/13837 3434/3081/13838 2924/2833/13839 2074/2831/13840
f 3435/3101/13841 2576/3105/13842 2076/2839/13843 2926/2837/13844
f 2575/3085/13845 3435/3101/13846 2926/2837/13847 2075/2835/13848
f 3436/3121/13849 2577/3125/13850 2077/2843/13851 2928/2841/13852
f 2576/3105/13853 3436/3121/13854 2928/2841/13855 2076/2839/13856
f 3437/3141/13857 2578/3145/13858 2078/2847/13859 2930/2845/13860
f 2577/3125/13861 3437/3141/13862 2930/2845/13863 2077/2843/13864
f 3438/3161/13865 2579/3165/13866 2079/2851/13867 2932/2849/13868
f 2578/3145/13869 3438/3161/13870 2932/2849/13871 2078/2847/13872
f 3439/3181/13873 2580/3185/13874 2080/2855/13875 2934/2853/13876
f 2579/3165/13877 3439/3181/13878 2934/2853/13879 2079/2851/13880
f 3440/3201/13881 2581/3205/13882 2081/2859/13883 2936/2857/13884
f 2580/3185/13885 3440/3201/13886 2936/2857/13887 2080/2855/13888
f 3441/3221/13889 2582/3225/13890 2082/2863/13891 2938/2861/13892
f 2581/3205/13893 3441/3221/13894 2938/2861/13895 2081/2859/13896
f 3442/3241/13897 2583/3245/13898 2083/2867/13899 2940/2865/13900
f 2582/3225/13901 3442/3241/13902 2940/2865/13903 2082/2863/13904
f 3443/3261/13905 2584/3265/13906 2084/2871/13907 2942/2869/13908
f 2583/3245/13909 3443/3261/13910 2942/2869/13911 2083/2867/13912
f 3444/3279/13913 2566/2893/13914 2065/2793/13915 2944/2873/13916
f 2584/3265/13917 3444/3279/13918 2944/2873/13919 2084/2871/13920
